aws,aws_dynamo_reads,false,200,1596278745988,1596278746387,399
aws,aws_dynamo_reads,false,200,1596278746388,1596278746658,270
aws,aws_dynamo_reads,false,200,1596278746658,1596278746853,195
aws,aws_dynamo_reads,false,200,1596278746853,1596278746995,142
aws,aws_dynamo_reads,false,200,1596278746996,1596278747136,140
aws,aws_dynamo_reads,false,200,1596278747136,1596278747300,164
aws,aws_dynamo_reads,false,200,1596278747300,1596278747468,168
aws,aws_dynamo_reads,false,200,1596278747468,1596278747677,209
aws,aws_dynamo_reads,false,200,1596278747677,1596278747860,183
aws,aws_dynamo_reads,false,200,1596278747860,1596278748029,169
aws,aws_dynamo_reads,false,200,1596278748029,1596278748210,181
aws,aws_dynamo_reads,false,200,1596278748210,1596278748395,185
aws,aws_dynamo_reads,false,200,1596278748395,1596278748555,160
aws,aws_dynamo_reads,false,200,1596278748555,1596278748732,177
aws,aws_dynamo_reads,false,200,1596278748733,1596278748881,148
aws,aws_dynamo_reads,false,200,1596278748882,1596278749044,162
aws,aws_dynamo_reads,false,200,1596278749045,1596278749203,158
aws,aws_dynamo_reads,false,200,1596278749204,1596278749376,172
aws,aws_dynamo_reads,false,200,1596278749376,1596278749507,131
aws,aws_dynamo_reads,false,200,1596278749507,1596278749695,188
aws,aws_dynamo_reads,false,200,1596278749695,1596278749856,161
aws,aws_dynamo_reads,false,200,1596278749857,1596278750037,180
aws,aws_dynamo_reads,false,200,1596278750037,1596278750232,195
aws,aws_dynamo_reads,false,200,1596278750233,1596278750369,136
aws,aws_dynamo_reads,false,200,1596278750370,1596278750519,149
aws,aws_dynamo_reads,false,200,1596278750519,1596278750706,187
aws,aws_dynamo_reads,false,200,1596278750706,1596278750852,146
aws,aws_dynamo_reads,false,200,1596278750852,1596278750991,139
aws,aws_dynamo_reads,false,200,1596278750991,1596278751210,219
aws,aws_dynamo_reads,false,200,1596278751210,1596278751388,178
aws,aws_dynamo_reads,false,200,1596278751388,1596278751561,173
aws,aws_dynamo_reads,false,200,1596278751561,1596278752049,488
aws,aws_dynamo_reads,false,200,1596278752049,1596278752202,153
aws,aws_dynamo_reads,false,200,1596278752203,1596278752348,145
aws,aws_dynamo_reads,false,200,1596278752349,1596278752518,169
aws,aws_dynamo_reads,false,200,1596278752519,1596278752664,145
aws,aws_dynamo_reads,false,200,1596278752664,1596278752840,176
aws,aws_dynamo_reads,false,200,1596278752841,1596278753019,178
aws,aws_dynamo_reads,false,200,1596278753020,1596278753269,249
aws,aws_dynamo_reads,false,200,1596278753269,1596278753412,143
aws,aws_dynamo_reads,false,200,1596278753412,1596278753575,163
aws,aws_dynamo_reads,false,200,1596278753576,1596278753742,166
aws,aws_dynamo_reads,false,200,1596278753742,1596278753932,190
aws,aws_dynamo_reads,false,200,1596278753932,1596278754078,146
aws,aws_dynamo_reads,false,200,1596278754078,1596278754226,148
aws,aws_dynamo_reads,false,200,1596278754226,1596278754378,152
aws,aws_dynamo_reads,false,200,1596278754378,1596278754531,153
aws,aws_dynamo_reads,false,200,1596278754531,1596278754693,162
aws,aws_dynamo_reads,false,200,1596278754694,1596278754850,156
aws,aws_dynamo_reads,false,200,1596278754850,1596278755007,157
aws,aws_dynamo_reads,false,200,1596278822085,1596278822385,300
aws,aws_dynamo_reads,false,200,1596278822385,1596278822558,173
aws,aws_dynamo_reads,false,200,1596278822558,1596278822731,173
aws,aws_dynamo_reads,false,200,1596278822732,1596278822900,168
aws,aws_dynamo_reads,false,200,1596278822901,1596278823064,163
aws,aws_dynamo_reads,false,200,1596278823064,1596278823248,184
aws,aws_dynamo_reads,false,200,1596278823248,1596278823390,142
aws,aws_dynamo_reads,false,200,1596278823390,1596278823560,170
aws,aws_dynamo_reads,false,200,1596278823560,1596278823736,176
aws,aws_dynamo_reads,false,200,1596278823736,1596278823901,165
aws,aws_dynamo_reads,false,200,1596278823901,1596278824088,187
aws,aws_dynamo_reads,false,200,1596278824088,1596278824261,173
aws,aws_dynamo_reads,false,200,1596278824261,1596278824447,186
aws,aws_dynamo_reads,false,200,1596278824447,1596278824621,174
aws,aws_dynamo_reads,false,200,1596278824622,1596278824784,162
aws,aws_dynamo_reads,false,200,1596278824784,1596278824962,178
aws,aws_dynamo_reads,false,200,1596278824962,1596278825157,195
aws,aws_dynamo_reads,false,200,1596278825157,1596278825312,155
aws,aws_dynamo_reads,false,200,1596278825313,1596278825561,248
aws,aws_dynamo_reads,false,200,1596278825561,1596278825734,173
aws,aws_dynamo_reads,false,200,1596278825734,1596278825864,130
aws,aws_dynamo_reads,false,200,1596278825864,1596278826035,171
aws,aws_dynamo_reads,false,200,1596278826036,1596278826180,144
aws,aws_dynamo_reads,false,200,1596278826180,1596278826361,181
aws,aws_dynamo_reads,false,200,1596278826361,1596278826549,188
aws,aws_dynamo_reads,false,200,1596278826549,1596278826687,138
aws,aws_dynamo_reads,false,200,1596278826688,1596278826855,167
aws,aws_dynamo_reads,false,200,1596278826855,1596278827028,173
aws,aws_dynamo_reads,false,200,1596278827029,1596278827180,151
aws,aws_dynamo_reads,false,200,1596278827180,1596278827327,147
aws,aws_dynamo_reads,false,200,1596278827327,1596278827475,148
aws,aws_dynamo_reads,false,200,1596278827475,1596278827790,315
aws,aws_dynamo_reads,false,200,1596278827791,1596278827950,159
aws,aws_dynamo_reads,false,200,1596278827950,1596278828099,149
aws,aws_dynamo_reads,false,200,1596278828099,1596278828234,135
aws,aws_dynamo_reads,false,200,1596278828234,1596278828420,186
aws,aws_dynamo_reads,false,200,1596278828420,1596278828560,140
aws,aws_dynamo_reads,false,200,1596278828561,1596278828721,160
aws,aws_dynamo_reads,false,200,1596278828722,1596278828878,156
aws,aws_dynamo_reads,false,200,1596278828879,1596278829032,153
aws,aws_dynamo_reads,false,200,1596278829032,1596278829179,147
aws,aws_dynamo_reads,false,200,1596278829179,1596278829313,134
aws,aws_dynamo_reads,false,200,1596278829313,1596278829459,146
aws,aws_dynamo_reads,false,200,1596278829459,1596278829601,142
aws,aws_dynamo_reads,false,200,1596278829601,1596278829761,160
aws,aws_dynamo_reads,false,200,1596278829762,1596278829901,139
aws,aws_dynamo_reads,false,200,1596278829901,1596278830045,144
aws,aws_dynamo_reads,false,200,1596278830045,1596278830208,163
aws,aws_dynamo_reads,false,200,1596278830208,1596278830352,144
aws,aws_dynamo_reads,false,200,1596278830352,1596278830523,171
aws,aws_dynamo_reads,false,200,1596278830524,1596278830681,157
aws,aws_dynamo_reads,false,200,1596278830681,1596278830854,173
aws,aws_dynamo_reads,false,200,1596278830855,1596278830997,142
aws,aws_dynamo_reads,false,200,1596278830997,1596278831508,511
aws,aws_dynamo_reads,false,200,1596278831508,1596278831686,178
aws,aws_dynamo_reads,false,200,1596278831687,1596278831860,173
aws,aws_dynamo_reads,false,200,1596278831860,1596278832006,146
aws,aws_dynamo_reads,false,200,1596278832006,1596278832178,172
aws,aws_dynamo_reads,false,200,1596278832178,1596278832330,152
aws,aws_dynamo_reads,false,200,1596278832330,1596278832477,147
aws,aws_dynamo_reads,false,200,1596278832477,1596278832609,132
aws,aws_dynamo_reads,false,200,1596278832610,1596278832766,156
aws,aws_dynamo_reads,false,200,1596278832766,1596278832906,140
aws,aws_dynamo_reads,false,200,1596278832906,1596278833049,143
aws,aws_dynamo_reads,false,200,1596278833049,1596278833197,148
aws,aws_dynamo_reads,false,200,1596278833198,1596278833350,152
aws,aws_dynamo_reads,false,200,1596278833350,1596278833521,171
aws,aws_dynamo_reads,false,200,1596278833521,1596278833700,179
aws,aws_dynamo_reads,false,200,1596278833701,1596278833849,148
aws,aws_dynamo_reads,false,200,1596278833849,1596278833979,130
aws,aws_dynamo_reads,false,200,1596278833979,1596278834136,157
aws,aws_dynamo_reads,false,200,1596278834136,1596278834285,149
aws,aws_dynamo_reads,false,200,1596278834285,1596278834436,151
aws,aws_dynamo_reads,false,200,1596278834436,1596278834582,146
aws,aws_dynamo_reads,false,200,1596278834582,1596278834728,146
aws,aws_dynamo_reads,false,200,1596278834728,1596278834892,164
aws,aws_dynamo_reads,false,200,1596278834892,1596278835061,169
aws,aws_dynamo_reads,false,200,1596278835061,1596278835225,164
aws,aws_dynamo_reads,false,200,1596278835225,1596278835398,173
aws,aws_dynamo_reads,false,200,1596278835399,1596278835539,140
aws,aws_dynamo_reads,false,200,1596278835540,1596278835680,140
aws,aws_dynamo_reads,false,200,1596278835680,1596278835850,170
aws,aws_dynamo_reads,false,200,1596278835850,1596278836006,156
aws,aws_dynamo_reads,false,200,1596278836006,1596278836149,143
aws,aws_dynamo_reads,false,200,1596278836149,1596278836290,141
aws,aws_dynamo_reads,false,200,1596278836290,1596278836440,150
aws,aws_dynamo_reads,false,200,1596278836440,1596278836634,194
aws,aws_dynamo_reads,false,200,1596278836634,1596278836783,149
aws,aws_dynamo_reads,false,200,1596278836783,1596278836917,134
aws,aws_dynamo_reads,false,200,1596278836917,1596278837197,280
aws,aws_dynamo_reads,false,200,1596278837197,1596278837361,164
aws,aws_dynamo_reads,false,200,1596278837361,1596278837517,156
aws,aws_dynamo_reads,false,200,1596278837517,1596278837697,180
aws,aws_dynamo_reads,false,200,1596278837697,1596278837857,160
aws,aws_dynamo_reads,false,200,1596278837858,1596278838000,142
aws,aws_dynamo_reads,false,200,1596278838000,1596278838159,159
aws,aws_dynamo_reads,false,200,1596278838159,1596278838328,169
aws,aws_dynamo_reads,false,200,1596278838328,1596278838499,171
aws,aws_dynamo_reads,false,200,1596278838500,1596278838634,134
aws,aws_dynamo_reads,false,200,1596278838634,1596278838819,185
aws,aws_dynamo_reads,false,200,1596278838820,1596278838966,146
aws,aws_dynamo_reads,false,200,1596278838966,1596278839226,260
aws,aws_dynamo_reads,false,200,1596278839226,1596278839382,156
aws,aws_dynamo_reads,false,200,1596278839382,1596278839538,156
aws,aws_dynamo_reads,false,200,1596278839538,1596278839680,142
aws,aws_dynamo_reads,false,200,1596278839681,1596278839837,156
aws,aws_dynamo_reads,false,200,1596278839837,1596278840012,175
aws,aws_dynamo_reads,false,200,1596278840012,1596278840176,164
aws,aws_dynamo_reads,false,200,1596278840177,1596278840313,136
aws,aws_dynamo_reads,false,200,1596278840314,1596278840450,136
aws,aws_dynamo_reads,false,200,1596278840450,1596278840601,151
aws,aws_dynamo_reads,false,200,1596278840601,1596278840757,156
aws,aws_dynamo_reads,false,200,1596278840757,1596278840891,134
aws,aws_dynamo_reads,false,200,1596278840891,1596278841032,141
aws,aws_dynamo_reads,false,200,1596278841033,1596278841175,142
aws,aws_dynamo_reads,false,200,1596278841176,1596278841341,165
aws,aws_dynamo_reads,false,200,1596278841342,1596278841482,140
aws,aws_dynamo_reads,false,200,1596278841482,1596278841624,142
aws,aws_dynamo_reads,false,200,1596278841624,1596278841763,139
aws,aws_dynamo_reads,false,200,1596278841764,1596278841910,146
aws,aws_dynamo_reads,false,200,1596278841910,1596278842084,174
aws,aws_dynamo_reads,false,200,1596278842085,1596278842232,147
aws,aws_dynamo_reads,false,200,1596278842233,1596278842400,167
aws,aws_dynamo_reads,false,200,1596278842400,1596278842554,154
aws,aws_dynamo_reads,false,200,1596278842554,1596278842708,154
aws,aws_dynamo_reads,false,200,1596278842708,1596278842875,167
aws,aws_dynamo_reads,false,200,1596278842875,1596278843035,160
aws,aws_dynamo_reads,false,200,1596278843035,1596278843209,174
aws,aws_dynamo_reads,false,200,1596278843209,1596278843390,181
aws,aws_dynamo_reads,false,200,1596278843391,1596278843542,151
aws,aws_dynamo_reads,false,200,1596278843542,1596278843710,168
aws,aws_dynamo_reads,false,200,1596278843710,1596278843869,159
aws,aws_dynamo_reads,false,200,1596278843869,1596278844027,158
aws,aws_dynamo_reads,false,200,1596278844027,1596278844181,154
aws,aws_dynamo_reads,false,200,1596278844182,1596278844338,156
aws,aws_dynamo_reads,false,200,1596278844338,1596278844511,173
aws,aws_dynamo_reads,false,200,1596278844511,1596278844689,178
aws,aws_dynamo_reads,false,200,1596278844689,1596278844935,246
aws,aws_dynamo_reads,false,200,1596278844936,1596278845096,160
aws,aws_dynamo_reads,false,200,1596278845096,1596278845272,176
aws,aws_dynamo_reads,false,200,1596278845272,1596278845431,159
aws,aws_dynamo_reads,false,200,1596278845432,1596278845605,173
aws,aws_dynamo_reads,false,200,1596278845605,1596278845768,163
aws,aws_dynamo_reads,false,200,1596278845769,1596278846325,556
aws,aws_dynamo_reads,false,200,1596278846325,1596278846461,136
aws,aws_dynamo_reads,false,200,1596278846461,1596278846624,163
aws,aws_dynamo_reads,false,200,1596278846624,1596278846768,144
aws,aws_dynamo_reads,false,200,1596278846768,1596278846941,173
aws,aws_dynamo_reads,false,200,1596278846941,1596278847091,150
aws,aws_dynamo_reads,false,200,1596278847091,1596278847270,179
aws,aws_dynamo_reads,false,200,1596278847271,1596278847544,273
aws,aws_dynamo_reads,false,200,1596278847544,1596278847699,155
aws,aws_dynamo_reads,false,200,1596278847699,1596278847853,154
aws,aws_dynamo_reads,false,200,1596278847854,1596278848031,177
aws,aws_dynamo_reads,false,200,1596278848031,1596278848179,148
aws,aws_dynamo_reads,false,200,1596278848179,1596278848529,350
aws,aws_dynamo_reads,false,200,1596278848529,1596278848720,191
aws,aws_dynamo_reads,false,200,1596278848720,1596278849007,287
aws,aws_dynamo_reads,false,200,1596278849007,1596278849180,173
aws,aws_dynamo_reads,false,200,1596278849180,1596278849326,146
aws,aws_dynamo_reads,false,200,1596278849326,1596278849518,192
aws,aws_dynamo_reads,false,200,1596278849519,1596278849652,133
aws,aws_dynamo_reads,false,200,1596278849653,1596278849815,162
aws,aws_dynamo_reads,false,200,1596278849815,1596278849968,153
aws,aws_dynamo_reads,false,200,1596278849968,1596278850124,156
aws,aws_dynamo_reads,false,200,1596278850124,1596278850310,186
aws,aws_dynamo_reads,false,200,1596278850311,1596278850641,330
aws,aws_dynamo_reads,false,200,1596278850641,1596278850995,354
aws,aws_dynamo_reads,false,200,1596278850995,1596278851188,193
aws,aws_dynamo_reads,false,200,1596278851188,1596278851338,150
aws,aws_dynamo_reads,false,200,1596278851338,1596278851498,160
aws,aws_dynamo_reads,false,200,1596278851499,1596278851651,152
aws,aws_dynamo_reads,false,200,1596278851652,1596278851823,171
aws,aws_dynamo_reads,false,200,1596278851824,1596278851988,164
aws,aws_dynamo_reads,false,200,1596278851988,1596278852129,141
aws,aws_dynamo_reads,false,200,1596278852129,1596278852298,169
aws,aws_dynamo_reads,false,200,1596278852298,1596278852465,167
aws,aws_dynamo_reads,false,200,1596278852465,1596278852660,195
aws,aws_dynamo_reads,false,200,1596278852660,1596278852889,229
aws,aws_dynamo_reads,false,200,1596278852889,1596278853100,211
aws,aws_dynamo_reads,false,200,1596278853100,1596278853301,201
aws,aws_dynamo_reads,false,200,1596278853302,1596278853461,159
aws,aws_dynamo_reads,false,200,1596278853509,1596278853656,147
aws,aws_dynamo_reads,false,200,1596278853656,1596278853830,174
aws,aws_dynamo_reads,false,200,1596278853830,1596278853994,164
aws,aws_dynamo_reads,false,200,1596278853994,1596278854146,152
aws,aws_dynamo_reads,false,200,1596278854147,1596278854305,158
aws,aws_dynamo_reads,false,200,1596278854305,1596278854485,180
aws,aws_dynamo_reads,false,200,1596278854486,1596278854782,296
aws,aws_dynamo_reads,false,200,1596278854782,1596278854974,192
aws,aws_dynamo_reads,false,200,1596278854975,1596278855140,165
aws,aws_dynamo_reads,false,200,1596278855141,1596278855303,162
aws,aws_dynamo_reads,false,200,1596278855303,1596278855441,138
aws,aws_dynamo_reads,false,200,1596278855441,1596278855620,179
aws,aws_dynamo_reads,false,200,1596278855620,1596278855832,212
aws,aws_dynamo_reads,false,200,1596278855832,1596278855988,156
aws,aws_dynamo_reads,false,200,1596278855988,1596278856169,181
aws,aws_dynamo_reads,false,200,1596278856169,1596278856335,166
aws,aws_dynamo_reads,false,200,1596278856335,1596278856510,175
aws,aws_dynamo_reads,false,200,1596278856511,1596278856686,175
aws,aws_dynamo_reads,false,200,1596278856686,1596278856861,175
aws,aws_dynamo_reads,false,200,1596278856861,1596278856998,137
aws,aws_dynamo_reads,false,200,1596278856999,1596278857159,160
aws,aws_dynamo_reads,false,200,1596278857159,1596278857359,200
aws,aws_dynamo_reads,false,200,1596278857359,1596278857501,142
aws,aws_dynamo_reads,false,200,1596278857501,1596278857663,162
aws,aws_dynamo_reads,false,200,1596278857663,1596278857801,138
aws,aws_dynamo_reads,false,200,1596278857801,1596278857958,157
aws,aws_dynamo_reads,false,200,1596278857958,1596278858111,153
aws,aws_dynamo_reads,false,200,1596278858111,1596278858275,164
aws,aws_dynamo_reads,false,200,1596278858275,1596278858446,171
aws,aws_dynamo_reads,false,200,1596278858446,1596278858618,172
aws,aws_dynamo_reads,false,200,1596278858618,1596278858770,152
aws,aws_dynamo_reads,false,200,1596278858770,1596278858911,141
aws,aws_dynamo_reads,false,200,1596278858912,1596278859064,152
aws,aws_dynamo_reads,false,200,1596278859064,1596278859217,153
aws,aws_dynamo_reads,false,200,1596278859218,1596278859358,140
aws,aws_dynamo_reads,false,200,1596278859359,1596278859520,161
aws,aws_dynamo_reads,false,200,1596278859521,1596278859702,181
aws,aws_dynamo_reads,false,200,1596278859702,1596278859837,135
aws,aws_dynamo_reads,false,200,1596278859837,1596278860002,165
aws,aws_dynamo_reads,false,200,1596278860002,1596278860190,188
aws,aws_dynamo_reads,false,200,1596278860190,1596278860346,156
aws,aws_dynamo_reads,false,200,1596278860346,1596278860498,152
aws,aws_dynamo_reads,false,200,1596278860499,1596278860664,165
aws,aws_dynamo_reads,false,200,1596278860664,1596278860830,166
aws,aws_dynamo_reads,false,200,1596278860831,1596278860991,160
aws,aws_dynamo_reads,false,200,1596278860992,1596278861148,156
aws,aws_dynamo_reads,false,200,1596278861148,1596278861306,158
aws,aws_dynamo_reads,false,200,1596278861306,1596278861494,188
aws,aws_dynamo_reads,false,200,1596278861494,1596278861665,171
aws,aws_dynamo_reads,false,200,1596278861665,1596278861824,159
aws,aws_dynamo_reads,false,200,1596278861824,1596278861987,163
aws,aws_dynamo_reads,false,200,1596278861987,1596278862140,153
aws,aws_dynamo_reads,false,200,1596278862140,1596278862304,164
aws,aws_dynamo_reads,false,200,1596278862304,1596278862450,146
aws,aws_dynamo_reads,false,200,1596278862450,1596278862604,154
aws,aws_dynamo_reads,false,200,1596278862604,1596278862746,142
aws,aws_dynamo_reads,false,200,1596278862746,1596278862907,161
aws,aws_dynamo_reads,false,200,1596278862907,1596278863050,143
aws,aws_dynamo_reads,false,200,1596278863050,1596278863201,151
aws,aws_dynamo_reads,false,200,1596278863201,1596278863441,240
aws,aws_dynamo_reads,false,200,1596278863441,1596278863606,165
aws,aws_dynamo_reads,false,200,1596278863606,1596278863775,169
aws,aws_dynamo_reads,false,200,1596278863776,1596278863917,141
aws,aws_dynamo_reads,false,200,1596278863917,1596278864074,157
aws,aws_dynamo_reads,false,200,1596278864074,1596278864231,157
aws,aws_dynamo_reads,false,200,1596278864231,1596278864372,141
aws,aws_dynamo_reads,false,200,1596278864372,1596278864533,161
aws,aws_dynamo_reads,false,200,1596278864533,1596278864709,176
aws,aws_dynamo_reads,false,200,1596278864709,1596278864853,144
aws,aws_dynamo_reads,false,200,1596278864854,1596278864995,141
aws,aws_dynamo_reads,false,200,1596278864996,1596278865147,151
aws,aws_dynamo_reads,false,200,1596278865147,1596278865275,128
aws,aws_dynamo_reads,false,200,1596278865276,1596278865453,177
aws,aws_dynamo_reads,false,200,1596278865453,1596278865632,179
aws,aws_dynamo_reads,false,200,1596278865632,1596278865792,160
aws,aws_dynamo_reads,false,200,1596278865792,1596278865962,170
aws,aws_dynamo_reads,false,200,1596278865962,1596278866130,168
aws,aws_dynamo_reads,false,200,1596278866130,1596278866272,142
aws,aws_dynamo_reads,false,200,1596278866273,1596278866430,157
aws,aws_dynamo_reads,false,200,1596278866430,1596278866576,146
aws,aws_dynamo_reads,false,200,1596278866576,1596278866726,150
aws,aws_dynamo_reads,false,200,1596278866726,1596278866878,152
aws,aws_dynamo_reads,false,200,1596278866878,1596278867050,172
aws,aws_dynamo_reads,false,200,1596278867051,1596278867199,148
aws,aws_dynamo_reads,false,200,1596278867199,1596278867443,244
aws,aws_dynamo_reads,false,200,1596278867443,1596278867594,151
aws,aws_dynamo_reads,false,200,1596278867594,1596278867755,161
aws,aws_dynamo_reads,false,200,1596278867755,1596278867901,146
aws,aws_dynamo_reads,false,200,1596278867901,1596278868044,143
aws,aws_dynamo_reads,false,200,1596278868044,1596278868180,136
aws,aws_dynamo_reads,false,200,1596278868181,1596278868354,173
aws,aws_dynamo_reads,false,200,1596278868354,1596278868551,197
aws,aws_dynamo_reads,false,200,1596278868551,1596278868726,175
aws,aws_dynamo_reads,false,200,1596278868726,1596278868896,170
aws,aws_dynamo_reads,false,200,1596278868896,1596278869029,133
aws,aws_dynamo_reads,false,200,1596278869030,1596278869167,137
aws,aws_dynamo_reads,false,200,1596278869167,1596278869317,150
aws,aws_dynamo_reads,false,200,1596278869317,1596278869481,164
aws,aws_dynamo_reads,false,200,1596278869481,1596278869618,137
aws,aws_dynamo_reads,false,200,1596278869618,1596278869760,142
aws,aws_dynamo_reads,false,200,1596278869760,1596278869908,148
aws,aws_dynamo_reads,false,200,1596278869908,1596278870050,142
aws,aws_dynamo_reads,false,200,1596278870050,1596278870219,169
aws,aws_dynamo_reads,false,200,1596278870219,1596278870403,184
aws,aws_dynamo_reads,false,200,1596278870403,1596278870552,149
aws,aws_dynamo_reads,false,200,1596278870552,1596278870720,168
aws,aws_dynamo_reads,false,200,1596278870720,1596278870867,147
aws,aws_dynamo_reads,false,200,1596278870867,1596278871018,151
aws,aws_dynamo_reads,false,200,1596278871018,1596278871350,332
aws,aws_dynamo_reads,false,200,1596278871350,1596278871513,163
aws,aws_dynamo_reads,false,200,1596278871513,1596278871725,212
aws,aws_dynamo_reads,false,200,1596278871726,1596278871906,180
aws,aws_dynamo_reads,false,200,1596278871906,1596278872063,157
aws,aws_dynamo_reads,false,200,1596278872064,1596278872207,143
aws,aws_dynamo_reads,false,200,1596278872207,1596278872377,170
aws,aws_dynamo_reads,false,200,1596278872377,1596278872528,151
aws,aws_dynamo_reads,false,200,1596278872529,1596278872687,158
aws,aws_dynamo_reads,false,200,1596278872687,1596278872874,187
aws,aws_dynamo_reads,false,200,1596278872874,1596278873115,241
aws,aws_dynamo_reads,false,200,1596278873115,1596278873354,239
aws,aws_dynamo_reads,false,200,1596278873354,1596278873508,154
aws,aws_dynamo_reads,false,200,1596278873508,1596278873652,144
aws,aws_dynamo_reads,false,200,1596278873652,1596278873801,149
aws,aws_dynamo_reads,false,200,1596278873801,1596278873971,170
aws,aws_dynamo_reads,false,200,1596278873971,1596278874152,181
aws,aws_dynamo_reads,false,200,1596278874152,1596278874308,156
aws,aws_dynamo_reads,false,200,1596278874308,1596278874447,139
aws,aws_dynamo_reads,false,200,1596278874448,1596278874614,166
aws,aws_dynamo_reads,false,200,1596278874614,1596278874787,173
aws,aws_dynamo_reads,false,200,1596278874787,1596278874927,140
aws,aws_dynamo_reads,false,200,1596278874927,1596278875097,170
aws,aws_dynamo_reads,false,200,1596278875097,1596278875332,235
aws,aws_dynamo_reads,false,200,1596278875333,1596278875478,145
aws,aws_dynamo_reads,false,200,1596278875479,1596278875643,164
aws,aws_dynamo_reads,false,200,1596278875643,1596278875796,153
aws,aws_dynamo_reads,false,200,1596278875796,1596278875980,184
aws,aws_dynamo_reads,false,200,1596278875980,1596278876166,186
aws,aws_dynamo_reads,false,200,1596278876166,1596278876332,166
aws,aws_dynamo_reads,false,200,1596278876332,1596278876507,175
aws,aws_dynamo_reads,false,200,1596278876507,1596278876668,161
aws,aws_dynamo_reads,false,200,1596278876669,1596278876813,144
aws,aws_dynamo_reads,false,200,1596278876813,1596278876946,133
aws,aws_dynamo_reads,false,200,1596278876947,1596278877099,152
aws,aws_dynamo_reads,false,200,1596278877099,1596278877264,165
aws,aws_dynamo_reads,false,200,1596278877264,1596278877424,160
aws,aws_dynamo_reads,false,200,1596278877424,1596278877606,182
aws,aws_dynamo_reads,false,200,1596278877606,1596278877759,153
aws,aws_dynamo_reads,false,200,1596278877759,1596278877926,167
aws,aws_dynamo_reads,false,200,1596278877926,1596278878075,149
aws,aws_dynamo_reads,false,200,1596278878075,1596278878238,163
aws,aws_dynamo_reads,false,200,1596278878238,1596278878922,684
aws,aws_dynamo_reads,false,200,1596278878922,1596278879074,152
aws,aws_dynamo_reads,false,200,1596278879075,1596278879249,174
aws,aws_dynamo_reads,false,200,1596278879250,1596278879427,177
aws,aws_dynamo_reads,false,200,1596278879427,1596278879572,145
aws,aws_dynamo_reads,false,200,1596278879572,1596278879727,155
aws,aws_dynamo_reads,false,200,1596278879727,1596278879881,154
aws,aws_dynamo_reads,false,200,1596278879881,1596278880019,138
aws,aws_dynamo_reads,false,200,1596278880019,1596278880184,165
aws,aws_dynamo_reads,false,200,1596278880185,1596278880366,181
aws,aws_dynamo_reads,false,200,1596278880366,1596278880542,176
aws,aws_dynamo_reads,false,200,1596278880542,1596278880720,178
aws,aws_dynamo_reads,false,200,1596278880720,1596278880866,146
aws,aws_dynamo_reads,false,200,1596278880867,1596278881012,145
aws,aws_dynamo_reads,false,200,1596278881012,1596278881166,154
aws,aws_dynamo_reads,false,200,1596278881166,1596278881326,160
aws,aws_dynamo_reads,false,200,1596278881326,1596278881481,155
aws,aws_dynamo_reads,false,200,1596278881481,1596278881639,158
aws,aws_dynamo_reads,false,200,1596278881640,1596278881785,145
aws,aws_dynamo_reads,false,200,1596278881785,1596278881940,155
aws,aws_dynamo_reads,false,200,1596278881940,1596278882086,146
aws,aws_dynamo_reads,false,200,1596278882086,1596278882224,138
aws,aws_dynamo_reads,false,200,1596278882224,1596278882402,178
aws,aws_dynamo_reads,false,200,1596278882402,1596278882568,166
aws,aws_dynamo_reads,false,200,1596278882568,1596278882741,173
aws,aws_dynamo_reads,false,200,1596278882741,1596278882913,172
aws,aws_dynamo_reads,false,200,1596278882913,1596278883059,146
aws,aws_dynamo_reads,false,200,1596278883059,1596278883218,159
aws,aws_dynamo_reads,false,200,1596278883218,1596278883376,158
aws,aws_dynamo_reads,false,200,1596278883376,1596278883532,156
aws,aws_dynamo_reads,false,200,1596278883532,1596278883678,146
aws,aws_dynamo_reads,false,200,1596278883678,1596278883833,155
aws,aws_dynamo_reads,false,200,1596278883833,1596278883993,160
aws,aws_dynamo_reads,false,200,1596278883993,1596278884126,133
aws,aws_dynamo_reads,false,200,1596278884127,1596278884280,153
aws,aws_dynamo_reads,false,200,1596278884280,1596278884420,140
aws,aws_dynamo_reads,false,200,1596278884420,1596278884578,158
aws,aws_dynamo_reads,false,200,1596278884578,1596278884754,176
aws,aws_dynamo_reads,false,200,1596278884754,1596278885020,266
aws,aws_dynamo_reads,false,200,1596278885020,1596278885179,159
aws,aws_dynamo_reads,false,200,1596278885179,1596278885364,185
aws,aws_dynamo_reads,false,200,1596278885364,1596278885544,180
aws,aws_dynamo_reads,false,200,1596278885544,1596278885681,137
aws,aws_dynamo_reads,false,200,1596278885681,1596278885818,137
aws,aws_dynamo_reads,false,200,1596278885818,1596278885958,140
aws,aws_dynamo_reads,false,200,1596278885959,1596278886115,156
aws,aws_dynamo_reads,false,200,1596278886115,1596278886261,146
aws,aws_dynamo_reads,false,200,1596278886261,1596278886407,146
aws,aws_dynamo_reads,false,200,1596278886407,1596278886584,177
aws,aws_dynamo_reads,false,200,1596278886584,1596278886753,169
aws,aws_dynamo_reads,false,200,1596278886753,1596278887004,251
aws,aws_dynamo_reads,false,200,1596278887004,1596278887183,179
aws,aws_dynamo_reads,false,200,1596278887183,1596278887323,140
aws,aws_dynamo_reads,false,200,1596278887323,1596278887470,147
aws,aws_dynamo_reads,false,200,1596278887470,1596278887650,180
aws,aws_dynamo_reads,false,200,1596278887650,1596278887787,137
aws,aws_dynamo_reads,false,200,1596278887787,1596278887972,185
aws,aws_dynamo_reads,false,200,1596278887972,1596278888135,163
aws,aws_dynamo_reads,false,200,1596278888135,1596278888285,150
aws,aws_dynamo_reads,false,200,1596278888285,1596278888459,174
aws,aws_dynamo_reads,false,200,1596278888459,1596278888611,152
aws,aws_dynamo_reads,false,200,1596278888611,1596278888785,174
aws,aws_dynamo_reads,false,200,1596278888786,1596278888921,135
aws,aws_dynamo_reads,false,200,1596278888921,1596278889070,149
aws,aws_dynamo_reads,false,200,1596278889070,1596278889229,159
aws,aws_dynamo_reads,false,200,1596278889229,1596278889381,152
aws,aws_dynamo_reads,false,200,1596278889381,1596278889531,150
aws,aws_dynamo_reads,false,200,1596278889531,1596278889689,158
aws,aws_dynamo_reads,false,200,1596278889689,1596278889869,180
aws,aws_dynamo_reads,false,200,1596278889869,1596278890026,157
aws,aws_dynamo_reads,false,200,1596278890026,1596278890207,181
aws,aws_dynamo_reads,false,200,1596278890207,1596278890350,143
aws,aws_dynamo_reads,false,200,1596278890350,1596278890505,155
aws,aws_dynamo_reads,false,200,1596278890505,1596278890667,162
aws,aws_dynamo_reads,false,200,1596278890667,1596278891148,481
aws,aws_dynamo_reads,false,200,1596278891149,1596278891324,175
aws,aws_dynamo_reads,false,200,1596278891324,1596278891465,141
aws,aws_dynamo_reads,false,200,1596278891465,1596278891634,169
aws,aws_dynamo_reads,false,200,1596278891634,1596278891933,299
aws,aws_dynamo_reads,false,200,1596278891933,1596278892117,184
aws,aws_dynamo_reads,false,200,1596278892117,1596278892258,141
aws,aws_dynamo_reads,false,200,1596278892258,1596278892413,155
aws,aws_dynamo_reads,false,200,1596278892413,1596278892572,159
aws,aws_dynamo_reads,false,200,1596278892572,1596278892722,150
aws,aws_dynamo_reads,false,200,1596278892722,1596278892905,183
aws,aws_dynamo_reads,false,200,1596278892905,1596278893102,197
aws,aws_dynamo_reads,false,200,1596278893102,1596278893320,218
aws,aws_dynamo_reads,false,200,1596278893320,1596278893492,172
aws,aws_dynamo_reads,false,200,1596278893492,1596278893644,152
aws,aws_dynamo_reads,false,200,1596278893644,1596278893823,179
aws,aws_dynamo_reads,false,200,1596278893823,1596278893975,152
aws,aws_dynamo_reads,false,200,1596278893975,1596278894120,145
aws,aws_dynamo_reads,false,200,1596278894120,1596278894291,171
aws,aws_dynamo_reads,false,200,1596278894292,1596278894455,163
aws,aws_dynamo_reads,false,200,1596278894455,1596278894638,183
aws,aws_dynamo_reads,false,200,1596278894638,1596278894778,140
aws,aws_dynamo_reads,false,200,1596278894778,1596278894926,148
aws,aws_dynamo_reads,false,200,1596278894926,1596278895093,167
aws,aws_dynamo_reads,false,200,1596278895093,1596278895228,135
aws,aws_dynamo_reads,false,200,1596278895228,1596278895399,171
aws,aws_dynamo_reads,false,200,1596278895399,1596278895634,235
aws,aws_dynamo_reads,false,200,1596278895634,1596278895851,217
aws,aws_dynamo_reads,false,200,1596278895851,1596278895989,138
aws,aws_dynamo_reads,false,200,1596278895989,1596278896156,167
aws,aws_dynamo_reads,false,200,1596278896156,1596278896302,146
aws,aws_dynamo_reads,false,200,1596278896302,1596278896470,168
aws,aws_dynamo_reads,false,200,1596278896470,1596278896612,142
aws,aws_dynamo_reads,false,200,1596278896612,1596278896770,158
aws,aws_dynamo_reads,false,200,1596278896770,1596278896952,182
aws,aws_dynamo_reads,false,200,1596278896952,1596278897111,159
aws,aws_dynamo_reads,false,200,1596278897112,1596278897277,165
aws,aws_dynamo_reads,false,200,1596278897277,1596278897484,207
aws,aws_dynamo_reads,false,200,1596278897484,1596278897631,147
aws,aws_dynamo_reads,false,200,1596278897631,1596278897770,139
aws,aws_dynamo_reads,false,200,1596278897770,1596278897923,153
aws,aws_dynamo_reads,false,200,1596278897923,1596278898081,158
aws,aws_dynamo_reads,false,200,1596278898081,1596278898233,152
aws,aws_dynamo_reads,false,200,1596278898234,1596278898385,151
aws,aws_dynamo_reads,false,200,1596278898386,1596278898541,155
aws,aws_dynamo_reads,false,200,1596278898541,1596278898706,165
aws,aws_dynamo_reads,false,200,1596278898706,1596278898850,144
aws,aws_dynamo_reads,false,200,1596278898850,1596278899003,153
aws,aws_dynamo_reads,false,200,1596278899004,1596278899155,151
aws,aws_dynamo_reads,false,200,1596278899155,1596278899300,145
aws,aws_dynamo_reads,false,200,1596278899301,1596278899461,160
aws,aws_dynamo_reads,false,200,1596278899461,1596278899646,185
aws,aws_dynamo_reads,false,200,1596278899646,1596278899836,190
aws,aws_dynamo_reads,false,200,1596278899836,1596278900018,182
aws,aws_dynamo_reads,false,200,1596278900018,1596278900197,179
aws,aws_dynamo_reads,false,200,1596278900197,1596278900359,162
aws,aws_dynamo_reads,false,200,1596278900360,1596278900499,139
aws,aws_dynamo_reads,false,200,1596278900522,1596278900694,172
aws,aws_dynamo_reads,false,200,1596278900694,1596278900842,148
aws,aws_dynamo_reads,false,200,1596278900843,1596278901008,165
aws,aws_dynamo_reads,false,200,1596278901008,1596278901164,156
aws,aws_dynamo_reads,false,200,1596278901164,1596278901320,156
aws,aws_dynamo_reads,false,200,1596278901320,1596278901661,341
aws,aws_dynamo_reads,false,200,1596278901661,1596278901856,195
aws,aws_dynamo_reads,false,200,1596278901856,1596278902026,170
aws,aws_dynamo_reads,false,200,1596278902026,1596278902200,174
aws,aws_dynamo_reads,false,200,1596278902200,1596278902373,173
aws,aws_dynamo_reads,false,200,1596278902374,1596278902517,143
aws,aws_dynamo_reads,false,200,1596278902517,1596278902687,170
aws,aws_dynamo_reads,false,200,1596278902688,1596278902832,144
aws,aws_dynamo_reads,false,200,1596278902833,1596278903017,184
aws,aws_dynamo_reads,false,200,1596278903017,1596278903185,168
aws,aws_dynamo_reads,false,200,1596278903186,1596278903338,152
aws,aws_dynamo_reads,false,200,1596278903338,1596278903570,232
aws,aws_dynamo_reads,false,200,1596278903570,1596278903724,154
aws,aws_dynamo_reads,false,200,1596278903724,1596278903865,141
aws,aws_dynamo_reads,false,200,1596278903865,1596278904039,174
aws,aws_dynamo_reads,false,200,1596278904039,1596278904185,146
aws,aws_dynamo_reads,false,200,1596278904185,1596278904338,153
aws,aws_dynamo_reads,false,200,1596278904338,1596278904479,141
aws,aws_dynamo_reads,false,200,1596278904479,1596278904651,172
aws,aws_dynamo_reads,false,200,1596278904651,1596278904826,175
aws,aws_dynamo_reads,false,200,1596278904826,1596278904964,138
aws,aws_dynamo_reads,false,200,1596278904964,1596278905119,155
aws,aws_dynamo_reads,false,200,1596278905119,1596278905273,154
aws,aws_dynamo_reads,false,200,1596278905273,1596278905506,233
aws,aws_dynamo_reads,false,200,1596278905507,1596278905635,128
aws,aws_dynamo_reads,false,200,1596278905635,1596278905807,172
aws,aws_dynamo_reads,false,200,1596278905808,1596278905959,151
aws,aws_dynamo_reads,false,200,1596278905959,1596278906126,167
aws,aws_dynamo_reads,false,200,1596278906126,1596278906280,154
aws,aws_dynamo_reads,false,200,1596278906280,1596278906429,149
aws,aws_dynamo_reads,false,200,1596278906430,1596278906596,166
aws,aws_dynamo_reads,false,200,1596278906596,1596278906765,169
aws,aws_dynamo_reads,false,200,1596278906765,1596278906918,153
aws,aws_dynamo_reads,false,200,1596278906918,1596278907096,178
aws,aws_dynamo_reads,false,200,1596278907096,1596278907262,166
aws,aws_dynamo_reads,false,200,1596278907262,1596278907470,208
aws,aws_dynamo_reads,false,200,1596278907470,1596278907625,155
aws,aws_dynamo_reads,false,200,1596278907625,1596278907777,152
aws,aws_dynamo_reads,false,200,1596278907777,1596278907922,145
aws,aws_dynamo_reads,false,200,1596278907922,1596278908077,155
aws,aws_dynamo_reads,false,200,1596278908078,1596278908249,171
aws,aws_dynamo_reads,false,200,1596278908250,1596278908414,164
aws,aws_dynamo_reads,false,200,1596278908414,1596278908552,138
aws,aws_dynamo_reads,false,200,1596278908552,1596278908706,154
aws,aws_dynamo_reads,false,200,1596278908707,1596278908859,152
aws,aws_dynamo_reads,false,200,1596278908859,1596278909022,163
aws,aws_dynamo_reads,false,200,1596278909022,1596278909209,187
aws,aws_dynamo_reads,false,200,1596278909209,1596278909427,218
aws,aws_dynamo_reads,false,200,1596278909427,1596278909591,164
aws,aws_dynamo_reads,false,200,1596278909591,1596278909739,148
aws,aws_dynamo_reads,false,200,1596278909739,1596278909890,151
aws,aws_dynamo_reads,false,200,1596278909890,1596278910068,178
aws,aws_dynamo_reads,false,200,1596278910068,1596278910249,181
aws,aws_dynamo_reads,false,200,1596278910249,1596278910431,182
aws,aws_dynamo_reads,false,200,1596278910431,1596278910574,143
aws,aws_dynamo_reads,false,200,1596278910574,1596278910761,187
aws,aws_dynamo_reads,false,200,1596278910761,1596278910904,143
aws,aws_dynamo_reads,false,200,1596278910904,1596278911030,126
aws,aws_dynamo_reads,false,200,1596278911030,1596278911203,173
aws,aws_dynamo_reads,false,200,1596278911203,1596278911451,248
aws,aws_dynamo_reads,false,200,1596278911451,1596278911616,165
aws,aws_dynamo_reads,false,200,1596278911616,1596278911785,169
aws,aws_dynamo_reads,false,200,1596278911785,1596278911961,176
aws,aws_dynamo_reads,false,200,1596278911967,1596278912129,162
aws,aws_dynamo_reads,false,200,1596278912130,1596278912281,151
aws,aws_dynamo_reads,false,200,1596278912281,1596278912462,181
aws,aws_dynamo_reads,false,200,1596278912462,1596278912640,178
aws,aws_dynamo_reads,false,200,1596278912640,1596278912813,173
aws,aws_dynamo_reads,false,200,1596278912813,1596278912990,177
aws,aws_dynamo_reads,false,200,1596278912991,1596278913281,290
aws,aws_dynamo_reads,false,200,1596278913281,1596278913442,161
aws,aws_dynamo_reads,false,200,1596278913442,1596278913608,166
aws,aws_dynamo_reads,false,200,1596278913609,1596278913776,167
aws,aws_dynamo_reads,false,200,1596278913776,1596278914088,312
aws,aws_dynamo_reads,false,200,1596278914088,1596278914263,175
aws,aws_dynamo_reads,false,200,1596278914263,1596278914445,182
aws,aws_dynamo_reads,false,200,1596278914446,1596278914616,170
aws,aws_dynamo_reads,false,200,1596278914617,1596278914773,156
aws,aws_dynamo_reads,false,200,1596278914773,1596278914943,170
aws,aws_dynamo_reads,false,200,1596278914943,1596278915227,284
aws,aws_dynamo_reads,false,200,1596278915227,1596278915406,179
aws,aws_dynamo_reads,false,200,1596278915406,1596278915561,155
aws,aws_dynamo_reads,false,200,1596278915562,1596278915708,146
aws,aws_dynamo_reads,false,200,1596278915708,1596278915870,162
aws,aws_dynamo_reads,false,200,1596278915871,1596278916031,160
aws,aws_dynamo_reads,false,200,1596278916031,1596278916202,171
aws,aws_dynamo_reads,false,200,1596278916203,1596278916373,170
aws,aws_dynamo_reads,false,200,1596278916374,1596278916510,136
aws,aws_dynamo_reads,false,200,1596278916510,1596278916674,164
aws,aws_dynamo_reads,false,200,1596278916678,1596278916817,139
aws,aws_dynamo_reads,false,200,1596278916817,1596278916976,159
aws,aws_dynamo_reads,false,200,1596278916976,1596278917277,301
aws,aws_dynamo_reads,false,200,1596278917277,1596278917422,145
aws,aws_dynamo_reads,false,200,1596278917423,1596278917562,139
aws,aws_dynamo_reads,false,200,1596278917562,1596278917718,156
aws,aws_dynamo_reads,false,200,1596278917718,1596278917896,178
aws,aws_dynamo_reads,false,200,1596278917896,1596278918076,180
aws,aws_dynamo_reads,false,200,1596278918077,1596278918261,184
aws,aws_dynamo_reads,false,200,1596278918262,1596278918422,160
aws,aws_dynamo_reads,false,200,1596278918422,1596278918576,154
aws,aws_dynamo_reads,false,200,1596278918576,1596278918729,153
aws,aws_dynamo_reads,false,200,1596278918729,1596278918917,188
aws,aws_dynamo_reads,false,200,1596278918918,1596278919120,202
aws,aws_dynamo_reads,false,200,1596278919120,1596278919289,169
aws,aws_dynamo_reads,false,200,1596278919289,1596278919437,148
aws,aws_dynamo_reads,false,200,1596278919438,1596278919585,147
aws,aws_dynamo_reads,false,200,1596278919586,1596278919759,173
aws,aws_dynamo_reads,false,200,1596278919759,1596278919889,130
aws,aws_dynamo_reads,false,200,1596278919889,1596278920043,154
aws,aws_dynamo_reads,false,200,1596278920043,1596278920192,149
aws,aws_dynamo_reads,false,200,1596278920192,1596278920342,150
aws,aws_dynamo_reads,false,200,1596278920342,1596278920512,170
aws,aws_dynamo_reads,false,200,1596278920802,1596278920963,161
aws,aws_dynamo_reads,false,200,1596278920964,1596278921115,151
aws,aws_dynamo_reads,false,200,1596278921115,1596278921278,163
aws,aws_dynamo_reads,false,200,1596278921278,1596278921436,158
aws,aws_dynamo_reads,false,200,1596278921436,1596278921582,146
aws,aws_dynamo_reads,false,200,1596278921582,1596278921746,164
aws,aws_dynamo_reads,false,200,1596278921747,1596278921886,139
aws,aws_dynamo_reads,false,200,1596278921886,1596278922125,239
aws,aws_dynamo_reads,false,200,1596278922125,1596278922271,146
aws,aws_dynamo_reads,false,200,1596278922271,1596278922441,170
aws,aws_dynamo_reads,false,200,1596278922441,1596278922584,143
aws,aws_dynamo_reads,false,200,1596278922584,1596278922742,158
aws,aws_dynamo_reads,false,200,1596278922742,1596278922890,148
aws,aws_dynamo_reads,false,200,1596278922890,1596278923038,148
aws,aws_dynamo_reads,false,200,1596278923039,1596278923204,165
aws,aws_dynamo_reads,false,200,1596278923204,1596278923350,146
aws,aws_dynamo_reads,false,200,1596278923350,1596278923501,151
aws,aws_dynamo_reads,false,200,1596278923501,1596278923653,152
aws,aws_dynamo_reads,false,200,1596278923654,1596278923807,153
aws,aws_dynamo_reads,false,200,1596278923807,1596278923953,146
aws,aws_dynamo_reads,false,200,1596278923954,1596278924126,172
aws,aws_dynamo_reads,false,200,1596278924126,1596278924310,184
aws,aws_dynamo_reads,false,200,1596278924311,1596278924459,148
aws,aws_dynamo_reads,false,200,1596278924459,1596278924625,166
aws,aws_dynamo_reads,false,200,1596278924625,1596278924761,136
aws,aws_dynamo_reads,false,200,1596278924762,1596278924950,188
aws,aws_dynamo_reads,false,200,1596278924951,1596278925112,161
aws,aws_dynamo_reads,false,200,1596278925112,1596278925395,283
aws,aws_dynamo_reads,false,200,1596278925395,1596278925549,154
aws,aws_dynamo_reads,false,200,1596278925549,1596278925689,140
aws,aws_dynamo_reads,false,200,1596278925689,1596278925826,137
aws,aws_dynamo_reads,false,200,1596278925826,1596278925988,162
aws,aws_dynamo_reads,false,200,1596278925988,1596278926142,154
aws,aws_dynamo_reads,false,200,1596278926142,1596278926286,144
aws,aws_dynamo_reads,false,200,1596278926287,1596278926434,147
aws,aws_dynamo_reads,false,200,1596278926434,1596278926600,166
aws,aws_dynamo_reads,false,200,1596278926600,1596278926920,320
aws,aws_dynamo_reads,false,200,1596278926920,1596278927071,151
aws,aws_dynamo_reads,false,200,1596278927071,1596278927259,188
aws,aws_dynamo_reads,false,200,1596278927260,1596278927411,151
aws,aws_dynamo_reads,false,200,1596278927411,1596278927566,155
aws,aws_dynamo_reads,false,200,1596278927566,1596278927734,168
aws,aws_dynamo_reads,false,200,1596278927734,1596278927869,135
aws,aws_dynamo_reads,false,200,1596278927869,1596278928013,144
aws,aws_dynamo_reads,false,200,1596278928013,1596278928183,170
aws,aws_dynamo_reads,false,200,1596278928183,1596278928395,212
aws,aws_dynamo_reads,false,200,1596278928395,1596278928557,162
aws,aws_dynamo_reads,false,200,1596278928558,1596278928752,194
aws,aws_dynamo_reads,false,200,1596278928752,1596278928918,166
aws,aws_dynamo_reads,false,200,1596278928918,1596278929084,166
aws,aws_dynamo_reads,false,200,1596278929084,1596278929255,171
aws,aws_dynamo_reads,false,200,1596278929255,1596278929410,155
aws,aws_dynamo_reads,false,200,1596278929410,1596278929560,150
aws,aws_dynamo_reads,false,200,1596278929560,1596278929854,294
aws,aws_dynamo_reads,false,200,1596278929855,1596278930044,189
aws,aws_dynamo_reads,false,200,1596278930044,1596278930207,163
aws,aws_dynamo_reads,false,200,1596278930207,1596278930383,176
aws,aws_dynamo_reads,false,200,1596278930384,1596278930603,219
aws,aws_dynamo_reads,false,200,1596278930603,1596278930774,171
aws,aws_dynamo_reads,false,200,1596278930775,1596278930907,132
aws,aws_dynamo_reads,false,200,1596278930908,1596278931075,167
aws,aws_dynamo_reads,false,200,1596278931075,1596278931224,149
aws,aws_dynamo_reads,false,200,1596278931224,1596278931380,156
aws,aws_dynamo_reads,false,200,1596278931380,1596278931521,141
aws,aws_dynamo_reads,false,200,1596278931522,1596278931776,254
aws,aws_dynamo_reads,false,200,1596278931776,1596278931947,171
aws,aws_dynamo_reads,false,200,1596278931947,1596278932083,136
aws,aws_dynamo_reads,false,200,1596278932084,1596278932233,149
aws,aws_dynamo_reads,false,200,1596278932233,1596278932420,187
aws,aws_dynamo_reads,false,200,1596278932420,1596278932583,163
aws,aws_dynamo_reads,false,200,1596278932583,1596278932722,139
aws,aws_dynamo_reads,false,200,1596278932723,1596278937274,4551
aws,aws_dynamo_reads,false,200,1596278937274,1596278937457,183
aws,aws_dynamo_reads,false,200,1596278937457,1596278937610,153
aws,aws_dynamo_reads,false,200,1596278937610,1596278937767,157
aws,aws_dynamo_reads,false,200,1596278937767,1596278937936,169
aws,aws_dynamo_reads,false,200,1596278937937,1596278938121,184
aws,aws_dynamo_reads,false,200,1596278938121,1596278938356,235
aws,aws_dynamo_reads,false,200,1596278938357,1596278938688,331
aws,aws_dynamo_reads,false,200,1596278938688,1596278938939,251
aws,aws_dynamo_reads,false,200,1596278938939,1596278939090,151
aws,aws_dynamo_reads,false,200,1596278939090,1596278939226,136
aws,aws_dynamo_reads,false,200,1596278939227,1596278939371,144
aws,aws_dynamo_reads,false,200,1596278939371,1596278939540,169
aws,aws_dynamo_reads,false,200,1596278939540,1596278939709,169
aws,aws_dynamo_reads,false,200,1596278939709,1596278939873,164
aws,aws_dynamo_reads,false,200,1596278939873,1596278940041,168
aws,aws_dynamo_reads,false,200,1596278940041,1596278940211,170
aws,aws_dynamo_reads,false,200,1596278940213,1596278940354,141
aws,aws_dynamo_reads,false,200,1596278940355,1596278940515,160
aws,aws_dynamo_reads,false,200,1596278940517,1596278940664,147
aws,aws_dynamo_reads,false,200,1596278940664,1596278940831,167
aws,aws_dynamo_reads,false,200,1596278940832,1596278940979,147
aws,aws_dynamo_reads,false,200,1596278940979,1596278941130,151
aws,aws_dynamo_reads,false,200,1596278941130,1596278941275,145
aws,aws_dynamo_reads,false,200,1596278941276,1596278941601,325
aws,aws_dynamo_reads,false,200,1596278941601,1596278941769,168
aws,aws_dynamo_reads,false,200,1596278941770,1596278941934,164
aws,aws_dynamo_reads,false,200,1596278941934,1596278942080,146
aws,aws_dynamo_reads,false,200,1596278942081,1596278942248,167
aws,aws_dynamo_reads,false,200,1596278942248,1596278942425,177
aws,aws_dynamo_reads,false,200,1596278942425,1596278942562,137
aws,aws_dynamo_reads,false,200,1596278942562,1596278942701,139
aws,aws_dynamo_reads,false,200,1596278942701,1596278942852,151
aws,aws_dynamo_reads,false,200,1596278942852,1596278943027,175
aws,aws_dynamo_reads,false,200,1596278943028,1596278943186,158
aws,aws_dynamo_reads,false,200,1596278943186,1596278943332,146
aws,aws_dynamo_reads,false,200,1596278943333,1596278943496,163
aws,aws_dynamo_reads,false,200,1596278943496,1596278943648,152
aws,aws_dynamo_reads,false,200,1596278943649,1596278943796,147
aws,aws_dynamo_reads,false,200,1596278943796,1596278943940,144
aws,aws_dynamo_reads,false,200,1596278943941,1596278944172,231
aws,aws_dynamo_reads,false,200,1596278944173,1596278944342,169
aws,aws_dynamo_reads,false,200,1596278944343,1596278944502,159
aws,aws_dynamo_reads,false,200,1596278944502,1596278944653,151
aws,aws_dynamo_reads,false,200,1596278944654,1596278944797,143
aws,aws_dynamo_reads,false,200,1596278944797,1596278944961,164
aws,aws_dynamo_reads,false,200,1596278944961,1596278945133,172
aws,aws_dynamo_reads,false,200,1596278945133,1596278945286,153
aws,aws_dynamo_reads,false,200,1596278945286,1596278945474,188
aws,aws_dynamo_reads,false,200,1596278945474,1596278945639,165
aws,aws_dynamo_reads,false,200,1596278945640,1596278945803,163
aws,aws_dynamo_reads,false,200,1596278945803,1596278945970,167
aws,aws_dynamo_reads,false,200,1596278945971,1596278946142,171
aws,aws_dynamo_reads,false,200,1596278946142,1596278946297,155
aws,aws_dynamo_reads,false,200,1596278946297,1596278946454,157
aws,aws_dynamo_reads,false,200,1596278946455,1596278946611,156
aws,aws_dynamo_reads,false,200,1596278946611,1596278946753,142
aws,aws_dynamo_reads,false,200,1596278946753,1596278946906,153
aws,aws_dynamo_reads,false,200,1596278946906,1596278947060,154
aws,aws_dynamo_reads,false,200,1596278947061,1596278947254,193
aws,aws_dynamo_reads,false,200,1596278947254,1596278947444,190
aws,aws_dynamo_reads,false,200,1596278947444,1596278947616,172
aws,aws_dynamo_reads,false,200,1596278947616,1596278947777,161
aws,aws_dynamo_reads,false,200,1596278947777,1596278947961,184
aws,aws_dynamo_reads,false,200,1596279055020,1596279055311,291
aws,aws_dynamo_reads,false,200,1596279055312,1596279055462,150
aws,aws_dynamo_reads,false,200,1596279055462,1596279055639,177
aws,aws_dynamo_reads,false,200,1596279055640,1596279055786,146
aws,aws_dynamo_reads,false,200,1596279055786,1596279055965,179
aws,aws_dynamo_reads,false,200,1596279055965,1596279056114,149
aws,aws_dynamo_reads,false,200,1596279056114,1596279056282,168
aws,aws_dynamo_reads,false,200,1596279056282,1596279056426,144
aws,aws_dynamo_reads,false,200,1596279056426,1596279056606,180
aws,aws_dynamo_reads,false,200,1596279056606,1596279056753,147
aws,aws_dynamo_reads,false,200,1596279056753,1596279056893,140
aws,aws_dynamo_reads,false,200,1596279056893,1596279057040,147
aws,aws_dynamo_reads,false,200,1596279057040,1596279057203,163
aws,aws_dynamo_reads,false,200,1596279057203,1596279057347,144
aws,aws_dynamo_reads,false,200,1596279057348,1596279057511,163
aws,aws_dynamo_reads,false,200,1596279057512,1596279057665,153
aws,aws_dynamo_reads,false,200,1596279057665,1596279057839,174
aws,aws_dynamo_reads,false,200,1596279057839,1596279057971,132
aws,aws_dynamo_reads,false,200,1596279057971,1596279058129,158
aws,aws_dynamo_reads,false,200,1596279058129,1596279058286,157
aws,aws_dynamo_reads,false,200,1596279058286,1596279058594,308
aws,aws_dynamo_reads,false,200,1596279058599,1596279058899,300
aws,aws_dynamo_reads,false,200,1596279058899,1596279059048,149
aws,aws_dynamo_reads,false,200,1596279059048,1596279059220,172
aws,aws_dynamo_reads,false,200,1596279059220,1596279059361,141
aws,aws_dynamo_reads,false,200,1596279059361,1596279059521,160
aws,aws_dynamo_reads,false,200,1596279059521,1596279059677,156
aws,aws_dynamo_reads,false,200,1596279059678,1596279059817,139
aws,aws_dynamo_reads,false,200,1596279059817,1596279059959,142
aws,aws_dynamo_reads,false,200,1596279059959,1596279060105,146
aws,aws_dynamo_reads,false,200,1596279060105,1596279060265,160
aws,aws_dynamo_reads,false,200,1596279060265,1596279060409,144
aws,aws_dynamo_reads,false,200,1596279060409,1596279060574,165
aws,aws_dynamo_reads,false,200,1596279060576,1596279060714,138
aws,aws_dynamo_reads,false,200,1596279060714,1596279060863,149