aws,aws_dynamo_writes_no_dr,false,200,1596277385324,1596277386955,1631
aws,aws_dynamo_writes_no_dr,false,200,1596277386956,1596277387144,188
aws,aws_dynamo_writes_no_dr,false,200,1596277387144,1596277387306,162
aws,aws_dynamo_writes_no_dr,false,200,1596277387307,1596277387475,168
aws,aws_dynamo_writes_no_dr,false,200,1596277387475,1596277387647,172
aws,aws_dynamo_writes_no_dr,false,200,1596277387647,1596277387826,179
aws,aws_dynamo_writes_no_dr,false,200,1596277387827,1596277388016,189
aws,aws_dynamo_writes_no_dr,false,200,1596277388016,1596277388182,166
aws,aws_dynamo_writes_no_dr,false,200,1596277388182,1596277388358,176
aws,aws_dynamo_writes_no_dr,false,200,1596277388358,1596277388528,170
aws,aws_dynamo_writes_no_dr,false,200,1596277388528,1596277388704,176
aws,aws_dynamo_writes_no_dr,false,200,1596277388704,1596277388881,177
aws,aws_dynamo_writes_no_dr,false,200,1596277388882,1596277389064,182
aws,aws_dynamo_writes_no_dr,false,200,1596277389064,1596277389224,160
aws,aws_dynamo_writes_no_dr,false,200,1596277389224,1596277389402,178
aws,aws_dynamo_writes_no_dr,false,200,1596277389402,1596277389598,196
aws,aws_dynamo_writes_no_dr,false,200,1596277389598,1596277389804,206
aws,aws_dynamo_writes_no_dr,false,200,1596277389804,1596277389996,192
aws,aws_dynamo_writes_no_dr,false,200,1596277389996,1596277390186,190
aws,aws_dynamo_writes_no_dr,false,200,1596277390186,1596277390366,180
aws,aws_dynamo_writes_no_dr,false,200,1596277390367,1596277390536,169
aws,aws_dynamo_writes_no_dr,false,200,1596277390537,1596277390822,285
aws,aws_dynamo_writes_no_dr,false,200,1596277390822,1596277390985,163
aws,aws_dynamo_writes_no_dr,false,200,1596277390986,1596277391223,237
aws,aws_dynamo_writes_no_dr,false,200,1596277391223,1596277391381,158
aws,aws_dynamo_writes_no_dr,false,200,1596277391382,1596277391555,173
aws,aws_dynamo_writes_no_dr,false,200,1596277391555,1596277391724,169
aws,aws_dynamo_writes_no_dr,false,200,1596277391724,1596277391883,159
aws,aws_dynamo_writes_no_dr,false,200,1596277391883,1596277392044,161
aws,aws_dynamo_writes_no_dr,false,200,1596277392044,1596277392225,181
aws,aws_dynamo_writes_no_dr,false,200,1596277392226,1596277392389,163
aws,aws_dynamo_writes_no_dr,false,200,1596277392390,1596277392543,153
aws,aws_dynamo_writes_no_dr,false,200,1596277392544,1596277392708,164
aws,aws_dynamo_writes_no_dr,false,200,1596277392708,1596277392878,170
aws,aws_dynamo_writes_no_dr,false,200,1596277392878,1596277393041,163
aws,aws_dynamo_writes_no_dr,false,200,1596277393042,1596277393224,182
aws,aws_dynamo_writes_no_dr,false,200,1596277393224,1596277393404,180
aws,aws_dynamo_writes_no_dr,false,200,1596277393405,1596277393611,206
aws,aws_dynamo_writes_no_dr,false,200,1596277393611,1596277393776,165
aws,aws_dynamo_writes_no_dr,false,200,1596277393776,1596277393976,200
aws,aws_dynamo_writes_no_dr,false,200,1596277393977,1596277394138,161
aws,aws_dynamo_writes_no_dr,false,200,1596277394138,1596277394318,180
aws,aws_dynamo_writes_no_dr,false,200,1596277394318,1596277394497,179
aws,aws_dynamo_writes_no_dr,false,200,1596277394497,1596277394794,297
aws,aws_dynamo_writes_no_dr,false,200,1596277394794,1596277394951,157
aws,aws_dynamo_writes_no_dr,false,200,1596277394952,1596277395135,183
aws,aws_dynamo_writes_no_dr,false,200,1596277395135,1596277395304,169
aws,aws_dynamo_writes_no_dr,false,200,1596277395304,1596277395502,198
aws,aws_dynamo_writes_no_dr,false,200,1596277395502,1596277395695,193
aws,aws_dynamo_writes_no_dr,false,200,1596277395695,1596277395861,166
aws,aws_dynamo_writes_no_dr,false,200,1596277395863,1596277396026,163
aws,aws_dynamo_writes_no_dr,false,200,1596277396027,1596277396199,172
aws,aws_dynamo_writes_no_dr,false,200,1596277396199,1596277396380,181
aws,aws_dynamo_writes_no_dr,false,200,1596277396381,1596277396625,244
aws,aws_dynamo_writes_no_dr,false,200,1596277396626,1596277396793,167
aws,aws_dynamo_writes_no_dr,false,200,1596277396793,1596277396964,171
aws,aws_dynamo_writes_no_dr,false,200,1596277396965,1596277397182,217
aws,aws_dynamo_writes_no_dr,false,200,1596277397183,1596277397338,155
aws,aws_dynamo_writes_no_dr,false,200,1596277397338,1596277397493,155
aws,aws_dynamo_writes_no_dr,false,200,1596277397494,1596277397662,168
aws,aws_dynamo_writes_no_dr,false,200,1596277397663,1596277397853,190
aws,aws_dynamo_writes_no_dr,false,200,1596277397853,1596277398022,169
aws,aws_dynamo_writes_no_dr,false,200,1596277398023,1596277398233,210
aws,aws_dynamo_writes_no_dr,false,200,1596277398234,1596277398541,307
aws,aws_dynamo_writes_no_dr,false,200,1596277398541,1596277398706,165
aws,aws_dynamo_writes_no_dr,false,200,1596277398706,1596277398878,172
aws,aws_dynamo_writes_no_dr,false,200,1596277398878,1596277399035,157
aws,aws_dynamo_writes_no_dr,false,200,1596277399035,1596277399314,279
aws,aws_dynamo_writes_no_dr,false,200,1596277399315,1596277399518,203
aws,aws_dynamo_writes_no_dr,false,200,1596277399518,1596277399684,166
aws,aws_dynamo_writes_no_dr,false,200,1596277399684,1596277399882,198
aws,aws_dynamo_writes_no_dr,false,200,1596277399882,1596277400034,152
aws,aws_dynamo_writes_no_dr,false,200,1596277400034,1596277400236,202
aws,aws_dynamo_writes_no_dr,false,200,1596277400236,1596277400401,165
aws,aws_dynamo_writes_no_dr,false,200,1596277400402,1596277400558,156
aws,aws_dynamo_writes_no_dr,false,200,1596277400558,1596277400713,155
aws,aws_dynamo_writes_no_dr,false,200,1596277400713,1596277400872,159
aws,aws_dynamo_writes_no_dr,false,200,1596277400872,1596277401031,159
aws,aws_dynamo_writes_no_dr,false,200,1596277401031,1596277401231,200
aws,aws_dynamo_writes_no_dr,false,200,1596277401232,1596277401384,152
aws,aws_dynamo_writes_no_dr,false,200,1596277401385,1596277401540,155
aws,aws_dynamo_writes_no_dr,false,200,1596277401540,1596277401725,185
aws,aws_dynamo_writes_no_dr,false,200,1596277401725,1596277401874,149
aws,aws_dynamo_writes_no_dr,false,200,1596277401875,1596277402028,153
aws,aws_dynamo_writes_no_dr,false,200,1596277402029,1596277402196,167
aws,aws_dynamo_writes_no_dr,false,200,1596277402197,1596277402357,160
aws,aws_dynamo_writes_no_dr,false,200,1596277402357,1596277402510,153
aws,aws_dynamo_writes_no_dr,false,200,1596277402510,1596277402689,179
aws,aws_dynamo_writes_no_dr,false,200,1596277402689,1596277402859,170
aws,aws_dynamo_writes_no_dr,false,200,1596277402859,1596277403021,162
aws,aws_dynamo_writes_no_dr,false,200,1596277403021,1596277403210,189
aws,aws_dynamo_writes_no_dr,false,200,1596277403210,1596277403364,154
aws,aws_dynamo_writes_no_dr,false,200,1596277403364,1596277403603,239
aws,aws_dynamo_writes_no_dr,false,200,1596277403603,1596277403767,164
aws,aws_dynamo_writes_no_dr,false,200,1596277403767,1596277403926,159
aws,aws_dynamo_writes_no_dr,false,200,1596277403926,1596277404128,202
aws,aws_dynamo_writes_no_dr,false,200,1596277404128,1596277404305,177
aws,aws_dynamo_writes_no_dr,false,200,1596277404305,1596277404572,267
aws,aws_dynamo_writes_no_dr,false,200,1596277404572,1596277404736,164
aws,aws_dynamo_writes_no_dr,false,200,1596277404736,1596277404890,154
aws,aws_dynamo_writes_no_dr,false,200,1596277404890,1596277405054,164
aws,aws_dynamo_writes_no_dr,false,200,1596277405054,1596277405227,173
aws,aws_dynamo_writes_no_dr,false,200,1596277405227,1596277405385,158
aws,aws_dynamo_writes_no_dr,false,200,1596277405386,1596277405578,192
aws,aws_dynamo_writes_no_dr,false,200,1596277405578,1596277405745,167
aws,aws_dynamo_writes_no_dr,false,200,1596277405745,1596277405911,166
aws,aws_dynamo_writes_no_dr,false,200,1596277405912,1596277406076,164
aws,aws_dynamo_writes_no_dr,false,200,1596277406076,1596277406239,163
aws,aws_dynamo_writes_no_dr,false,200,1596277406240,1596277406382,142
aws,aws_dynamo_writes_no_dr,false,200,1596277406383,1596277406558,175
aws,aws_dynamo_writes_no_dr,false,200,1596277406558,1596277406727,169
aws,aws_dynamo_writes_no_dr,false,200,1596277406727,1596277406921,194
aws,aws_dynamo_writes_no_dr,false,200,1596277406921,1596277407109,188
aws,aws_dynamo_writes_no_dr,false,200,1596277407109,1596277407289,180
aws,aws_dynamo_writes_no_dr,false,200,1596277407289,1596277407459,170
aws,aws_dynamo_writes_no_dr,false,200,1596277407459,1596277407635,176
aws,aws_dynamo_writes_no_dr,false,200,1596277407636,1596277407808,172
aws,aws_dynamo_writes_no_dr,false,200,1596277407808,1596277407987,179
aws,aws_dynamo_writes_no_dr,false,200,1596277407987,1596277408143,156
aws,aws_dynamo_writes_no_dr,false,200,1596277408144,1596277408311,167
aws,aws_dynamo_writes_no_dr,false,200,1596277408311,1596277408512,201
aws,aws_dynamo_writes_no_dr,false,200,1596277408513,1596277408673,160
aws,aws_dynamo_writes_no_dr,false,200,1596277408674,1596277408820,146
aws,aws_dynamo_writes_no_dr,false,200,1596277408821,1596277408999,178
aws,aws_dynamo_writes_no_dr,false,200,1596277409000,1596277409159,159
aws,aws_dynamo_writes_no_dr,false,200,1596277409159,1596277409337,178
aws,aws_dynamo_writes_no_dr,false,200,1596277409337,1596277409487,150
aws,aws_dynamo_writes_no_dr,false,200,1596277409488,1596277409643,155
aws,aws_dynamo_writes_no_dr,false,200,1596277409644,1596277409795,151
aws,aws_dynamo_writes_no_dr,false,200,1596277409795,1596277409965,170
aws,aws_dynamo_writes_no_dr,false,200,1596277409966,1596277410156,190
aws,aws_dynamo_writes_no_dr,false,200,1596277410156,1596277410311,155
aws,aws_dynamo_writes_no_dr,false,200,1596277410311,1596277410490,179
aws,aws_dynamo_writes_no_dr,false,200,1596277410494,1596277410634,140
aws,aws_dynamo_writes_no_dr,false,200,1596277410635,1596277410795,160
aws,aws_dynamo_writes_no_dr,false,200,1596277410795,1596277410978,183
aws,aws_dynamo_writes_no_dr,false,200,1596277410978,1596277411165,187
aws,aws_dynamo_writes_no_dr,false,200,1596277411166,1596277411345,179
aws,aws_dynamo_writes_no_dr,false,200,1596277411346,1596277411506,160
aws,aws_dynamo_writes_no_dr,false,200,1596277411507,1596277411693,186
aws,aws_dynamo_writes_no_dr,false,200,1596277411694,1596277411867,173
aws,aws_dynamo_writes_no_dr,false,200,1596277411869,1596277412032,163
aws,aws_dynamo_writes_no_dr,false,200,1596277412033,1596277412204,171
aws,aws_dynamo_writes_no_dr,false,200,1596277412205,1596277412387,182
aws,aws_dynamo_writes_no_dr,false,200,1596277412388,1596277412563,175
aws,aws_dynamo_writes_no_dr,false,200,1596277412563,1596277412725,162
aws,aws_dynamo_writes_no_dr,false,200,1596277412725,1596277412885,160
aws,aws_dynamo_writes_no_dr,false,200,1596277412886,1596277413060,174
aws,aws_dynamo_writes_no_dr,false,200,1596277413061,1596277413223,162
aws,aws_dynamo_writes_no_dr,false,200,1596277413223,1596277413374,151
aws,aws_dynamo_writes_no_dr,false,200,1596277413375,1596277413563,188
aws,aws_dynamo_writes_no_dr,false,200,1596277413564,1596277413754,190
aws,aws_dynamo_writes_no_dr,false,200,1596277413754,1596277414053,299
aws,aws_dynamo_writes_no_dr,false,200,1596277414053,1596277414217,164
aws,aws_dynamo_writes_no_dr,false,200,1596277414217,1596277414424,207
aws,aws_dynamo_writes_no_dr,false,200,1596277414424,1596277414622,198
aws,aws_dynamo_writes_no_dr,false,200,1596277414623,1596277414803,180
aws,aws_dynamo_writes_no_dr,false,200,1596277414803,1596277414956,153
aws,aws_dynamo_writes_no_dr,false,200,1596277414956,1596277415131,175
aws,aws_dynamo_writes_no_dr,false,200,1596277415132,1596277415301,169
aws,aws_dynamo_writes_no_dr,false,200,1596277415301,1596277415454,153
aws,aws_dynamo_writes_no_dr,false,200,1596277415454,1596277415640,186
aws,aws_dynamo_writes_no_dr,false,200,1596277415641,1596277415847,206
aws,aws_dynamo_writes_no_dr,false,200,1596277415847,1596277416017,170
aws,aws_dynamo_writes_no_dr,false,200,1596277416017,1596277416255,238
aws,aws_dynamo_writes_no_dr,false,200,1596277416255,1596277416420,165
aws,aws_dynamo_writes_no_dr,false,200,1596277416421,1596277416588,167
aws,aws_dynamo_writes_no_dr,false,200,1596277416588,1596277416766,178
aws,aws_dynamo_writes_no_dr,false,200,1596277416766,1596277416941,175
aws,aws_dynamo_writes_no_dr,false,200,1596277416941,1596277417131,190
aws,aws_dynamo_writes_no_dr,false,200,1596277417131,1596277417323,192
aws,aws_dynamo_writes_no_dr,false,200,1596277417323,1596277417507,184
aws,aws_dynamo_writes_no_dr,false,200,1596277417508,1596277417658,150
aws,aws_dynamo_writes_no_dr,false,200,1596277417659,1596277417878,219
aws,aws_dynamo_writes_no_dr,false,200,1596277417878,1596277418118,240
aws,aws_dynamo_writes_no_dr,false,200,1596277418119,1596277418306,187
aws,aws_dynamo_writes_no_dr,false,200,1596277418306,1596277418467,161
aws,aws_dynamo_writes_no_dr,false,200,1596277418467,1596277418623,156
aws,aws_dynamo_writes_no_dr,false,200,1596277418624,1596277418794,170
aws,aws_dynamo_writes_no_dr,false,200,1596277418794,1596277418974,180
aws,aws_dynamo_writes_no_dr,false,200,1596277418975,1596277419127,152
aws,aws_dynamo_writes_no_dr,false,200,1596277419127,1596277419302,175
aws,aws_dynamo_writes_no_dr,false,200,1596277419303,1596277419467,164
aws,aws_dynamo_writes_no_dr,false,200,1596277419468,1596277419650,182
aws,aws_dynamo_writes_no_dr,false,200,1596277419651,1596277419843,192
aws,aws_dynamo_writes_no_dr,false,200,1596277419843,1596277420038,195
aws,aws_dynamo_writes_no_dr,false,200,1596277420039,1596277420207,168
aws,aws_dynamo_writes_no_dr,false,200,1596277420207,1596277420385,178
aws,aws_dynamo_writes_no_dr,false,200,1596277420385,1596277420571,186
aws,aws_dynamo_writes_no_dr,false,200,1596277420571,1596277420740,169
aws,aws_dynamo_writes_no_dr,false,200,1596277420740,1596277420907,167
aws,aws_dynamo_writes_no_dr,false,200,1596277420907,1596277421091,184
aws,aws_dynamo_writes_no_dr,false,200,1596277421092,1596277421249,157
aws,aws_dynamo_writes_no_dr,false,200,1596277421250,1596277421411,161
aws,aws_dynamo_writes_no_dr,false,200,1596277421411,1596277421575,164
aws,aws_dynamo_writes_no_dr,false,200,1596277421575,1596277421829,254
aws,aws_dynamo_writes_no_dr,false,200,1596277421830,1596277422005,175
aws,aws_dynamo_writes_no_dr,false,200,1596277422006,1596277422176,170
aws,aws_dynamo_writes_no_dr,false,200,1596277422176,1596277422343,167
aws,aws_dynamo_writes_no_dr,false,200,1596277422343,1596277422544,201
aws,aws_dynamo_writes_no_dr,false,200,1596277422544,1596277422707,163
aws,aws_dynamo_writes_no_dr,false,200,1596277422707,1596277422888,181
aws,aws_dynamo_writes_no_dr,false,200,1596277422888,1596277423054,166
aws,aws_dynamo_writes_no_dr,false,200,1596277423054,1596277423215,161
aws,aws_dynamo_writes_no_dr,false,200,1596277423215,1596277423430,215
aws,aws_dynamo_writes_no_dr,false,200,1596277423430,1596277423583,153
aws,aws_dynamo_writes_no_dr,false,200,1596277423583,1596277423744,161
aws,aws_dynamo_writes_no_dr,false,200,1596277423745,1596277423898,153
aws,aws_dynamo_writes_no_dr,false,200,1596277423898,1596277424053,155
aws,aws_dynamo_writes_no_dr,false,200,1596277424055,1596277424234,179
aws,aws_dynamo_writes_no_dr,false,200,1596277424234,1596277424392,158
aws,aws_dynamo_writes_no_dr,false,200,1596277424392,1596277424580,188
aws,aws_dynamo_writes_no_dr,false,200,1596277424580,1596277424757,177
aws,aws_dynamo_writes_no_dr,false,200,1596277424758,1596277424923,165
aws,aws_dynamo_writes_no_dr,false,200,1596277424924,1596277425085,161
aws,aws_dynamo_writes_no_dr,false,200,1596277425086,1596277425258,172
aws,aws_dynamo_writes_no_dr,false,200,1596277425258,1596277425426,168
aws,aws_dynamo_writes_no_dr,false,200,1596277425426,1596277425623,197
aws,aws_dynamo_writes_no_dr,false,200,1596277425623,1596277425783,160
aws,aws_dynamo_writes_no_dr,false,200,1596277425783,1596277426036,253
aws,aws_dynamo_writes_no_dr,false,200,1596277426036,1596277426216,180
aws,aws_dynamo_writes_no_dr,false,200,1596277426216,1596277426408,192
aws,aws_dynamo_writes_no_dr,false,200,1596277426409,1596277426621,212
aws,aws_dynamo_writes_no_dr,false,200,1596277426621,1596277426913,292
aws,aws_dynamo_writes_no_dr,false,200,1596277426913,1596277427108,195
aws,aws_dynamo_writes_no_dr,false,200,1596277427108,1596277427293,185
aws,aws_dynamo_writes_no_dr,false,200,1596277427293,1596277427499,206
aws,aws_dynamo_writes_no_dr,false,200,1596277427499,1596277427654,155
aws,aws_dynamo_writes_no_dr,false,200,1596277427655,1596277427818,163
aws,aws_dynamo_writes_no_dr,false,200,1596277427818,1596277427974,156
aws,aws_dynamo_writes_no_dr,false,200,1596277427974,1596277428142,168
aws,aws_dynamo_writes_no_dr,false,200,1596277428143,1596277428319,176
aws,aws_dynamo_writes_no_dr,false,200,1596277428319,1596277428471,152
aws,aws_dynamo_writes_no_dr,false,200,1596277428471,1596277428672,201
aws,aws_dynamo_writes_no_dr,false,200,1596277428673,1596277428860,187
aws,aws_dynamo_writes_no_dr,false,200,1596277428860,1596277429033,173
aws,aws_dynamo_writes_no_dr,false,200,1596277429033,1596277429176,143
aws,aws_dynamo_writes_no_dr,false,200,1596277429176,1596277429323,147
aws,aws_dynamo_writes_no_dr,false,200,1596277429323,1596277429479,156
aws,aws_dynamo_writes_no_dr,false,200,1596277429479,1596277429664,185
aws,aws_dynamo_writes_no_dr,false,200,1596277429665,1596277429823,158
aws,aws_dynamo_writes_no_dr,false,200,1596277429823,1596277429974,151
aws,aws_dynamo_writes_no_dr,false,200,1596277429974,1596277430155,181
aws,aws_dynamo_writes_no_dr,false,200,1596277430155,1596277430325,170
aws,aws_dynamo_writes_no_dr,false,200,1596277430326,1596277430512,186
aws,aws_dynamo_writes_no_dr,false,200,1596277430512,1596277430670,158
aws,aws_dynamo_writes_no_dr,false,200,1596277430670,1596277430833,163
aws,aws_dynamo_writes_no_dr,false,200,1596277430833,1596277431026,193
aws,aws_dynamo_writes_no_dr,false,200,1596277431027,1596277431222,195
aws,aws_dynamo_writes_no_dr,false,200,1596277431222,1596277431426,204
aws,aws_dynamo_writes_no_dr,false,200,1596277431426,1596277431603,177
aws,aws_dynamo_writes_no_dr,false,200,1596277431604,1596277431832,228
aws,aws_dynamo_writes_no_dr,false,200,1596277431832,1596277432004,172
aws,aws_dynamo_writes_no_dr,false,200,1596277432005,1596277432197,192
aws,aws_dynamo_writes_no_dr,false,200,1596277432197,1596277432355,158
aws,aws_dynamo_writes_no_dr,false,200,1596277432356,1596277432533,177
aws,aws_dynamo_writes_no_dr,false,200,1596277432533,1596277432723,190
aws,aws_dynamo_writes_no_dr,false,200,1596277432723,1596277432894,171
aws,aws_dynamo_writes_no_dr,false,200,1596277432895,1596277433075,180
aws,aws_dynamo_writes_no_dr,false,200,1596277433075,1596277433294,219
aws,aws_dynamo_writes_no_dr,false,200,1596277433294,1596277433472,178
aws,aws_dynamo_writes_no_dr,false,200,1596277433472,1596277433663,191
aws,aws_dynamo_writes_no_dr,false,200,1596277433664,1596277433824,160
aws,aws_dynamo_writes_no_dr,false,200,1596277433825,1596277434017,192
aws,aws_dynamo_writes_no_dr,false,200,1596277434017,1596277434189,172
aws,aws_dynamo_writes_no_dr,false,200,1596277434189,1596277434350,161
aws,aws_dynamo_writes_no_dr,false,200,1596277434350,1596277434532,182
aws,aws_dynamo_writes_no_dr,false,200,1596277434532,1596277434843,311
aws,aws_dynamo_writes_no_dr,false,200,1596277434843,1596277435022,179
aws,aws_dynamo_writes_no_dr,false,200,1596277435022,1596277435185,163
aws,aws_dynamo_writes_no_dr,false,200,1596277435185,1596277435356,171
aws,aws_dynamo_writes_no_dr,false,200,1596277435357,1596277435534,177
aws,aws_dynamo_writes_no_dr,false,200,1596277435534,1596277435693,159
aws,aws_dynamo_writes_no_dr,false,200,1596277435693,1596277435845,152
aws,aws_dynamo_writes_no_dr,false,200,1596277435845,1596277436003,158
aws,aws_dynamo_writes_no_dr,false,200,1596277436003,1596277436176,173
aws,aws_dynamo_writes_no_dr,false,200,1596277436177,1596277436340,163
aws,aws_dynamo_writes_no_dr,false,200,1596277436340,1596277436503,163
aws,aws_dynamo_writes_no_dr,false,200,1596277436503,1596277436680,177
aws,aws_dynamo_writes_no_dr,false,200,1596277436680,1596277436877,197
aws,aws_dynamo_writes_no_dr,false,200,1596277436878,1596277437061,183
aws,aws_dynamo_writes_no_dr,false,200,1596277437061,1596277437215,154
aws,aws_dynamo_writes_no_dr,false,200,1596277437215,1596277437377,162
aws,aws_dynamo_writes_no_dr,false,200,1596277437378,1596277437549,171
aws,aws_dynamo_writes_no_dr,false,200,1596277437549,1596277437878,329
aws,aws_dynamo_writes_no_dr,false,200,1596277437878,1596277438176,298
aws,aws_dynamo_writes_no_dr,false,200,1596277438177,1596277438359,182
aws,aws_dynamo_writes_no_dr,false,200,1596277438359,1596277438537,178
aws,aws_dynamo_writes_no_dr,false,200,1596277438537,1596277438698,161
aws,aws_dynamo_writes_no_dr,false,200,1596277438698,1596277438877,179
aws,aws_dynamo_writes_no_dr,false,200,1596277438878,1596277439031,153
aws,aws_dynamo_writes_no_dr,false,200,1596277439031,1596277439192,161
aws,aws_dynamo_writes_no_dr,false,200,1596277439192,1596277439389,197
aws,aws_dynamo_writes_no_dr,false,200,1596277439389,1596277439543,154
aws,aws_dynamo_writes_no_dr,false,200,1596277439543,1596277439734,191
aws,aws_dynamo_writes_no_dr,false,200,1596277439735,1596277439905,170
aws,aws_dynamo_writes_no_dr,false,200,1596277439906,1596277440082,176
aws,aws_dynamo_writes_no_dr,false,200,1596277440083,1596277440245,162
aws,aws_dynamo_writes_no_dr,false,200,1596277440245,1596277440417,172
aws,aws_dynamo_writes_no_dr,false,200,1596277440417,1596277440588,171
aws,aws_dynamo_writes_no_dr,false,200,1596277440588,1596277440748,160
aws,aws_dynamo_writes_no_dr,false,200,1596277440748,1596277440904,156
aws,aws_dynamo_writes_no_dr,false,200,1596277440904,1596277441074,170
aws,aws_dynamo_writes_no_dr,false,200,1596277441074,1596277441278,204
aws,aws_dynamo_writes_no_dr,false,200,1596277441279,1596277441437,158
aws,aws_dynamo_writes_no_dr,false,200,1596277441438,1596277441618,180
aws,aws_dynamo_writes_no_dr,false,200,1596277441618,1596277441772,154
aws,aws_dynamo_writes_no_dr,false,200,1596277441772,1596277441958,186
aws,aws_dynamo_writes_no_dr,false,200,1596277441958,1596277442133,175
aws,aws_dynamo_writes_no_dr,false,200,1596277442133,1596277442283,150
aws,aws_dynamo_writes_no_dr,false,200,1596277442283,1596277442461,178
aws,aws_dynamo_writes_no_dr,false,200,1596277442462,1596277442633,171
aws,aws_dynamo_writes_no_dr,false,200,1596277442634,1596277442833,199
aws,aws_dynamo_writes_no_dr,false,200,1596277442834,1596277442983,149
aws,aws_dynamo_writes_no_dr,false,200,1596277442983,1596277443174,191
aws,aws_dynamo_writes_no_dr,false,200,1596277443174,1596277443363,189
aws,aws_dynamo_writes_no_dr,false,200,1596277443364,1596277443521,157
aws,aws_dynamo_writes_no_dr,false,200,1596277443522,1596277443683,161
aws,aws_dynamo_writes_no_dr,false,200,1596277443683,1596277443831,148
aws,aws_dynamo_writes_no_dr,false,200,1596277443831,1596277443997,166
aws,aws_dynamo_writes_no_dr,false,200,1596277443998,1596277444151,153
aws,aws_dynamo_writes_no_dr,false,200,1596277444152,1596277444297,145
aws,aws_dynamo_writes_no_dr,false,200,1596277444298,1596277444532,234
aws,aws_dynamo_writes_no_dr,false,200,1596277444533,1596277444708,175
aws,aws_dynamo_writes_no_dr,false,200,1596277444708,1596277444883,175
aws,aws_dynamo_writes_no_dr,false,200,1596277444883,1596277445054,171
aws,aws_dynamo_writes_no_dr,false,200,1596277445054,1596277445213,159
aws,aws_dynamo_writes_no_dr,false,200,1596277445213,1596277445403,190
aws,aws_dynamo_writes_no_dr,false,200,1596277445403,1596277445600,197
aws,aws_dynamo_writes_no_dr,false,200,1596277445600,1596277445811,211
aws,aws_dynamo_writes_no_dr,false,200,1596277445811,1596277445979,168
aws,aws_dynamo_writes_no_dr,false,200,1596277445981,1596277446160,179
aws,aws_dynamo_writes_no_dr,false,200,1596277446160,1596277446413,253
aws,aws_dynamo_writes_no_dr,false,200,1596277446413,1596277446585,172
aws,aws_dynamo_writes_no_dr,false,200,1596277446585,1596277446775,190
aws,aws_dynamo_writes_no_dr,false,200,1596277446776,1596277446929,153
aws,aws_dynamo_writes_no_dr,false,200,1596277446930,1596277447113,183
aws,aws_dynamo_writes_no_dr,false,200,1596277447113,1596277447274,161
aws,aws_dynamo_writes_no_dr,false,200,1596277447274,1596277447456,182
aws,aws_dynamo_writes_no_dr,false,200,1596277447456,1596277447622,166
aws,aws_dynamo_writes_no_dr,false,200,1596277447622,1596277447824,202
aws,aws_dynamo_writes_no_dr,false,200,1596277447825,1596277447974,149
aws,aws_dynamo_writes_no_dr,false,200,1596277447974,1596277448151,177
aws,aws_dynamo_writes_no_dr,false,200,1596277448151,1596277448393,242
aws,aws_dynamo_writes_no_dr,false,200,1596277448393,1596277448600,207
aws,aws_dynamo_writes_no_dr,false,200,1596277448600,1596277448765,165
aws,aws_dynamo_writes_no_dr,false,200,1596277448765,1596277448935,170
aws,aws_dynamo_writes_no_dr,false,200,1596277448935,1596277449094,159
aws,aws_dynamo_writes_no_dr,false,200,1596277449232,1596277449406,174
aws,aws_dynamo_writes_no_dr,false,200,1596277449406,1596277449591,185
aws,aws_dynamo_writes_no_dr,false,200,1596277449591,1596277449768,177
aws,aws_dynamo_writes_no_dr,false,200,1596277449768,1596277449936,168
aws,aws_dynamo_writes_no_dr,false,200,1596277449937,1596277450103,166
aws,aws_dynamo_writes_no_dr,false,200,1596277450103,1596277450313,210
aws,aws_dynamo_writes_no_dr,false,200,1596277450314,1596277450481,167
aws,aws_dynamo_writes_no_dr,false,200,1596277450482,1596277450671,189
aws,aws_dynamo_writes_no_dr,false,200,1596277450671,1596277450861,190
aws,aws_dynamo_writes_no_dr,false,200,1596277450862,1596277451042,180
aws,aws_dynamo_writes_no_dr,false,200,1596277451043,1596277451202,159
aws,aws_dynamo_writes_no_dr,false,200,1596277451202,1596277451365,163
aws,aws_dynamo_writes_no_dr,false,200,1596277451365,1596277451544,179
aws,aws_dynamo_writes_no_dr,false,200,1596277451544,1596277451711,167
aws,aws_dynamo_writes_no_dr,false,200,1596277451711,1596277451888,177
aws,aws_dynamo_writes_no_dr,false,200,1596277451888,1596277452071,183
aws,aws_dynamo_writes_no_dr,false,200,1596277452071,1596277452337,266
aws,aws_dynamo_writes_no_dr,false,200,1596277452338,1596277452509,171
aws,aws_dynamo_writes_no_dr,false,200,1596277452509,1596277452725,216
aws,aws_dynamo_writes_no_dr,false,200,1596277452725,1596277452889,164
aws,aws_dynamo_writes_no_dr,false,200,1596277452889,1596277453036,147
aws,aws_dynamo_writes_no_dr,false,200,1596277453036,1596277453444,408
aws,aws_dynamo_writes_no_dr,false,200,1596277453444,1596277453627,183
aws,aws_dynamo_writes_no_dr,false,200,1596277453628,1596277453837,209
aws,aws_dynamo_writes_no_dr,false,200,1596277453837,1596277454032,195
aws,aws_dynamo_writes_no_dr,false,200,1596277454033,1596277454300,267
aws,aws_dynamo_writes_no_dr,false,200,1596277454301,1596277454464,163
aws,aws_dynamo_writes_no_dr,false,200,1596277454465,1596277454643,178
aws,aws_dynamo_writes_no_dr,false,200,1596277454644,1596277454807,163
aws,aws_dynamo_writes_no_dr,false,200,1596277454807,1596277454955,148
aws,aws_dynamo_writes_no_dr,false,200,1596277454955,1596277455164,209
aws,aws_dynamo_writes_no_dr,false,200,1596277455164,1596277455332,168
aws,aws_dynamo_writes_no_dr,false,200,1596277455332,1596277455492,160
aws,aws_dynamo_writes_no_dr,false,200,1596277455493,1596277455664,171
aws,aws_dynamo_writes_no_dr,false,200,1596277455665,1596277455823,158
aws,aws_dynamo_writes_no_dr,false,200,1596277455824,1596277455982,158
aws,aws_dynamo_writes_no_dr,false,200,1596277455982,1596277456217,235
aws,aws_dynamo_writes_no_dr,false,200,1596277456218,1596277456388,170
aws,aws_dynamo_writes_no_dr,false,200,1596277456389,1596277456556,167
aws,aws_dynamo_writes_no_dr,false,200,1596277456556,1596277456716,160
aws,aws_dynamo_writes_no_dr,false,200,1596277456717,1596277456883,166
aws,aws_dynamo_writes_no_dr,false,200,1596277456883,1596277457038,155
aws,aws_dynamo_writes_no_dr,false,200,1596277457039,1596277457211,172
aws,aws_dynamo_writes_no_dr,false,200,1596277457211,1596277457366,155
aws,aws_dynamo_writes_no_dr,false,200,1596277457366,1596277457566,200
aws,aws_dynamo_writes_no_dr,false,200,1596277457566,1596277457735,169
aws,aws_dynamo_writes_no_dr,false,200,1596277457736,1596277457895,159
aws,aws_dynamo_writes_no_dr,false,200,1596277457896,1596277458168,272
aws,aws_dynamo_writes_no_dr,false,200,1596277458168,1596277458343,175
aws,aws_dynamo_writes_no_dr,false,200,1596277458344,1596277458514,170
aws,aws_dynamo_writes_no_dr,false,200,1596277458515,1596277458682,167
aws,aws_dynamo_writes_no_dr,false,200,1596277458682,1596277458859,177
aws,aws_dynamo_writes_no_dr,false,200,1596277458859,1596277459033,174
aws,aws_dynamo_writes_no_dr,false,200,1596277459033,1596277459427,394
aws,aws_dynamo_writes_no_dr,false,200,1596277459427,1596277459586,159
aws,aws_dynamo_writes_no_dr,false,200,1596277459586,1596277459755,169
aws,aws_dynamo_writes_no_dr,false,200,1596277459756,1596277459926,170
aws,aws_dynamo_writes_no_dr,false,200,1596277459926,1596277460129,203
aws,aws_dynamo_writes_no_dr,false,200,1596277460130,1596277460326,196
aws,aws_dynamo_writes_no_dr,false,200,1596277460348,1596277460517,169
aws,aws_dynamo_writes_no_dr,false,200,1596277460518,1596277460717,199
aws,aws_dynamo_writes_no_dr,false,200,1596277460718,1596277460897,179
aws,aws_dynamo_writes_no_dr,false,200,1596277460897,1596277461060,163
aws,aws_dynamo_writes_no_dr,false,200,1596277461061,1596277461228,167
aws,aws_dynamo_writes_no_dr,false,200,1596277461228,1596277461395,167
aws,aws_dynamo_writes_no_dr,false,200,1596277461396,1596277461546,150
aws,aws_dynamo_writes_no_dr,false,200,1596277461546,1596277461740,194
aws,aws_dynamo_writes_no_dr,false,200,1596277461741,1596277462027,286
aws,aws_dynamo_writes_no_dr,false,200,1596277462027,1596277462184,157
aws,aws_dynamo_writes_no_dr,false,200,1596277462184,1596277462359,175
aws,aws_dynamo_writes_no_dr,false,200,1596277462359,1596277462572,213
aws,aws_dynamo_writes_no_dr,false,200,1596277462572,1596277462765,193
aws,aws_dynamo_writes_no_dr,false,200,1596277462765,1596277463066,301
aws,aws_dynamo_writes_no_dr,false,200,1596277463066,1596277463218,152
aws,aws_dynamo_writes_no_dr,false,200,1596277463218,1596277463429,211
aws,aws_dynamo_writes_no_dr,false,200,1596277463430,1596277463590,160
aws,aws_dynamo_writes_no_dr,false,200,1596277463591,1596277463773,182
aws,aws_dynamo_writes_no_dr,false,200,1596277463773,1596277463934,161
aws,aws_dynamo_writes_no_dr,false,200,1596277463935,1596277464090,155
aws,aws_dynamo_writes_no_dr,false,200,1596277464090,1596277464283,193
aws,aws_dynamo_writes_no_dr,false,200,1596277464284,1596277464453,169
aws,aws_dynamo_writes_no_dr,false,200,1596277464454,1596277464683,229
aws,aws_dynamo_writes_no_dr,false,200,1596277464683,1596277464828,145
aws,aws_dynamo_writes_no_dr,false,200,1596277464829,1596277464994,165
aws,aws_dynamo_writes_no_dr,false,200,1596277464994,1596277465129,135
aws,aws_dynamo_writes_no_dr,false,200,1596277465130,1596277465288,158
aws,aws_dynamo_writes_no_dr,false,200,1596277465289,1596277465457,168
aws,aws_dynamo_writes_no_dr,false,200,1596277465458,1596277465657,199
aws,aws_dynamo_writes_no_dr,false,200,1596277465657,1596277465815,158
aws,aws_dynamo_writes_no_dr,false,200,1596277465815,1596277465962,147
aws,aws_dynamo_writes_no_dr,false,200,1596277465963,1596277466184,221
aws,aws_dynamo_writes_no_dr,false,200,1596277466184,1596277466339,155
aws,aws_dynamo_writes_no_dr,false,200,1596277466340,1596277466504,164
aws,aws_dynamo_writes_no_dr,false,200,1596277466505,1596277466663,158
aws,aws_dynamo_writes_no_dr,false,200,1596277466663,1596277466967,304
aws,aws_dynamo_writes_no_dr,false,200,1596277466968,1596277467156,188
aws,aws_dynamo_writes_no_dr,false,200,1596277467156,1596277467317,161
aws,aws_dynamo_writes_no_dr,false,200,1596277467317,1596277467485,168
aws,aws_dynamo_writes_no_dr,false,200,1596277467485,1596277467656,171
aws,aws_dynamo_writes_no_dr,false,200,1596277467656,1596277467865,209
aws,aws_dynamo_writes_no_dr,false,200,1596277467865,1596277468054,189
aws,aws_dynamo_writes_no_dr,false,200,1596277468054,1596277468239,185
aws,aws_dynamo_writes_no_dr,false,200,1596277468240,1596277468436,196
aws,aws_dynamo_writes_no_dr,false,200,1596277468437,1596277468671,234
aws,aws_dynamo_writes_no_dr,false,200,1596277468672,1596277470027,1355
aws,aws_dynamo_writes_no_dr,false,200,1596277470027,1596277470175,148
aws,aws_dynamo_writes_no_dr,false,200,1596277470175,1596277470335,160
aws,aws_dynamo_writes_no_dr,false,200,1596277470335,1596277470501,166
aws,aws_dynamo_writes_no_dr,false,200,1596277470510,1596277470934,424
aws,aws_dynamo_writes_no_dr,false,200,1596277470934,1596277471134,200
aws,aws_dynamo_writes_no_dr,false,200,1596277471134,1596277471342,208
aws,aws_dynamo_writes_no_dr,false,200,1596277471343,1596277471543,200
aws,aws_dynamo_writes_no_dr,false,200,1596277471543,1596277471748,205
aws,aws_dynamo_writes_no_dr,false,200,1596277471749,1596277471946,197
aws,aws_dynamo_writes_no_dr,false,200,1596277471947,1596277472130,183
aws,aws_dynamo_writes_no_dr,false,200,1596277472130,1596277472296,166
aws,aws_dynamo_writes_no_dr,false,200,1596277472297,1596277472453,156
aws,aws_dynamo_writes_no_dr,false,200,1596277472453,1596277472724,271
aws,aws_dynamo_writes_no_dr,false,200,1596277472724,1596277472890,166
aws,aws_dynamo_writes_no_dr,false,200,1596277472890,1596277473083,193
aws,aws_dynamo_writes_no_dr,false,200,1596277473083,1596277473232,149
aws,aws_dynamo_writes_no_dr,false,200,1596277473233,1596277473386,153
aws,aws_dynamo_writes_no_dr,false,200,1596277473387,1596277473576,189
aws,aws_dynamo_writes_no_dr,false,200,1596277473576,1596277475240,1664
aws,aws_dynamo_writes_no_dr,false,200,1596277475241,1596277475428,187
aws,aws_dynamo_writes_no_dr,false,200,1596277475429,1596277475601,172
aws,aws_dynamo_writes_no_dr,false,200,1596277475601,1596277475775,174
aws,aws_dynamo_writes_no_dr,false,200,1596277475776,1596277475982,206
aws,aws_dynamo_writes_no_dr,false,200,1596277475982,1596277476145,163
aws,aws_dynamo_writes_no_dr,false,200,1596277476145,1596277476315,170
aws,aws_dynamo_writes_no_dr,false,200,1596277476315,1596277476480,165
aws,aws_dynamo_writes_no_dr,false,200,1596277476480,1596277476695,215
aws,aws_dynamo_writes_no_dr,false,200,1596277476696,1596277476869,173
aws,aws_dynamo_writes_no_dr,false,200,1596277476869,1596277477043,174
aws,aws_dynamo_writes_no_dr,false,200,1596277477044,1596277477286,242
aws,aws_dynamo_writes_no_dr,false,200,1596277477286,1596277477464,178
aws,aws_dynamo_writes_no_dr,false,200,1596277477464,1596277477626,162
aws,aws_dynamo_writes_no_dr,false,200,1596277477627,1596277477805,178
aws,aws_dynamo_writes_no_dr,false,200,1596277477805,1596277477994,189
aws,aws_dynamo_writes_no_dr,false,200,1596277477994,1596277478169,175
aws,aws_dynamo_writes_no_dr,false,200,1596277478169,1596277478364,195
aws,aws_dynamo_writes_no_dr,false,200,1596277478370,1596277478625,255
aws,aws_dynamo_writes_no_dr,false,200,1596277478625,1596277478796,171
aws,aws_dynamo_writes_no_dr,false,200,1596277478797,1596277478965,168
aws,aws_dynamo_writes_no_dr,false,200,1596277478965,1596277479136,171
aws,aws_dynamo_writes_no_dr,false,200,1596277479136,1596277479306,170
aws,aws_dynamo_writes_no_dr,false,200,1596277479306,1596277479480,174
aws,aws_dynamo_writes_no_dr,false,200,1596277479480,1596277479637,157
aws,aws_dynamo_writes_no_dr,false,200,1596277479637,1596277479825,188
aws,aws_dynamo_writes_no_dr,false,200,1596277479827,1596277479984,157
aws,aws_dynamo_writes_no_dr,false,200,1596277479984,1596277480163,179
aws,aws_dynamo_writes_no_dr,false,200,1596277480163,1596277480336,173
aws,aws_dynamo_writes_no_dr,false,200,1596277480336,1596277480503,167
aws,aws_dynamo_writes_no_dr,false,200,1596277480503,1596277480679,176
aws,aws_dynamo_writes_no_dr,false,200,1596277480679,1596277480848,169
aws,aws_dynamo_writes_no_dr,false,200,1596277480848,1596277481011,163
aws,aws_dynamo_writes_no_dr,false,200,1596277481011,1596277481212,201
aws,aws_dynamo_writes_no_dr,false,200,1596277481212,1596277481369,157
aws,aws_dynamo_writes_no_dr,false,200,1596277481369,1596277481534,165
aws,aws_dynamo_writes_no_dr,false,200,1596277481534,1596277481701,167
aws,aws_dynamo_writes_no_dr,false,200,1596277481701,1596277481856,155
aws,aws_dynamo_writes_no_dr,false,200,1596277481856,1596277486532,4676
aws,aws_dynamo_writes_no_dr,false,200,1596277486532,1596277486693,161
aws,aws_dynamo_writes_no_dr,false,200,1596277486694,1596277486859,165
aws,aws_dynamo_writes_no_dr,false,200,1596277486859,1596277487038,179
aws,aws_dynamo_writes_no_dr,false,200,1596277487038,1596277487207,169
aws,aws_dynamo_writes_no_dr,false,200,1596277487208,1596277487360,152
aws,aws_dynamo_writes_no_dr,false,200,1596277487361,1596277487512,151
aws,aws_dynamo_writes_no_dr,false,200,1596277487513,1596277487675,162
aws,aws_dynamo_writes_no_dr,false,200,1596277487675,1596277487829,154
aws,aws_dynamo_writes_no_dr,false,200,1596277487830,1596277488018,188
aws,aws_dynamo_writes_no_dr,false,200,1596277488018,1596277488173,155
aws,aws_dynamo_writes_no_dr,false,200,1596277488174,1596277488338,164
aws,aws_dynamo_writes_no_dr,false,200,1596277488338,1596277488526,188
aws,aws_dynamo_writes_no_dr,false,200,1596277488527,1596277488673,146
aws,aws_dynamo_writes_no_dr,false,200,1596277488673,1596277488845,172
aws,aws_dynamo_writes_no_dr,false,200,1596277488845,1596277489003,158
aws,aws_dynamo_writes_no_dr,false,200,1596277489003,1596277489172,169
aws,aws_dynamo_writes_no_dr,false,200,1596277489172,1596277489344,172
aws,aws_dynamo_writes_no_dr,false,200,1596277489345,1596277489501,156
aws,aws_dynamo_writes_no_dr,false,200,1596277489501,1596277489683,182
aws,aws_dynamo_writes_no_dr,false,200,1596277489684,1596277489862,178
aws,aws_dynamo_writes_no_dr,false,200,1596277489862,1596277490033,171
aws,aws_dynamo_writes_no_dr,false,200,1596277490033,1596277490287,254
aws,aws_dynamo_writes_no_dr,false,200,1596277490287,1596277490473,186
aws,aws_dynamo_writes_no_dr,false,200,1596277490473,1596277490710,237
aws,aws_dynamo_writes_no_dr,false,200,1596277490710,1596277490898,188
aws,aws_dynamo_writes_no_dr,false,200,1596277490898,1596277491065,167
aws,aws_dynamo_writes_no_dr,false,200,1596277491065,1596277491222,157
aws,aws_dynamo_writes_no_dr,false,200,1596277491222,1596277491390,168
aws,aws_dynamo_writes_no_dr,false,200,1596277491390,1596277491543,153
aws,aws_dynamo_writes_no_dr,false,200,1596277491544,1596277491710,166
aws,aws_dynamo_writes_no_dr,false,200,1596277491711,1596277491891,180
aws,aws_dynamo_writes_no_dr,false,200,1596277491891,1596277492062,171
aws,aws_dynamo_writes_no_dr,false,200,1596277492062,1596277492222,160
aws,aws_dynamo_writes_no_dr,false,200,1596277492222,1596277492385,163
aws,aws_dynamo_writes_no_dr,false,200,1596277492385,1596277492555,170
aws,aws_dynamo_writes_no_dr,false,200,1596277492555,1596277492716,161
aws,aws_dynamo_writes_no_dr,false,200,1596277492716,1596277492867,151
aws,aws_dynamo_writes_no_dr,false,200,1596277492868,1596277493024,156
aws,aws_dynamo_writes_no_dr,false,200,1596277493024,1596277493213,189
aws,aws_dynamo_writes_no_dr,false,200,1596277493213,1596277493383,170
aws,aws_dynamo_writes_no_dr,false,200,1596277493383,1596277493582,199
aws,aws_dynamo_writes_no_dr,false,200,1596277493582,1596277493740,158
aws,aws_dynamo_writes_no_dr,false,200,1596277493741,1596277493893,152
aws,aws_dynamo_writes_no_dr,false,200,1596277493893,1596277494120,227
aws,aws_dynamo_writes_no_dr,false,200,1596277494120,1596277494280,160
aws,aws_dynamo_writes_no_dr,false,200,1596277494280,1596277494446,166
aws,aws_dynamo_writes_no_dr,false,200,1596277494446,1596277494648,202
aws,aws_dynamo_writes_no_dr,false,200,1596277494649,1596277494829,180
aws,aws_dynamo_writes_no_dr,false,200,1596277494830,1596277495003,173
aws,aws_dynamo_writes_no_dr,false,200,1596277495003,1596277495186,183
aws,aws_dynamo_writes_no_dr,false,200,1596277495187,1596277495368,181
aws,aws_dynamo_writes_no_dr,false,200,1596277495368,1596277495560,192
aws,aws_dynamo_writes_no_dr,false,200,1596277495561,1596277495717,156
aws,aws_dynamo_writes_no_dr,false,200,1596277495717,1596277495881,164
aws,aws_dynamo_writes_no_dr,false,200,1596277495882,1596277496072,190
aws,aws_dynamo_writes_no_dr,false,200,1596277496072,1596277496242,170
aws,aws_dynamo_writes_no_dr,false,200,1596277496242,1596277496472,230
aws,aws_dynamo_writes_no_dr,false,200,1596277496472,1596277496627,155
aws,aws_dynamo_writes_no_dr,false,200,1596277496627,1596277496785,158
aws,aws_dynamo_writes_no_dr,false,200,1596277496786,1596277496946,160
aws,aws_dynamo_writes_no_dr,false,200,1596277496946,1596277497109,163
aws,aws_dynamo_writes_no_dr,false,200,1596277497110,1596277497256,146
aws,aws_dynamo_writes_no_dr,false,200,1596277497256,1596277497432,176
aws,aws_dynamo_writes_no_dr,false,200,1596277497432,1596277497594,162
aws,aws_dynamo_writes_no_dr,false,200,1596277497594,1596277497826,232
aws,aws_dynamo_writes_no_dr,false,200,1596277497826,1596277498247,421
aws,aws_dynamo_writes_no_dr,false,200,1596277498247,1596277498400,153
aws,aws_dynamo_writes_no_dr,false,200,1596277498401,1596277498554,153
aws,aws_dynamo_writes_no_dr,false,200,1596277498555,1596277498723,168
aws,aws_dynamo_writes_no_dr,false,200,1596277498724,1596277498918,194
aws,aws_dynamo_writes_no_dr,false,200,1596277498918,1596277499083,165
aws,aws_dynamo_writes_no_dr,false,200,1596277499083,1596277499288,205
aws,aws_dynamo_writes_no_dr,false,200,1596277499288,1596277499453,165
aws,aws_dynamo_writes_no_dr,false,200,1596277499453,1596277499629,176
aws,aws_dynamo_writes_no_dr,false,200,1596277499629,1596277499818,189
aws,aws_dynamo_writes_no_dr,false,200,1596277499818,1596277500124,306
aws,aws_dynamo_writes_no_dr,false,200,1596277500125,1596277500296,171
aws,aws_dynamo_writes_no_dr,false,200,1596277500296,1596277500444,148
aws,aws_dynamo_writes_no_dr,false,200,1596277500444,1596277500601,157
aws,aws_dynamo_writes_no_dr,false,200,1596277500602,1596277500747,145
aws,aws_dynamo_writes_no_dr,false,200,1596277500748,1596277500924,176
aws,aws_dynamo_writes_no_dr,false,200,1596277500925,1596277501155,230
aws,aws_dynamo_writes_no_dr,false,200,1596277501155,1596277501320,165
aws,aws_dynamo_writes_no_dr,false,200,1596277501320,1596277501486,166
aws,aws_dynamo_writes_no_dr,false,200,1596277501486,1596277501670,184
aws,aws_dynamo_writes_no_dr,false,200,1596277501670,1596277501831,161
aws,aws_dynamo_writes_no_dr,false,200,1596277501831,1596277501983,152
aws,aws_dynamo_writes_no_dr,false,200,1596277501984,1596277502155,171
aws,aws_dynamo_writes_no_dr,false,200,1596277502156,1596277502332,176
aws,aws_dynamo_writes_no_dr,false,200,1596277502332,1596277502492,160
aws,aws_dynamo_writes_no_dr,false,200,1596277502493,1596277502646,153
aws,aws_dynamo_writes_no_dr,false,200,1596277502647,1596277502814,167
aws,aws_dynamo_writes_no_dr,false,200,1596277502814,1596277502994,180
aws,aws_dynamo_writes_no_dr,false,200,1596277502995,1596277503151,156
aws,aws_dynamo_writes_no_dr,false,200,1596277503152,1596277504319,1167
aws,aws_dynamo_writes_no_dr,false,200,1596277504319,1596277504470,151
aws,aws_dynamo_writes_no_dr,false,200,1596277504471,1596277504624,153
aws,aws_dynamo_writes_no_dr,false,200,1596277504624,1596277504788,164
aws,aws_dynamo_writes_no_dr,false,200,1596277504788,1596277504968,180
aws,aws_dynamo_writes_no_dr,false,200,1596277504969,1596277505134,165
aws,aws_dynamo_writes_no_dr,false,200,1596277505134,1596277505328,194
aws,aws_dynamo_writes_no_dr,false,200,1596277505329,1596277505517,188
aws,aws_dynamo_writes_no_dr,false,200,1596277505517,1596277505755,238
aws,aws_dynamo_writes_no_dr,false,200,1596277505755,1596277505959,204
aws,aws_dynamo_writes_no_dr,false,200,1596277505960,1596277506148,188
aws,aws_dynamo_writes_no_dr,false,200,1596277506148,1596277506739,591
aws,aws_dynamo_writes_no_dr,false,200,1596277506739,1596277506966,227
aws,aws_dynamo_writes_no_dr,false,200,1596277506966,1596277507144,178
aws,aws_dynamo_writes_no_dr,false,200,1596277507144,1596277507304,160
aws,aws_dynamo_writes_no_dr,false,200,1596277507304,1596277507462,158
aws,aws_dynamo_writes_no_dr,false,200,1596277507462,1596277507639,177
aws,aws_dynamo_writes_no_dr,false,200,1596277507639,1596277507794,155
aws,aws_dynamo_writes_no_dr,false,200,1596277507794,1596277507963,169
aws,aws_dynamo_writes_no_dr,false,200,1596277507963,1596277508217,254
aws,aws_dynamo_writes_no_dr,false,200,1596277508217,1596277508364,147
aws,aws_dynamo_writes_no_dr,false,200,1596277508364,1596277508517,153
aws,aws_dynamo_writes_no_dr,false,200,1596277508518,1596277508678,160
aws,aws_dynamo_writes_no_dr,false,200,1596277508679,1596277508857,178
aws,aws_dynamo_writes_no_dr,false,200,1596277508858,1596277508999,141
aws,aws_dynamo_writes_no_dr,false,200,1596277508999,1596277509197,198
aws,aws_dynamo_writes_no_dr,false,200,1596277509198,1596277509369,171
aws,aws_dynamo_writes_no_dr,false,200,1596277509369,1596277509538,169
aws,aws_dynamo_writes_no_dr,false,200,1596277509538,1596277509703,165
aws,aws_dynamo_writes_no_dr,false,200,1596277509703,1596277509853,150
aws,aws_dynamo_writes_no_dr,false,200,1596277509854,1596277510009,155
aws,aws_dynamo_writes_no_dr,false,200,1596277510010,1596277510204,194
aws,aws_dynamo_writes_no_dr,false,200,1596277510204,1596277510372,168
aws,aws_dynamo_writes_no_dr,false,200,1596277510372,1596277510546,174
aws,aws_dynamo_writes_no_dr,false,200,1596277510546,1596277510792,246
aws,aws_dynamo_writes_no_dr,false,200,1596277510793,1596277510989,196
aws,aws_dynamo_writes_no_dr,false,200,1596277510989,1596277511173,184
aws,aws_dynamo_writes_no_dr,false,200,1596277511173,1596277511333,160
aws,aws_dynamo_writes_no_dr,false,200,1596277511333,1596277511498,165
aws,aws_dynamo_writes_no_dr,false,200,1596277511498,1596277511665,167
aws,aws_dynamo_writes_no_dr,false,200,1596277511666,1596277512823,1157
aws,aws_dynamo_writes_no_dr,false,200,1596277512823,1596277512982,159
aws,aws_dynamo_writes_no_dr,false,200,1596277512983,1596277513140,157
aws,aws_dynamo_writes_no_dr,false,200,1596277513140,1596277513295,155
aws,aws_dynamo_writes_no_dr,false,200,1596277513295,1596277513464,169
aws,aws_dynamo_writes_no_dr,false,200,1596277513464,1596277513627,163
aws,aws_dynamo_writes_no_dr,false,200,1596277513628,1596277513808,180
aws,aws_dynamo_writes_no_dr,false,200,1596277513809,1596277513981,172
aws,aws_dynamo_writes_no_dr,false,200,1596277513982,1596277514182,200
aws,aws_dynamo_writes_no_dr,false,200,1596277514182,1596277514355,173
aws,aws_dynamo_writes_no_dr,false,200,1596277514355,1596277514513,158
aws,aws_dynamo_writes_no_dr,false,200,1596277514514,1596277514674,160
aws,aws_dynamo_writes_no_dr,false,200,1596277514675,1596277514843,168
aws,aws_dynamo_writes_no_dr,false,200,1596277514843,1596277514990,147
aws,aws_dynamo_writes_no_dr,false,200,1596277514990,1596277515134,144
aws,aws_dynamo_writes_no_dr,false,200,1596277515134,1596277515293,159
aws,aws_dynamo_writes_no_dr,false,200,1596277515293,1596277515474,181
aws,aws_dynamo_writes_no_dr,false,200,1596277515474,1596277515636,162
aws,aws_dynamo_writes_no_dr,false,200,1596277515637,1596277515802,165
aws,aws_dynamo_writes_no_dr,false,200,1596277515802,1596277515967,165
aws,aws_dynamo_writes_no_dr,false,200,1596277515967,1596277516139,172
aws,aws_dynamo_writes_no_dr,false,200,1596277516139,1596277516322,183
aws,aws_dynamo_writes_no_dr,false,200,1596277516323,1596277516492,169
aws,aws_dynamo_writes_no_dr,false,200,1596277516492,1596277516721,229
aws,aws_dynamo_writes_no_dr,false,200,1596277516721,1596277516893,172
aws,aws_dynamo_writes_no_dr,false,200,1596277516894,1596277517058,164
aws,aws_dynamo_writes_no_dr,false,200,1596277517058,1596277517239,181
aws,aws_dynamo_writes_no_dr,false,200,1596277517239,1596277517411,172
aws,aws_dynamo_writes_no_dr,false,200,1596277517411,1596277517565,154
aws,aws_dynamo_writes_no_dr,false,200,1596277517565,1596277517735,170
aws,aws_dynamo_writes_no_dr,false,200,1596277517735,1596277517894,159
aws,aws_dynamo_writes_no_dr,false,200,1596277517894,1596277518059,165
aws,aws_dynamo_writes_no_dr,false,200,1596277518059,1596277518216,157
aws,aws_dynamo_writes_no_dr,false,200,1596277518217,1596277518373,156
aws,aws_dynamo_writes_no_dr,false,200,1596277518373,1596277518652,279
aws,aws_dynamo_writes_no_dr,false,200,1596277518652,1596277518815,163
aws,aws_dynamo_writes_no_dr,false,200,1596277518815,1596277518988,173
aws,aws_dynamo_writes_no_dr,false,200,1596277518988,1596277519160,172
aws,aws_dynamo_writes_no_dr,false,200,1596277519160,1596277519316,156
aws,aws_dynamo_writes_no_dr,false,200,1596277519317,1596277519512,195
aws,aws_dynamo_writes_no_dr,false,200,1596277519512,1596277519676,164
aws,aws_dynamo_writes_no_dr,false,200,1596277519676,1596277519838,162
aws,aws_dynamo_writes_no_dr,false,200,1596277519839,1596277520030,191
aws,aws_dynamo_writes_no_dr,false,200,1596277520030,1596277520196,166
aws,aws_dynamo_writes_no_dr,false,200,1596277520197,1596277520369,172
aws,aws_dynamo_writes_no_dr,false,200,1596277520369,1596277520604,235
aws,aws_dynamo_writes_no_dr,false,200,1596277520604,1596277520785,181
aws,aws_dynamo_writes_no_dr,false,200,1596277520786,1596277520976,190
aws,aws_dynamo_writes_no_dr,false,200,1596277520976,1596277521192,216
aws,aws_dynamo_writes_no_dr,false,200,1596277521192,1596277521337,145
aws,aws_dynamo_writes_no_dr,false,200,1596277521340,1596277521498,158
aws,aws_dynamo_writes_no_dr,false,200,1596277521498,1596277521673,175
aws,aws_dynamo_writes_no_dr,false,200,1596277521673,1596277521854,181
aws,aws_dynamo_writes_no_dr,false,200,1596277521855,1596277522017,162
aws,aws_dynamo_writes_no_dr,false,200,1596277522017,1596277522174,157
aws,aws_dynamo_writes_no_dr,false,200,1596277522174,1596277522327,153
aws,aws_dynamo_writes_no_dr,false,200,1596277522328,1596277522487,159
aws,aws_dynamo_writes_no_dr,false,200,1596277522488,1596277522642,154
aws,aws_dynamo_writes_no_dr,false,200,1596277522642,1596277522797,155
aws,aws_dynamo_writes_no_dr,false,200,1596277522798,1596277522983,185
aws,aws_dynamo_writes_no_dr,false,200,1596277522983,1596277523150,167
aws,aws_dynamo_writes_no_dr,false,200,1596277523150,1596277523308,158
aws,aws_dynamo_writes_no_dr,false,200,1596277523309,1596277523518,209
aws,aws_dynamo_writes_no_dr,false,200,1596277523518,1596277523659,141
aws,aws_dynamo_writes_no_dr,false,200,1596277523659,1596277523857,198
aws,aws_dynamo_writes_no_dr,false,200,1596277523858,1596277524033,175
aws,aws_dynamo_writes_no_dr,false,200,1596277524034,1596277524232,198
aws,aws_dynamo_writes_no_dr,false,200,1596277524233,1596277524532,299
aws,aws_dynamo_writes_no_dr,false,200,1596277524533,1596277524687,154
aws,aws_dynamo_writes_no_dr,false,200,1596277524687,1596277524859,172
aws,aws_dynamo_writes_no_dr,false,200,1596277524859,1596277525045,186
aws,aws_dynamo_writes_no_dr,false,200,1596277525045,1596277525217,172
aws,aws_dynamo_writes_no_dr,false,200,1596277525217,1596277525370,153
aws,aws_dynamo_writes_no_dr,false,200,1596277525370,1596277525537,167
aws,aws_dynamo_writes_no_dr,false,200,1596277525537,1596277525715,178
aws,aws_dynamo_writes_no_dr,false,200,1596277525716,1596277525919,203
aws,aws_dynamo_writes_no_dr,false,200,1596277525919,1596277526078,159
aws,aws_dynamo_writes_no_dr,false,200,1596277526078,1596277526237,159
aws,aws_dynamo_writes_no_dr,false,200,1596277526238,1596277526407,169
aws,aws_dynamo_writes_no_dr,false,200,1596277526408,1596277526568,160
aws,aws_dynamo_writes_no_dr,false,200,1596277526569,1596277526733,164
aws,aws_dynamo_writes_no_dr,false,200,1596277526734,1596277526892,158
aws,aws_dynamo_writes_no_dr,false,200,1596277526893,1596277527056,163
aws,aws_dynamo_writes_no_dr,false,200,1596277527057,1596277527209,152
aws,aws_dynamo_writes_no_dr,false,200,1596277527209,1596277527396,187
aws,aws_dynamo_writes_no_dr,false,200,1596277527396,1596277527550,154
aws,aws_dynamo_writes_no_dr,false,200,1596277527550,1596277527734,184
aws,aws_dynamo_writes_no_dr,false,200,1596277527735,1596277527919,184
aws,aws_dynamo_writes_no_dr,false,200,1596277527919,1596277528106,187
aws,aws_dynamo_writes_no_dr,false,200,1596277528106,1596277528356,250
aws,aws_dynamo_writes_no_dr,false,200,1596277528356,1596277528541,185
aws,aws_dynamo_writes_no_dr,false,200,1596277528542,1596277528732,190
aws,aws_dynamo_writes_no_dr,false,200,1596277528733,1596277528894,161
aws,aws_dynamo_writes_no_dr,false,200,1596277528894,1596277529057,163
aws,aws_dynamo_writes_no_dr,false,200,1596277529058,1596277529222,164
aws,aws_dynamo_writes_no_dr,false,200,1596277529222,1596277529404,182
aws,aws_dynamo_writes_no_dr,false,200,1596277529404,1596277529557,153
aws,aws_dynamo_writes_no_dr,false,200,1596277529557,1596277529698,141
aws,aws_dynamo_writes_no_dr,false,200,1596277529699,1596277529855,156
aws,aws_dynamo_writes_no_dr,false,200,1596277529855,1596277530029,174
aws,aws_dynamo_writes_no_dr,false,200,1596277530030,1596277530353,323
aws,aws_dynamo_writes_no_dr,false,200,1596277530362,1596277530519,157
aws,aws_dynamo_writes_no_dr,false,200,1596277530519,1596277530667,148
aws,aws_dynamo_writes_no_dr,false,200,1596277530667,1596277530829,162
aws,aws_dynamo_writes_no_dr,false,200,1596277530830,1596277531007,177
aws,aws_dynamo_writes_no_dr,false,200,1596277531007,1596277531220,213
aws,aws_dynamo_writes_no_dr,false,200,1596277531221,1596277531399,178
aws,aws_dynamo_writes_no_dr,false,200,1596277531400,1596277531654,254
aws,aws_dynamo_writes_no_dr,false,200,1596277531654,1596277531816,162
aws,aws_dynamo_writes_no_dr,false,200,1596277531817,1596277531971,154
aws,aws_dynamo_writes_no_dr,false,200,1596277531972,1596277532141,169
aws,aws_dynamo_writes_no_dr,false,200,1596277532141,1596277532300,159
aws,aws_dynamo_writes_no_dr,false,200,1596277532300,1596277532463,163
aws,aws_dynamo_writes_no_dr,false,200,1596277532463,1596277532638,175
aws,aws_dynamo_writes_no_dr,false,200,1596277532639,1596277532786,147
aws,aws_dynamo_writes_no_dr,false,200,1596277532787,1596277532950,163
aws,aws_dynamo_writes_no_dr,false,200,1596277532951,1596277533134,183
aws,aws_dynamo_writes_no_dr,false,200,1596277533134,1596277533316,182
aws,aws_dynamo_writes_no_dr,false,200,1596277533317,1596277533492,175
aws,aws_dynamo_writes_no_dr,false,200,1596277533492,1596277533661,169
aws,aws_dynamo_writes_no_dr,false,200,1596277533662,1596277533817,155
aws,aws_dynamo_writes_no_dr,false,200,1596277533817,1596277533971,154
aws,aws_dynamo_writes_no_dr,false,200,1596277533972,1596277534156,184
aws,aws_dynamo_writes_no_dr,false,200,1596277534156,1596277534312,156
aws,aws_dynamo_writes_no_dr,false,200,1596277534312,1596277534464,152
aws,aws_dynamo_writes_no_dr,false,200,1596277534464,1596277534615,151
aws,aws_dynamo_writes_no_dr,false,200,1596277534615,1596277534757,142
aws,aws_dynamo_writes_no_dr,false,200,1596277534757,1596277534932,175
aws,aws_dynamo_writes_no_dr,false,200,1596277534932,1596277535101,169
aws,aws_dynamo_writes_no_dr,false,200,1596277535101,1596277535332,231
aws,aws_dynamo_writes_no_dr,false,200,1596277535332,1596277535500,168
aws,aws_dynamo_writes_no_dr,false,200,1596277535500,1596277535672,172
aws,aws_dynamo_writes_no_dr,false,200,1596277535672,1596277535897,225
aws,aws_dynamo_writes_no_dr,false,200,1596277535897,1596277536198,301
aws,aws_dynamo_writes_no_dr,false,200,1596277536198,1596277536381,183
aws,aws_dynamo_writes_no_dr,false,200,1596277536381,1596277536535,154
aws,aws_dynamo_writes_no_dr,false,200,1596277536535,1596277536710,175
aws,aws_dynamo_writes_no_dr,false,200,1596277536711,1596277537236,525
aws,aws_dynamo_writes_no_dr,false,200,1596277537237,1596277537399,162
aws,aws_dynamo_writes_no_dr,false,200,1596277537400,1596277537570,170
aws,aws_dynamo_writes_no_dr,false,200,1596277537570,1596277537968,398
aws,aws_dynamo_writes_no_dr,false,200,1596277537969,1596277538155,186
aws,aws_dynamo_writes_no_dr,false,200,1596277538155,1596277538320,165
aws,aws_dynamo_writes_no_dr,false,200,1596277538320,1596277538491,171
aws,aws_dynamo_writes_no_dr,false,200,1596277538491,1596277538732,241
aws,aws_dynamo_writes_no_dr,false,200,1596277538732,1596277538928,196
aws,aws_dynamo_writes_no_dr,false,200,1596277538929,1596277539138,209
aws,aws_dynamo_writes_no_dr,false,200,1596277539138,1596277539304,166
aws,aws_dynamo_writes_no_dr,false,200,1596277539304,1596277539468,164
aws,aws_dynamo_writes_no_dr,false,200,1596277539468,1596277539644,176
aws,aws_dynamo_writes_no_dr,false,200,1596277539645,1596277539839,194
aws,aws_dynamo_writes_no_dr,false,200,1596277539839,1596277540019,180
aws,aws_dynamo_writes_no_dr,false,200,1596277540019,1596277540178,159
aws,aws_dynamo_writes_no_dr,false,200,1596277540178,1596277540342,164
aws,aws_dynamo_writes_no_dr,false,200,1596277540342,1596277540509,167
aws,aws_dynamo_writes_no_dr,false,200,1596277540510,1596277540675,165