aws,aws_dynamo_writes,true,200,1596283196848,1596283198685,1837
aws,aws_dynamo_writes,true,200,1596283198686,1596283198918,232
aws,aws_dynamo_writes,true,200,1596283198918,1596283199156,238
aws,aws_dynamo_writes,true,200,1596283199157,1596283199384,227
aws,aws_dynamo_writes,true,200,1596283199385,1596283199727,342
aws,aws_dynamo_writes,true,200,1596283199728,1596283200969,1241
aws,aws_dynamo_writes,true,200,1596283200969,1596283201254,285
aws,aws_dynamo_writes,true,200,1596283201255,1596283201477,222
aws,aws_dynamo_writes,true,200,1596283201477,1596283201798,321
aws,aws_dynamo_writes,true,200,1596283201798,1596283202081,283
aws,aws_dynamo_writes,true,200,1596283202081,1596283202339,258
aws,aws_dynamo_writes,true,200,1596283202339,1596283202564,225
aws,aws_dynamo_writes,true,200,1596283202564,1596283202796,232
aws,aws_dynamo_writes,true,200,1596283202796,1596283203037,241
aws,aws_dynamo_writes,true,200,1596283203037,1596283203281,244
aws,aws_dynamo_writes,true,200,1596283203281,1596283203508,227
aws,aws_dynamo_writes,true,200,1596283203508,1596283203737,229
aws,aws_dynamo_writes,true,200,1596283203737,1596283203975,238
aws,aws_dynamo_writes,true,200,1596283203976,1596283204229,253
aws,aws_dynamo_writes,true,200,1596283204230,1596283204476,246
aws,aws_dynamo_writes,true,200,1596283204476,1596283204738,262
aws,aws_dynamo_writes,true,200,1596283204738,1596283204958,220
aws,aws_dynamo_writes,true,200,1596283204959,1596283205204,245
aws,aws_dynamo_writes,true,200,1596283205204,1596283205470,266
aws,aws_dynamo_writes,true,200,1596283205471,1596283205747,276
aws,aws_dynamo_writes,true,200,1596283205747,1596283205982,235
aws,aws_dynamo_writes,true,200,1596283205982,1596283206216,234
aws,aws_dynamo_writes,true,200,1596283206217,1596283206439,222
aws,aws_dynamo_writes,true,200,1596283206440,1596283206695,255
aws,aws_dynamo_writes,true,200,1596283206696,1596283206946,250
aws,aws_dynamo_writes,true,200,1596283206947,1596283207205,258
aws,aws_dynamo_writes,true,200,1596283207205,1596283207433,228
aws,aws_dynamo_writes,true,200,1596283207434,1596283207664,230
aws,aws_dynamo_writes,true,200,1596283207664,1596283207895,231
aws,aws_dynamo_writes,true,200,1596283207896,1596283208122,226
aws,aws_dynamo_writes,true,200,1596283208123,1596283208382,259
aws,aws_dynamo_writes,true,200,1596283208382,1596283208613,231
aws,aws_dynamo_writes,true,200,1596283208614,1596283208866,252
aws,aws_dynamo_writes,true,200,1596283208866,1596283209110,244
aws,aws_dynamo_writes,true,200,1596283209110,1596283209347,237
aws,aws_dynamo_writes,true,200,1596283209347,1596283209603,256
aws,aws_dynamo_writes,true,200,1596283209604,1596283209839,235
aws,aws_dynamo_writes,true,200,1596283209839,1596283210076,237
aws,aws_dynamo_writes,true,200,1596283210076,1596283210324,248
aws,aws_dynamo_writes,true,200,1596283210324,1596283210565,241
aws,aws_dynamo_writes,true,200,1596283210566,1596283210792,226
aws,aws_dynamo_writes,true,200,1596283210792,1596283211042,250
aws,aws_dynamo_writes,true,200,1596283211043,1596283211273,230
aws,aws_dynamo_writes,true,200,1596283211273,1596283211543,270
aws,aws_dynamo_writes,true,200,1596283211543,1596283211808,265
aws,aws_dynamo_writes,true,200,1596283211810,1596283212044,234
aws,aws_dynamo_writes,true,200,1596283212045,1596283212304,259
aws,aws_dynamo_writes,true,200,1596283212304,1596283212555,251
aws,aws_dynamo_writes,true,200,1596283212555,1596283212793,238
aws,aws_dynamo_writes,true,200,1596283212793,1596283213019,226
aws,aws_dynamo_writes,true,200,1596283213019,1596283213287,268
aws,aws_dynamo_writes,true,200,1596283213287,1596283213519,232
aws,aws_dynamo_writes,true,200,1596283213519,1596283213762,243
aws,aws_dynamo_writes,true,200,1596283213762,1596283214026,264
aws,aws_dynamo_writes,true,200,1596283214026,1596283214258,232
aws,aws_dynamo_writes,true,200,1596283214258,1596283214471,213
aws,aws_dynamo_writes,true,200,1596283214471,1596283214696,225
aws,aws_dynamo_writes,true,200,1596283214696,1596283214951,255
aws,aws_dynamo_writes,true,200,1596283214951,1596283215176,225
aws,aws_dynamo_writes,true,200,1596283215177,1596283215391,214
aws,aws_dynamo_writes,true,200,1596283215391,1596283215650,259
aws,aws_dynamo_writes,true,200,1596283215650,1596283215892,242
aws,aws_dynamo_writes,true,200,1596283215893,1596283216127,234
aws,aws_dynamo_writes,true,200,1596283216127,1596283216409,282
aws,aws_dynamo_writes,true,200,1596283216410,1596283216639,229
aws,aws_dynamo_writes,true,200,1596283216639,1596283216883,244
aws,aws_dynamo_writes,true,200,1596283216883,1596283217114,231
aws,aws_dynamo_writes,true,200,1596283217114,1596283217389,275
aws,aws_dynamo_writes,true,200,1596283217389,1596283217611,222
aws,aws_dynamo_writes,true,200,1596283217611,1596283217877,266
aws,aws_dynamo_writes,true,200,1596283217878,1596283218102,224
aws,aws_dynamo_writes,true,200,1596283218102,1596283218347,245
aws,aws_dynamo_writes,true,200,1596283218348,1596283218608,260
aws,aws_dynamo_writes,true,200,1596283218608,1596283218863,255
aws,aws_dynamo_writes,true,200,1596283218863,1596283219091,228
aws,aws_dynamo_writes,true,200,1596283219092,1596283219349,257
aws,aws_dynamo_writes,true,200,1596283219350,1596283219575,225
aws,aws_dynamo_writes,true,200,1596283219576,1596283219817,241
aws,aws_dynamo_writes,true,200,1596283219817,1596283220085,268
aws,aws_dynamo_writes,true,200,1596283220085,1596283220333,248
aws,aws_dynamo_writes,true,200,1596283220333,1596283220554,221
aws,aws_dynamo_writes,true,200,1596283220554,1596283220779,225
aws,aws_dynamo_writes,true,200,1596283220779,1596283220996,217
aws,aws_dynamo_writes,true,200,1596283220996,1596283221220,224
aws,aws_dynamo_writes,true,200,1596283221221,1596283221444,223
aws,aws_dynamo_writes,true,200,1596283221444,1596283221667,223
aws,aws_dynamo_writes,true,200,1596283221667,1596283221890,223
aws,aws_dynamo_writes,true,200,1596283221891,1596283222106,215
aws,aws_dynamo_writes,true,200,1596283222106,1596283222318,212
aws,aws_dynamo_writes,true,200,1596283222318,1596283222553,235
aws,aws_dynamo_writes,true,200,1596283222553,1596283222779,226
aws,aws_dynamo_writes,true,200,1596283222779,1596283223003,224
aws,aws_dynamo_writes,true,200,1596283223003,1596283223259,256
aws,aws_dynamo_writes,true,200,1596283223260,1596283223552,292
aws,aws_dynamo_writes,true,200,1596283223553,1596283223787,234
aws,aws_dynamo_writes,true,200,1596283223787,1596283224049,262
aws,aws_dynamo_writes,true,200,1596283224049,1596283224297,248
aws,aws_dynamo_writes,true,200,1596283224298,1596283224564,266
aws,aws_dynamo_writes,true,200,1596283224564,1596283224790,226
aws,aws_dynamo_writes,true,200,1596283224791,1596283225042,251
aws,aws_dynamo_writes,true,200,1596283225042,1596283225296,254
aws,aws_dynamo_writes,true,200,1596283225297,1596283225524,227
aws,aws_dynamo_writes,true,200,1596283225524,1596283225772,248
aws,aws_dynamo_writes,true,200,1596283225772,1596283226010,238
aws,aws_dynamo_writes,true,200,1596283226010,1596283226349,339
aws,aws_dynamo_writes,true,200,1596283226350,1596283226579,229
aws,aws_dynamo_writes,true,200,1596283226580,1596283226798,218
aws,aws_dynamo_writes,true,200,1596283226798,1596283227021,223
aws,aws_dynamo_writes,true,200,1596283227021,1596283227256,235
aws,aws_dynamo_writes,true,200,1596283227257,1596283227479,222
aws,aws_dynamo_writes,true,200,1596283227479,1596283227716,237
aws,aws_dynamo_writes,true,200,1596283227717,1596283227926,209
aws,aws_dynamo_writes,true,200,1596283227926,1596283228156,230
aws,aws_dynamo_writes,true,200,1596283228158,1596283228397,239
aws,aws_dynamo_writes,true,200,1596283228398,1596283228654,256
aws,aws_dynamo_writes,true,200,1596283228655,1596283228922,267
aws,aws_dynamo_writes,true,200,1596283228922,1596283229135,213
aws,aws_dynamo_writes,true,200,1596283229136,1596283229362,226
aws,aws_dynamo_writes,true,200,1596283229362,1596283229602,240
aws,aws_dynamo_writes,true,200,1596283229603,1596283229841,238
aws,aws_dynamo_writes,true,200,1596283229841,1596283230076,235
aws,aws_dynamo_writes,true,200,1596283230076,1596283230302,226
aws,aws_dynamo_writes,true,200,1596283230302,1596283230515,213
aws,aws_dynamo_writes,true,200,1596283230516,1596283230758,242
aws,aws_dynamo_writes,true,200,1596283230758,1596283230972,214
aws,aws_dynamo_writes,true,200,1596283230972,1596283231225,253
aws,aws_dynamo_writes,true,200,1596283231226,1596283231437,211
aws,aws_dynamo_writes,true,200,1596283231438,1596283231650,212
aws,aws_dynamo_writes,true,200,1596283231650,1596283231867,217
aws,aws_dynamo_writes,true,200,1596283231868,1596283232112,244
aws,aws_dynamo_writes,true,200,1596283232112,1596283232343,231
aws,aws_dynamo_writes,true,200,1596283232344,1596283232572,228
aws,aws_dynamo_writes,true,200,1596283232573,1596283232802,229
aws,aws_dynamo_writes,true,200,1596283232803,1596283233041,238
aws,aws_dynamo_writes,true,200,1596283233041,1596283233264,223
aws,aws_dynamo_writes,true,200,1596283233265,1596283233487,222
aws,aws_dynamo_writes,true,200,1596283233488,1596283233699,211
aws,aws_dynamo_writes,true,200,1596283233699,1596283233935,236
aws,aws_dynamo_writes,true,200,1596283233935,1596283234170,235
aws,aws_dynamo_writes,true,200,1596283234170,1596283234394,224
aws,aws_dynamo_writes,true,200,1596283234394,1596283234598,204
aws,aws_dynamo_writes,true,200,1596283234598,1596283234843,245
aws,aws_dynamo_writes,true,200,1596283234843,1596283235102,259
aws,aws_dynamo_writes,true,200,1596283235103,1596283235344,241
aws,aws_dynamo_writes,true,200,1596283235345,1596283235575,230
aws,aws_dynamo_writes,true,200,1596283235576,1596283235793,217
aws,aws_dynamo_writes,true,200,1596283235793,1596283236014,221
aws,aws_dynamo_writes,true,200,1596283236014,1596283236270,256
aws,aws_dynamo_writes,true,200,1596283236270,1596283236519,249
aws,aws_dynamo_writes,true,200,1596283236519,1596283236737,218
aws,aws_dynamo_writes,true,200,1596283236737,1596283236957,220
aws,aws_dynamo_writes,true,200,1596283236958,1596283237179,221
aws,aws_dynamo_writes,true,200,1596283237180,1596283237394,214
aws,aws_dynamo_writes,true,200,1596283237395,1596283237627,232
aws,aws_dynamo_writes,true,200,1596283237627,1596283237856,229
aws,aws_dynamo_writes,true,200,1596283237856,1596283238093,237
aws,aws_dynamo_writes,true,200,1596283238094,1596283238312,218
aws,aws_dynamo_writes,true,200,1596283238312,1596283238529,217
aws,aws_dynamo_writes,true,200,1596283238530,1596283238749,219
aws,aws_dynamo_writes,true,200,1596283238750,1596283238977,227
aws,aws_dynamo_writes,true,200,1596283238977,1596283239204,227
aws,aws_dynamo_writes,true,200,1596283239204,1596283239463,259
aws,aws_dynamo_writes,true,200,1596283239464,1596283239688,224
aws,aws_dynamo_writes,true,200,1596283239689,1596283239915,226
aws,aws_dynamo_writes,true,200,1596283239916,1596283240135,219
aws,aws_dynamo_writes,true,200,1596283240135,1596283240385,250
aws,aws_dynamo_writes,true,200,1596283240386,1596283240613,227
aws,aws_dynamo_writes,true,200,1596283240614,1596283240843,229
aws,aws_dynamo_writes,true,200,1596283240843,1596283241102,259
aws,aws_dynamo_writes,true,200,1596283241102,1596283241341,239
aws,aws_dynamo_writes,true,200,1596283241341,1596283241568,227
aws,aws_dynamo_writes,true,200,1596283241569,1596283241807,238
aws,aws_dynamo_writes,true,200,1596283241808,1596283242058,250
aws,aws_dynamo_writes,true,200,1596283242058,1596283242322,264
aws,aws_dynamo_writes,true,200,1596283242322,1596283242540,218
aws,aws_dynamo_writes,true,200,1596283242540,1596283242759,219
aws,aws_dynamo_writes,true,200,1596283242759,1596283242991,232
aws,aws_dynamo_writes,true,200,1596283242992,1596283243207,215
aws,aws_dynamo_writes,true,200,1596283243208,1596283243437,229
aws,aws_dynamo_writes,true,200,1596283243440,1596283243684,244
aws,aws_dynamo_writes,true,200,1596283243685,1596283243913,228
aws,aws_dynamo_writes,true,200,1596283243913,1596283244168,255
aws,aws_dynamo_writes,true,200,1596283244169,1596283244386,217
aws,aws_dynamo_writes,true,200,1596283244386,1596283244601,215
aws,aws_dynamo_writes,true,200,1596283244601,1596283244833,232
aws,aws_dynamo_writes,true,200,1596283244834,1596283245055,221
aws,aws_dynamo_writes,true,200,1596283245055,1596283245308,253
aws,aws_dynamo_writes,true,200,1596283245308,1596283245530,222
aws,aws_dynamo_writes,true,200,1596283245530,1596283245785,255
aws,aws_dynamo_writes,true,200,1596283245786,1596283246037,251
aws,aws_dynamo_writes,true,200,1596283246037,1596283246316,279
aws,aws_dynamo_writes,true,200,1596283246317,1596283246564,247
aws,aws_dynamo_writes,true,200,1596283246565,1596283246808,243
aws,aws_dynamo_writes,true,200,1596283246808,1596283247070,262
aws,aws_dynamo_writes,true,200,1596283247071,1596283247363,292
aws,aws_dynamo_writes,true,200,1596283247363,1596283247615,252
aws,aws_dynamo_writes,true,200,1596283247615,1596283247837,222
aws,aws_dynamo_writes,true,200,1596283247837,1596283248085,248
aws,aws_dynamo_writes,true,200,1596283248085,1596283248320,235
aws,aws_dynamo_writes,true,200,1596283248320,1596283248550,230
aws,aws_dynamo_writes,true,200,1596283248550,1596283248765,215
aws,aws_dynamo_writes,true,200,1596283248765,1596283249147,382
aws,aws_dynamo_writes,true,200,1596283249147,1596283249367,220
aws,aws_dynamo_writes,true,200,1596283249367,1596283249583,216
aws,aws_dynamo_writes,true,200,1596283249583,1596283249795,212
aws,aws_dynamo_writes,true,200,1596283249796,1596283250045,249
aws,aws_dynamo_writes,true,200,1596283250045,1596283250281,236
aws,aws_dynamo_writes,true,200,1596283250281,1596283250543,262
aws,aws_dynamo_writes,true,200,1596283250543,1596283250761,218
aws,aws_dynamo_writes,true,200,1596283250762,1596283251098,336
aws,aws_dynamo_writes,true,200,1596283251098,1596283251320,222
aws,aws_dynamo_writes,true,200,1596283251320,1596283251549,229
aws,aws_dynamo_writes,true,200,1596283251549,1596283251800,251
aws,aws_dynamo_writes,true,200,1596283251801,1596283252034,233
aws,aws_dynamo_writes,true,200,1596283252035,1596283252263,228
aws,aws_dynamo_writes,true,200,1596283252264,1596283252480,216
aws,aws_dynamo_writes,true,200,1596283252481,1596283252743,262
aws,aws_dynamo_writes,true,200,1596283252743,1596283253022,279
aws,aws_dynamo_writes,true,200,1596283253023,1596283253330,307
aws,aws_dynamo_writes,true,200,1596283253330,1596283253586,256
aws,aws_dynamo_writes,true,200,1596283253586,1596283253842,256
aws,aws_dynamo_writes,true,200,1596283253842,1596283254060,218
aws,aws_dynamo_writes,true,200,1596283254060,1596283254287,227
aws,aws_dynamo_writes,true,200,1596283254288,1596283254561,273
aws,aws_dynamo_writes,true,200,1596283254561,1596283254892,331
aws,aws_dynamo_writes,true,200,1596283254892,1596283255110,218
aws,aws_dynamo_writes,true,200,1596283255110,1596283255344,234
aws,aws_dynamo_writes,true,200,1596283255344,1596283255581,237
aws,aws_dynamo_writes,true,200,1596283255581,1596283255864,283
aws,aws_dynamo_writes,true,200,1596283255864,1596283256079,215
aws,aws_dynamo_writes,true,200,1596283256080,1596283256412,332
aws,aws_dynamo_writes,true,200,1596283256413,1596283256664,251
aws,aws_dynamo_writes,true,200,1596283256664,1596283256895,231
aws,aws_dynamo_writes,true,200,1596283256895,1596283257148,253
aws,aws_dynamo_writes,true,200,1596283257149,1596283257423,274
aws,aws_dynamo_writes,true,200,1596283257424,1596283257685,261
aws,aws_dynamo_writes,true,200,1596283257685,1596283257934,249
aws,aws_dynamo_writes,true,200,1596283257934,1596283258224,290
aws,aws_dynamo_writes,true,200,1596283258224,1596283258441,217
aws,aws_dynamo_writes,true,200,1596283258442,1596283258664,222
aws,aws_dynamo_writes,true,200,1596283258665,1596283258928,263
aws,aws_dynamo_writes,true,200,1596283258929,1596283259155,226
aws,aws_dynamo_writes,true,200,1596283259155,1596283259410,255
aws,aws_dynamo_writes,true,200,1596283259411,1596283259650,239
aws,aws_dynamo_writes,true,200,1596283259651,1596283259893,242
aws,aws_dynamo_writes,true,200,1596283259895,1596283261116,1221
aws,aws_dynamo_writes,true,200,1596283261117,1596283261368,251
aws,aws_dynamo_writes,true,200,1596283261369,1596283261598,229
aws,aws_dynamo_writes,true,200,1596283261598,1596283261827,229
aws,aws_dynamo_writes,true,200,1596283261827,1596283262079,252
aws,aws_dynamo_writes,true,200,1596283262080,1596283262311,231
aws,aws_dynamo_writes,true,200,1596283262311,1596283262555,244
aws,aws_dynamo_writes,true,200,1596283262555,1596283262785,230
aws,aws_dynamo_writes,true,200,1596283262785,1596283263038,253
aws,aws_dynamo_writes,true,200,1596283263038,1596283263267,229
aws,aws_dynamo_writes,true,200,1596283263267,1596283263491,224
aws,aws_dynamo_writes,true,200,1596283263492,1596283263716,224
aws,aws_dynamo_writes,true,200,1596283263716,1596283263951,235
aws,aws_dynamo_writes,true,200,1596283263951,1596283264173,222
aws,aws_dynamo_writes,true,200,1596283264173,1596283264420,247
aws,aws_dynamo_writes,true,200,1596283264421,1596283264653,232
aws,aws_dynamo_writes,true,200,1596283264653,1596283264882,229
aws,aws_dynamo_writes,true,200,1596283264882,1596283265141,259
aws,aws_dynamo_writes,true,200,1596283265141,1596283265375,234
aws,aws_dynamo_writes,true,200,1596283265375,1596283265623,248
aws,aws_dynamo_writes,true,200,1596283265624,1596283265884,260
aws,aws_dynamo_writes,true,200,1596283265885,1596283266114,229
aws,aws_dynamo_writes,true,200,1596283266114,1596283266339,225
aws,aws_dynamo_writes,true,200,1596283266339,1596283266559,220
aws,aws_dynamo_writes,true,200,1596283266559,1596283266779,220
aws,aws_dynamo_writes,true,200,1596283266780,1596283267017,237
aws,aws_dynamo_writes,true,200,1596283267018,1596283267266,248
aws,aws_dynamo_writes,true,200,1596283267266,1596283267493,227
aws,aws_dynamo_writes,true,200,1596283267493,1596283267725,232
aws,aws_dynamo_writes,true,200,1596283267725,1596283267938,213
aws,aws_dynamo_writes,true,200,1596283267938,1596283268169,231
aws,aws_dynamo_writes,true,200,1596283268169,1596283268427,258
aws,aws_dynamo_writes,true,200,1596283268428,1596283268658,230
aws,aws_dynamo_writes,true,200,1596283268659,1596283268879,220
aws,aws_dynamo_writes,true,200,1596283268879,1596283269130,251
aws,aws_dynamo_writes,true,200,1596283269130,1596283269359,229
aws,aws_dynamo_writes,true,200,1596283269360,1596283269577,217
aws,aws_dynamo_writes,true,200,1596283269577,1596283269813,236
aws,aws_dynamo_writes,true,200,1596283269813,1596283270053,240
aws,aws_dynamo_writes,true,200,1596283270054,1596283270389,335
aws,aws_dynamo_writes,true,200,1596283270389,1596283270612,223
aws,aws_dynamo_writes,true,200,1596283270612,1596283270863,251
aws,aws_dynamo_writes,true,200,1596283270864,1596283271090,226
aws,aws_dynamo_writes,true,200,1596283271091,1596283271327,236
aws,aws_dynamo_writes,true,200,1596283271327,1596283271541,214
aws,aws_dynamo_writes,true,200,1596283271541,1596283271796,255
aws,aws_dynamo_writes,true,200,1596283271796,1596283272053,257
aws,aws_dynamo_writes,true,200,1596283272054,1596283272339,285
aws,aws_dynamo_writes,true,200,1596283272339,1596283272555,216
aws,aws_dynamo_writes,true,200,1596283272556,1596283272797,241
aws,aws_dynamo_writes,true,200,1596283272798,1596283273019,221
aws,aws_dynamo_writes,true,200,1596283273020,1596283273249,229
aws,aws_dynamo_writes,true,200,1596283273249,1596283273477,228
aws,aws_dynamo_writes,true,200,1596283273478,1596283273725,247
aws,aws_dynamo_writes,true,200,1596283273725,1596283274143,418
aws,aws_dynamo_writes,true,200,1596283274144,1596283274373,229
aws,aws_dynamo_writes,true,200,1596283274373,1596283274602,229
aws,aws_dynamo_writes,true,200,1596283274602,1596283274835,233
aws,aws_dynamo_writes,true,200,1596283274836,1596283275061,225
aws,aws_dynamo_writes,true,200,1596283275061,1596283275301,240
aws,aws_dynamo_writes,true,200,1596283275302,1596283275552,250
aws,aws_dynamo_writes,true,200,1596283275552,1596283275772,220
aws,aws_dynamo_writes,true,200,1596283275772,1596283275986,214
aws,aws_dynamo_writes,true,200,1596283275986,1596283276241,255
aws,aws_dynamo_writes,true,200,1596283276242,1596283276458,216
aws,aws_dynamo_writes,true,200,1596283276459,1596283276688,229
aws,aws_dynamo_writes,true,200,1596283276688,1596283276913,225
aws,aws_dynamo_writes,true,200,1596283276913,1596283277146,233
aws,aws_dynamo_writes,true,200,1596283277149,1596283277417,268
aws,aws_dynamo_writes,true,200,1596283277417,1596283277658,241
aws,aws_dynamo_writes,true,200,1596283277658,1596283277919,261
aws,aws_dynamo_writes,true,200,1596283277919,1596283278163,244
aws,aws_dynamo_writes,true,200,1596283278163,1596283278374,211
aws,aws_dynamo_writes,true,200,1596283278374,1596283278751,377
aws,aws_dynamo_writes,true,200,1596283278751,1596283278982,231
aws,aws_dynamo_writes,true,200,1596283278983,1596283279217,234
aws,aws_dynamo_writes,true,200,1596283279218,1596283279473,255
aws,aws_dynamo_writes,true,200,1596283279473,1596283279736,263
aws,aws_dynamo_writes,true,200,1596283279736,1596283279950,214
aws,aws_dynamo_writes,true,200,1596283279950,1596283280222,272
aws,aws_dynamo_writes,true,200,1596283280222,1596283280443,221
aws,aws_dynamo_writes,true,200,1596283280443,1596283280680,237
aws,aws_dynamo_writes,true,200,1596283280681,1596283280911,230
aws,aws_dynamo_writes,true,200,1596283280911,1596283281143,232
aws,aws_dynamo_writes,true,200,1596283281143,1596283281375,232
aws,aws_dynamo_writes,true,200,1596283281376,1596283281595,219
aws,aws_dynamo_writes,true,200,1596283281595,1596283281847,252
aws,aws_dynamo_writes,true,200,1596283281847,1596283282070,223
aws,aws_dynamo_writes,true,200,1596283282071,1596283282327,256
aws,aws_dynamo_writes,true,200,1596283282327,1596283282586,259
aws,aws_dynamo_writes,true,200,1596283282586,1596283282834,248
aws,aws_dynamo_writes,true,200,1596283282834,1596283283055,221
aws,aws_dynamo_writes,true,200,1596283283056,1596283283287,231
aws,aws_dynamo_writes,true,200,1596283283287,1596283283651,364
aws,aws_dynamo_writes,true,200,1596283283651,1596283283873,222
aws,aws_dynamo_writes,true,200,1596283283873,1596283284110,237
aws,aws_dynamo_writes,true,200,1596283284110,1596283284357,247
aws,aws_dynamo_writes,true,200,1596283284357,1596283284592,235
aws,aws_dynamo_writes,true,200,1596283284592,1596283284823,231
aws,aws_dynamo_writes,true,200,1596283284824,1596283285043,219
aws,aws_dynamo_writes,true,200,1596283285044,1596283285292,248
aws,aws_dynamo_writes,true,200,1596283285292,1596283285521,229
aws,aws_dynamo_writes,true,200,1596283285521,1596283285771,250
aws,aws_dynamo_writes,true,200,1596283285771,1596283286021,250
aws,aws_dynamo_writes,true,200,1596283286022,1596283286229,207
aws,aws_dynamo_writes,true,200,1596283286229,1596283286454,225
aws,aws_dynamo_writes,true,200,1596283286454,1596283286696,242
aws,aws_dynamo_writes,true,200,1596283286697,1596283286920,223
aws,aws_dynamo_writes,true,200,1596283286920,1596283287160,240
aws,aws_dynamo_writes,true,200,1596283287161,1596283287382,221
aws,aws_dynamo_writes,true,200,1596283287383,1596283287602,219
aws,aws_dynamo_writes,true,200,1596283287602,1596283287837,235
aws,aws_dynamo_writes,true,200,1596283287838,1596283288080,242
aws,aws_dynamo_writes,true,200,1596283288080,1596283288298,218
aws,aws_dynamo_writes,true,200,1596283288298,1596283288524,226
aws,aws_dynamo_writes,true,200,1596283288525,1596283288751,226
aws,aws_dynamo_writes,true,200,1596283288751,1596283288974,223
aws,aws_dynamo_writes,true,200,1596283288975,1596283289205,230
aws,aws_dynamo_writes,true,200,1596283289206,1596283289443,237
aws,aws_dynamo_writes,true,200,1596283289443,1596283289685,242
aws,aws_dynamo_writes,true,200,1596283289686,1596283289920,234
aws,aws_dynamo_writes,true,200,1596283289920,1596283290150,230
aws,aws_dynamo_writes,true,200,1596283290150,1596283290369,219
aws,aws_dynamo_writes,true,200,1596283290369,1596283290587,218
aws,aws_dynamo_writes,true,200,1596283290589,1596283290830,241
aws,aws_dynamo_writes,true,200,1596283290831,1596283291049,218
aws,aws_dynamo_writes,true,200,1596283291049,1596283291284,235
aws,aws_dynamo_writes,true,200,1596283291284,1596283291504,220
aws,aws_dynamo_writes,true,200,1596283291505,1596283291738,233
aws,aws_dynamo_writes,true,200,1596283291738,1596283291964,226
aws,aws_dynamo_writes,true,200,1596283291964,1596283292215,251
aws,aws_dynamo_writes,true,200,1596283292215,1596283292436,221
aws,aws_dynamo_writes,true,200,1596283292437,1596283292685,248
aws,aws_dynamo_writes,true,200,1596283292686,1596283292921,235
aws,aws_dynamo_writes,true,200,1596283292921,1596283293147,226
aws,aws_dynamo_writes,true,200,1596283293147,1596283293367,220
aws,aws_dynamo_writes,true,200,1596283293368,1596283293598,230
aws,aws_dynamo_writes,true,200,1596283293598,1596283293850,252
aws,aws_dynamo_writes,true,200,1596283293851,1596283294102,251
aws,aws_dynamo_writes,true,200,1596283294103,1596283294323,220
aws,aws_dynamo_writes,true,200,1596283294324,1596283294550,226
aws,aws_dynamo_writes,true,200,1596283294550,1596283294785,235
aws,aws_dynamo_writes,true,200,1596283294785,1596283295000,215
aws,aws_dynamo_writes,true,200,1596283295000,1596283295246,246
aws,aws_dynamo_writes,true,200,1596283295247,1596283295495,248
aws,aws_dynamo_writes,true,200,1596283295496,1596283295733,237
aws,aws_dynamo_writes,true,200,1596283295733,1596283295956,223
aws,aws_dynamo_writes,true,200,1596283295956,1596283296178,222
aws,aws_dynamo_writes,true,200,1596283296178,1596283296410,232
aws,aws_dynamo_writes,true,200,1596283296411,1596283296648,237
aws,aws_dynamo_writes,true,200,1596283296649,1596283296866,217
aws,aws_dynamo_writes,true,200,1596283296866,1596283297096,230
aws,aws_dynamo_writes,true,200,1596283297096,1596283297320,224
aws,aws_dynamo_writes,true,200,1596283297321,1596283297538,217
aws,aws_dynamo_writes,true,200,1596283297539,1596283297770,231
aws,aws_dynamo_writes,true,200,1596283297770,1596283297995,225
aws,aws_dynamo_writes,true,200,1596283297996,1596283298219,223
aws,aws_dynamo_writes,true,200,1596283298220,1596283298469,249
aws,aws_dynamo_writes,true,200,1596283298469,1596283298695,226
aws,aws_dynamo_writes,true,200,1596283298696,1596283298925,229
aws,aws_dynamo_writes,true,200,1596283298925,1596283299149,224
aws,aws_dynamo_writes,true,200,1596283299149,1596283299370,221
aws,aws_dynamo_writes,true,200,1596283299370,1596283299582,212
aws,aws_dynamo_writes,true,200,1596283299582,1596283299814,232
aws,aws_dynamo_writes,true,200,1596283299814,1596283300028,214
aws,aws_dynamo_writes,true,200,1596283300029,1596283300248,219
aws,aws_dynamo_writes,true,200,1596283300249,1596283300470,221
aws,aws_dynamo_writes,true,200,1596283300470,1596283300703,233
aws,aws_dynamo_writes,true,200,1596283300703,1596283301101,398
aws,aws_dynamo_writes,true,200,1596283301102,1596283301333,231
aws,aws_dynamo_writes,true,200,1596283301334,1596283301561,227
aws,aws_dynamo_writes,true,200,1596283301561,1596283301780,219
aws,aws_dynamo_writes,true,200,1596283301780,1596283302013,233
aws,aws_dynamo_writes,true,200,1596283302013,1596283302237,224
aws,aws_dynamo_writes,true,200,1596283302237,1596283302460,223
aws,aws_dynamo_writes,true,200,1596283302460,1596283302736,276
aws,aws_dynamo_writes,true,200,1596283302737,1596283302962,225
aws,aws_dynamo_writes,true,200,1596283302962,1596283303195,233
aws,aws_dynamo_writes,true,200,1596283303195,1596283303407,212
aws,aws_dynamo_writes,true,200,1596283303408,1596283303667,259
aws,aws_dynamo_writes,true,200,1596283303667,1596283303881,214
aws,aws_dynamo_writes,true,200,1596283303882,1596283304142,260
aws,aws_dynamo_writes,true,200,1596283304143,1596283304358,215
aws,aws_dynamo_writes,true,200,1596283304358,1596283304575,217
aws,aws_dynamo_writes,true,200,1596283304575,1596283304798,223
aws,aws_dynamo_writes,true,200,1596283304798,1596283305012,214
aws,aws_dynamo_writes,true,200,1596283305012,1596283305242,230
aws,aws_dynamo_writes,true,200,1596283305243,1596283305489,246
aws,aws_dynamo_writes,true,200,1596283305489,1596283305707,218
aws,aws_dynamo_writes,true,200,1596283305707,1596283306020,313
aws,aws_dynamo_writes,true,200,1596283306021,1596283306288,267
aws,aws_dynamo_writes,true,200,1596283306289,1596283306522,233
aws,aws_dynamo_writes,true,200,1596283306523,1596283306765,242
aws,aws_dynamo_writes,true,200,1596283306765,1596283307056,291
aws,aws_dynamo_writes,true,200,1596283307057,1596283307281,224
aws,aws_dynamo_writes,true,200,1596283307282,1596283307550,268
aws,aws_dynamo_writes,true,200,1596283307550,1596283307775,225
aws,aws_dynamo_writes,true,200,1596283307775,1596283308006,231
aws,aws_dynamo_writes,true,200,1596283308007,1596283308223,216
aws,aws_dynamo_writes,true,200,1596283308223,1596283308445,222
aws,aws_dynamo_writes,true,200,1596283308446,1596283308674,228
aws,aws_dynamo_writes,true,200,1596283308674,1596283308906,232
aws,aws_dynamo_writes,true,200,1596283308906,1596283309133,227
aws,aws_dynamo_writes,true,200,1596283309134,1596283309363,229
aws,aws_dynamo_writes,true,200,1596283309363,1596283309590,227
aws,aws_dynamo_writes,true,200,1596283309590,1596283309811,221
aws,aws_dynamo_writes,true,200,1596283309812,1596283310013,201
aws,aws_dynamo_writes,true,200,1596283310014,1596283310247,233
aws,aws_dynamo_writes,true,200,1596283310247,1596283310466,219
aws,aws_dynamo_writes,true,200,1596283310466,1596283310697,231
aws,aws_dynamo_writes,true,200,1596283310698,1596283310918,220
aws,aws_dynamo_writes,true,200,1596283310918,1596283311176,258
aws,aws_dynamo_writes,true,200,1596283311176,1596283311442,266
aws,aws_dynamo_writes,true,200,1596283311443,1596283311676,233
aws,aws_dynamo_writes,true,200,1596283311676,1596283311918,242
aws,aws_dynamo_writes,true,200,1596283311918,1596283312156,238
aws,aws_dynamo_writes,true,200,1596283312156,1596283312399,243
aws,aws_dynamo_writes,true,200,1596283312400,1596283312640,240
aws,aws_dynamo_writes,true,200,1596283312640,1596283312863,223
aws,aws_dynamo_writes,true,200,1596283312863,1596283313102,239
aws,aws_dynamo_writes,true,200,1596283313102,1596283313337,235
aws,aws_dynamo_writes,true,200,1596283313338,1596283313557,219
aws,aws_dynamo_writes,true,200,1596283313558,1596283313780,222
aws,aws_dynamo_writes,true,200,1596283313781,1596283314023,242
aws,aws_dynamo_writes,true,200,1596283314024,1596283314263,239
aws,aws_dynamo_writes,true,200,1596283314263,1596283314521,258
aws,aws_dynamo_writes,true,200,1596283314521,1596283314748,227
aws,aws_dynamo_writes,true,200,1596283314748,1596283314991,243
aws,aws_dynamo_writes,true,200,1596283314992,1596283315230,238
aws,aws_dynamo_writes,true,200,1596283315230,1596283315467,237
aws,aws_dynamo_writes,true,200,1596283315467,1596283315690,223
aws,aws_dynamo_writes,true,200,1596283315690,1596283315903,213
aws,aws_dynamo_writes,true,200,1596283315903,1596283316132,229
aws,aws_dynamo_writes,true,200,1596283316133,1596283316345,212
aws,aws_dynamo_writes,true,200,1596283316345,1596283316565,220
aws,aws_dynamo_writes,true,200,1596283316566,1596283316788,222
aws,aws_dynamo_writes,true,200,1596283316788,1596283317029,241
aws,aws_dynamo_writes,true,200,1596283317029,1596283317283,254
aws,aws_dynamo_writes,true,200,1596283317283,1596283317516,233
aws,aws_dynamo_writes,true,200,1596283317517,1596283317747,230
aws,aws_dynamo_writes,true,200,1596283317748,1596283317966,218
aws,aws_dynamo_writes,true,200,1596283317966,1596283318195,229
aws,aws_dynamo_writes,true,200,1596283318195,1596283318411,216
aws,aws_dynamo_writes,true,200,1596283318411,1596283318689,278
aws,aws_dynamo_writes,true,200,1596283318690,1596283318910,220
aws,aws_dynamo_writes,true,200,1596283318910,1596283319137,227
aws,aws_dynamo_writes,true,200,1596283319138,1596283319387,249
aws,aws_dynamo_writes,true,200,1596283319388,1596283319607,219
aws,aws_dynamo_writes,true,200,1596283319607,1596283319855,248
aws,aws_dynamo_writes,true,200,1596283319855,1596283321089,1234
aws,aws_dynamo_writes,true,200,1596283321090,1596283321335,245
aws,aws_dynamo_writes,true,200,1596283321336,1596283321585,249
aws,aws_dynamo_writes,true,200,1596283321585,1596283321830,245
aws,aws_dynamo_writes,true,200,1596283321830,1596283322041,211
aws,aws_dynamo_writes,true,200,1596283322041,1596283322268,227
aws,aws_dynamo_writes,true,200,1596283322268,1596283322503,235
aws,aws_dynamo_writes,true,200,1596283322504,1596283322758,254
aws,aws_dynamo_writes,true,200,1596283322758,1596283322975,217
aws,aws_dynamo_writes,true,200,1596283322976,1596283323213,237
aws,aws_dynamo_writes,true,200,1596283323214,1596283323465,251
aws,aws_dynamo_writes,true,200,1596283323465,1596283323687,222
aws,aws_dynamo_writes,true,200,1596283323687,1596283323904,217
aws,aws_dynamo_writes,true,200,1596283323904,1596283324130,226
aws,aws_dynamo_writes,true,200,1596283324131,1596283324524,393
aws,aws_dynamo_writes,true,200,1596283324525,1596283324749,224
aws,aws_dynamo_writes,true,200,1596283324749,1596283324964,215
aws,aws_dynamo_writes,true,200,1596283324965,1596283325226,261
aws,aws_dynamo_writes,true,200,1596283325227,1596283325450,223
aws,aws_dynamo_writes,true,200,1596283325451,1596283325683,232
aws,aws_dynamo_writes,true,200,1596283325683,1596283325894,211
aws,aws_dynamo_writes,true,200,1596283325894,1596283326130,236
aws,aws_dynamo_writes,true,200,1596283326131,1596283326351,220
aws,aws_dynamo_writes,true,200,1596283326351,1596283326571,220
aws,aws_dynamo_writes,true,200,1596283326572,1596283326790,218
aws,aws_dynamo_writes,true,200,1596283326790,1596283327017,227
aws,aws_dynamo_writes,true,200,1596283327017,1596283327236,219
aws,aws_dynamo_writes,true,200,1596283327236,1596283327454,218
aws,aws_dynamo_writes,true,200,1596283327455,1596283327676,221
aws,aws_dynamo_writes,true,200,1596283327676,1596283327891,215
aws,aws_dynamo_writes,true,200,1596283327891,1596283328130,239
aws,aws_dynamo_writes,true,200,1596283328131,1596283328361,230
aws,aws_dynamo_writes,true,200,1596283328362,1596283328599,237
aws,aws_dynamo_writes,true,200,1596283328600,1596283328850,250
aws,aws_dynamo_writes,true,200,1596283328851,1596283329056,205
aws,aws_dynamo_writes,true,200,1596283329056,1596283329277,221
aws,aws_dynamo_writes,true,200,1596283329278,1596283329496,218
aws,aws_dynamo_writes,true,200,1596283329497,1596283329721,224
aws,aws_dynamo_writes,true,200,1596283329721,1596283329966,245
aws,aws_dynamo_writes,true,200,1596283329967,1596283330198,231
aws,aws_dynamo_writes,true,200,1596283330198,1596283330409,211
aws,aws_dynamo_writes,true,200,1596283330410,1596283330629,219
aws,aws_dynamo_writes,true,200,1596283330629,1596283330862,233
aws,aws_dynamo_writes,true,200,1596283330862,1596283331074,212
aws,aws_dynamo_writes,true,200,1596283331074,1596283331294,220
aws,aws_dynamo_writes,true,200,1596283331295,1596283331550,255
aws,aws_dynamo_writes,true,200,1596283331550,1596283331796,246
aws,aws_dynamo_writes,true,200,1596283331796,1596283332025,229
aws,aws_dynamo_writes,true,200,1596283332026,1596283332257,231
aws,aws_dynamo_writes,true,200,1596283332257,1596283332482,225
aws,aws_dynamo_writes,true,200,1596283332482,1596283332709,227
aws,aws_dynamo_writes,true,200,1596283332710,1596283332944,234
aws,aws_dynamo_writes,true,200,1596283332945,1596283333179,234
aws,aws_dynamo_writes,true,200,1596283333179,1596283333424,245
aws,aws_dynamo_writes,true,200,1596283333424,1596283333664,240
aws,aws_dynamo_writes,true,200,1596283333664,1596283333875,211
aws,aws_dynamo_writes,true,200,1596283333876,1596283334090,214
aws,aws_dynamo_writes,true,200,1596283334090,1596283334309,219
aws,aws_dynamo_writes,true,200,1596283334310,1596283334563,253
aws,aws_dynamo_writes,true,200,1596283334563,1596283334803,240
aws,aws_dynamo_writes,true,200,1596283334804,1596283335015,211
aws,aws_dynamo_writes,true,200,1596283335015,1596283335273,258
aws,aws_dynamo_writes,true,200,1596283335274,1596283335490,216
aws,aws_dynamo_writes,true,200,1596283335490,1596283335706,216
aws,aws_dynamo_writes,true,200,1596283335706,1596283335926,220
aws,aws_dynamo_writes,true,200,1596283335926,1596283336169,243
aws,aws_dynamo_writes,true,200,1596283336169,1596283336408,239
aws,aws_dynamo_writes,true,200,1596283336409,1596283336639,230
aws,aws_dynamo_writes,true,200,1596283336640,1596283336852,212
aws,aws_dynamo_writes,true,200,1596283336852,1596283337081,229
aws,aws_dynamo_writes,true,200,1596283337081,1596283337311,230
aws,aws_dynamo_writes,true,200,1596283337312,1596283337552,240
aws,aws_dynamo_writes,true,200,1596283337552,1596283337764,212
aws,aws_dynamo_writes,true,200,1596283337765,1596283338005,240
aws,aws_dynamo_writes,true,200,1596283338005,1596283338237,232
aws,aws_dynamo_writes,true,200,1596283338238,1596283338457,219
aws,aws_dynamo_writes,true,200,1596283338457,1596283338666,209
aws,aws_dynamo_writes,true,200,1596283338666,1596283338879,213
aws,aws_dynamo_writes,true,200,1596283338879,1596283339114,235
aws,aws_dynamo_writes,true,200,1596283339114,1596283339365,251
aws,aws_dynamo_writes,true,200,1596283339365,1596283339588,223
aws,aws_dynamo_writes,true,200,1596283339589,1596283339833,244
aws,aws_dynamo_writes,true,200,1596283339834,1596283340047,213
aws,aws_dynamo_writes,true,200,1596283340048,1596283340276,228
aws,aws_dynamo_writes,true,200,1596283340276,1596283340508,232
aws,aws_dynamo_writes,true,200,1596283340508,1596283340737,229
aws,aws_dynamo_writes,true,200,1596283340737,1596283340974,237
aws,aws_dynamo_writes,true,200,1596283340974,1596283341200,226
aws,aws_dynamo_writes,true,200,1596283341201,1596283341482,281
aws,aws_dynamo_writes,true,200,1596283341483,1596283341732,249
aws,aws_dynamo_writes,true,200,1596283341732,1596283342054,322
aws,aws_dynamo_writes,true,200,1596283342054,1596283342385,331
aws,aws_dynamo_writes,true,200,1596283342386,1596283342613,227
aws,aws_dynamo_writes,true,200,1596283342613,1596283342849,236
aws,aws_dynamo_writes,true,200,1596283342850,1596283343089,239
aws,aws_dynamo_writes,true,200,1596283343090,1596283343309,219
aws,aws_dynamo_writes,true,200,1596283343309,1596283343545,236
aws,aws_dynamo_writes,true,200,1596283343545,1596283343786,241
aws,aws_dynamo_writes,true,200,1596283343786,1596283344025,239
aws,aws_dynamo_writes,true,200,1596283344026,1596283344255,229
aws,aws_dynamo_writes,true,200,1596283344256,1596283344502,246
aws,aws_dynamo_writes,true,200,1596283344502,1596283344777,275
aws,aws_dynamo_writes,true,200,1596283344778,1596283345004,226
aws,aws_dynamo_writes,true,200,1596283345004,1596283345224,220
aws,aws_dynamo_writes,true,200,1596283345225,1596283345455,230
aws,aws_dynamo_writes,true,200,1596283345455,1596283345670,215
aws,aws_dynamo_writes,true,200,1596283345670,1596283345890,220
aws,aws_dynamo_writes,true,200,1596283345890,1596283346126,236
aws,aws_dynamo_writes,true,200,1596283346126,1596283346349,223
aws,aws_dynamo_writes,true,200,1596283346349,1596283346747,398
aws,aws_dynamo_writes,true,200,1596283346747,1596283346951,204
aws,aws_dynamo_writes,true,200,1596283346952,1596283347175,223
aws,aws_dynamo_writes,true,200,1596283347175,1596283347505,330
aws,aws_dynamo_writes,true,200,1596283347505,1596283347773,268
aws,aws_dynamo_writes,true,200,1596283347773,1596283348007,234
aws,aws_dynamo_writes,true,200,1596283348007,1596283348242,235
aws,aws_dynamo_writes,true,200,1596283348242,1596283348468,226
aws,aws_dynamo_writes,true,200,1596283348468,1596283348689,221
aws,aws_dynamo_writes,true,200,1596283348690,1596283348920,230
aws,aws_dynamo_writes,true,200,1596283348920,1596283349149,229
aws,aws_dynamo_writes,true,200,1596283349150,1596283349378,228
aws,aws_dynamo_writes,true,200,1596283349378,1596283349658,280
aws,aws_dynamo_writes,true,200,1596283349658,1596283349894,236
aws,aws_dynamo_writes,true,200,1596283349894,1596283350162,268
aws,aws_dynamo_writes,true,200,1596283350162,1596283350390,228
aws,aws_dynamo_writes,true,200,1596283350390,1596283350617,227
aws,aws_dynamo_writes,true,200,1596283350618,1596283350862,244
aws,aws_dynamo_writes,true,200,1596283350862,1596283351104,242
aws,aws_dynamo_writes,true,200,1596283351104,1596283351326,222
aws,aws_dynamo_writes,true,200,1596283351326,1596283351555,229
aws,aws_dynamo_writes,true,200,1596283351555,1596283351789,234
aws,aws_dynamo_writes,true,200,1596283351790,1596283352016,226
aws,aws_dynamo_writes,true,200,1596283352016,1596283352264,248
aws,aws_dynamo_writes,true,200,1596283352264,1596283352499,235
aws,aws_dynamo_writes,true,200,1596283352500,1596283352732,232
aws,aws_dynamo_writes,true,200,1596283352733,1596283352968,235
aws,aws_dynamo_writes,true,200,1596283352968,1596283353200,232
aws,aws_dynamo_writes,true,200,1596283353200,1596283353422,222
aws,aws_dynamo_writes,true,200,1596283353423,1596283353667,244
aws,aws_dynamo_writes,true,200,1596283353667,1596283353903,236
aws,aws_dynamo_writes,true,200,1596283353904,1596283354162,258
aws,aws_dynamo_writes,true,200,1596283354163,1596283354401,238
aws,aws_dynamo_writes,true,200,1596283354401,1596283354627,226
aws,aws_dynamo_writes,true,200,1596283354628,1596283354858,230
aws,aws_dynamo_writes,true,200,1596283354858,1596283355111,253
aws,aws_dynamo_writes,true,200,1596283355111,1596283355374,263
aws,aws_dynamo_writes,true,200,1596283355374,1596283355601,227
aws,aws_dynamo_writes,true,200,1596283355601,1596283355831,230
aws,aws_dynamo_writes,true,200,1596283355832,1596283356093,261
aws,aws_dynamo_writes,true,200,1596283356094,1596283356333,239
aws,aws_dynamo_writes,true,200,1596283356333,1596283356571,238
aws,aws_dynamo_writes,true,200,1596283356571,1596283356819,248
aws,aws_dynamo_writes,true,200,1596283356819,1596283357070,251
aws,aws_dynamo_writes,true,200,1596283357070,1596283357301,231
aws,aws_dynamo_writes,true,200,1596283357302,1596283357534,232
aws,aws_dynamo_writes,true,200,1596283357534,1596283357801,267
aws,aws_dynamo_writes,true,200,1596283357801,1596283358023,222
aws,aws_dynamo_writes,true,200,1596283358024,1596283358255,231
aws,aws_dynamo_writes,true,200,1596283358255,1596283358488,233
aws,aws_dynamo_writes,true,200,1596283358488,1596283358696,208
aws,aws_dynamo_writes,true,200,1596283358696,1596283358917,221
aws,aws_dynamo_writes,true,200,1596283358917,1596283359157,240
aws,aws_dynamo_writes,true,200,1596283359157,1596283359389,232
aws,aws_dynamo_writes,true,200,1596283359389,1596283359621,232
aws,aws_dynamo_writes,true,200,1596283359622,1596283359846,224
aws,aws_dynamo_writes,true,200,1596283359847,1596283360074,227
aws,aws_dynamo_writes,true,200,1596283360075,1596283360326,251
aws,aws_dynamo_writes,true,200,1596283360327,1596283360546,219
aws,aws_dynamo_writes,true,200,1596283360546,1596283360779,233
aws,aws_dynamo_writes,true,200,1596283360779,1596283361000,221
aws,aws_dynamo_writes,true,200,1596283361001,1596283361236,235
aws,aws_dynamo_writes,true,200,1596283361236,1596283361468,232
aws,aws_dynamo_writes,true,200,1596283361469,1596283361724,255
aws,aws_dynamo_writes,true,200,1596283361725,1596283361955,230
aws,aws_dynamo_writes,true,200,1596283361955,1596283362189,234
aws,aws_dynamo_writes,true,200,1596283362190,1596283362447,257
aws,aws_dynamo_writes,true,200,1596283362447,1596283362669,222
aws,aws_dynamo_writes,true,200,1596283362670,1596283362900,230
aws,aws_dynamo_writes,true,200,1596283362901,1596283363130,229
aws,aws_dynamo_writes,true,200,1596283363130,1596283363355,225
aws,aws_dynamo_writes,true,200,1596283363355,1596283363573,218
aws,aws_dynamo_writes,true,200,1596283363574,1596283363949,375
aws,aws_dynamo_writes,true,200,1596283363949,1596283364257,308
aws,aws_dynamo_writes,true,200,1596283364257,1596283364487,230
aws,aws_dynamo_writes,true,200,1596283364487,1596283364749,262
aws,aws_dynamo_writes,true,200,1596283364749,1596283364983,234
aws,aws_dynamo_writes,true,200,1596283364983,1596283365231,248
aws,aws_dynamo_writes,true,200,1596283365231,1596283365479,248
aws,aws_dynamo_writes,true,200,1596283365479,1596283365711,232
aws,aws_dynamo_writes,true,200,1596283365711,1596283365939,228
aws,aws_dynamo_writes,true,200,1596283365939,1596283366162,223
aws,aws_dynamo_writes,true,200,1596283366162,1596283366387,225
aws,aws_dynamo_writes,true,200,1596283366387,1596283366626,239
aws,aws_dynamo_writes,true,200,1596283366626,1596283366851,225
aws,aws_dynamo_writes,true,200,1596283366851,1596283367074,223
aws,aws_dynamo_writes,true,200,1596283367075,1596283367285,210
aws,aws_dynamo_writes,true,200,1596283367285,1596283367513,228
aws,aws_dynamo_writes,true,200,1596283367514,1596283367762,248
aws,aws_dynamo_writes,true,200,1596283367763,1596283367975,212
aws,aws_dynamo_writes,true,200,1596283367975,1596283368229,254
aws,aws_dynamo_writes,true,200,1596283368230,1596283368452,222
aws,aws_dynamo_writes,true,200,1596283368453,1596283368702,249
aws,aws_dynamo_writes,true,200,1596283368702,1596283368937,235
aws,aws_dynamo_writes,true,200,1596283368937,1596283369170,233
aws,aws_dynamo_writes,true,200,1596283369171,1596283369403,232
aws,aws_dynamo_writes,true,200,1596283369403,1596283369656,253
aws,aws_dynamo_writes,true,200,1596283369656,1596283369898,242
aws,aws_dynamo_writes,true,200,1596283369899,1596283370130,231
aws,aws_dynamo_writes,true,200,1596283370130,1596283370349,219
aws,aws_dynamo_writes,true,200,1596283370349,1596283370582,233
aws,aws_dynamo_writes,true,200,1596283370583,1596283370911,328
aws,aws_dynamo_writes,true,200,1596283370911,1596283371161,250
aws,aws_dynamo_writes,true,200,1596283371162,1596283371373,211
aws,aws_dynamo_writes,true,200,1596283371373,1596283371589,216
aws,aws_dynamo_writes,true,200,1596283371590,1596283371816,226
aws,aws_dynamo_writes,true,200,1596283371816,1596283372066,250
aws,aws_dynamo_writes,true,200,1596283372067,1596283372270,203
aws,aws_dynamo_writes,true,200,1596283372271,1596283372486,215
aws,aws_dynamo_writes,true,200,1596283372486,1596283372713,227
aws,aws_dynamo_writes,true,200,1596283372714,1596283372966,252
aws,aws_dynamo_writes,true,200,1596283372966,1596283373221,255
aws,aws_dynamo_writes,true,200,1596283373222,1596283373439,217
aws,aws_dynamo_writes,true,200,1596283373439,1596283373668,229
aws,aws_dynamo_writes,true,200,1596283373669,1596283373920,251
aws,aws_dynamo_writes,true,200,1596283373920,1596283374151,231
aws,aws_dynamo_writes,true,200,1596283374151,1596283374392,241
aws,aws_dynamo_writes,true,200,1596283374393,1596283374618,225
aws,aws_dynamo_writes,true,200,1596283374618,1596283374873,255
aws,aws_dynamo_writes,true,200,1596283374873,1596283375105,232
aws,aws_dynamo_writes,true,200,1596283375106,1596283375330,224
aws,aws_dynamo_writes,true,200,1596283375331,1596283375573,242
aws,aws_dynamo_writes,true,200,1596283375574,1596283375807,233
aws,aws_dynamo_writes,true,200,1596283375807,1596283376047,240
aws,aws_dynamo_writes,true,200,1596283376048,1596283376276,228
aws,aws_dynamo_writes,true,200,1596283376276,1596283376529,253
aws,aws_dynamo_writes,true,200,1596283376530,1596283376778,248
aws,aws_dynamo_writes,true,200,1596283376778,1596283377001,223
aws,aws_dynamo_writes,true,200,1596283377001,1596283377257,256
aws,aws_dynamo_writes,true,200,1596283377258,1596283377482,224
aws,aws_dynamo_writes,true,200,1596283377482,1596283377713,231
aws,aws_dynamo_writes,true,200,1596283377714,1596283377939,225
aws,aws_dynamo_writes,true,200,1596283377940,1596283378171,231
aws,aws_dynamo_writes,true,200,1596283378172,1596283378405,233
aws,aws_dynamo_writes,true,200,1596283378405,1596283378655,250
aws,aws_dynamo_writes,true,200,1596283378655,1596283378883,228
aws,aws_dynamo_writes,true,200,1596283378884,1596283379091,207
aws,aws_dynamo_writes,true,200,1596283379091,1596283379311,220
aws,aws_dynamo_writes,true,200,1596283379312,1596283379543,231
aws,aws_dynamo_writes,true,200,1596283379544,1596283379802,258
aws,aws_dynamo_writes,true,200,1596283379803,1596283381058,1255
aws,aws_dynamo_writes,true,200,1596283381058,1596283381300,242
aws,aws_dynamo_writes,true,200,1596283381300,1596283381553,253
aws,aws_dynamo_writes,true,200,1596283381553,1596283381813,260
aws,aws_dynamo_writes,true,200,1596283381813,1596283382033,220
aws,aws_dynamo_writes,true,200,1596283382034,1596283382234,200
aws,aws_dynamo_writes,true,200,1596283382234,1596283382503,269
aws,aws_dynamo_writes,true,200,1596283382503,1596283382749,246
aws,aws_dynamo_writes,true,200,1596283382749,1596283383017,268
aws,aws_dynamo_writes,true,200,1596283383017,1596283383252,235
aws,aws_dynamo_writes,true,200,1596283383253,1596283383478,225
aws,aws_dynamo_writes,true,200,1596283383479,1596283383754,275
aws,aws_dynamo_writes,true,200,1596283383754,1596283384013,259
aws,aws_dynamo_writes,true,200,1596283384013,1596283384240,227
aws,aws_dynamo_writes,true,200,1596283384241,1596283384462,221
aws,aws_dynamo_writes,true,200,1596283384463,1596283384704,241
aws,aws_dynamo_writes,true,200,1596283384704,1596283384942,238
aws,aws_dynamo_writes,true,200,1596283384942,1596283385160,218
aws,aws_dynamo_writes,true,200,1596283385161,1596283385401,240
aws,aws_dynamo_writes,true,200,1596283385401,1596283385625,224
aws,aws_dynamo_writes,true,200,1596283385626,1596283385858,232
aws,aws_dynamo_writes,true,200,1596283385858,1596283386102,244
aws,aws_dynamo_writes,true,200,1596283386102,1596283386344,242
aws,aws_dynamo_writes,true,200,1596283386345,1596283386574,229
aws,aws_dynamo_writes,true,200,1596283386574,1596283386857,283
aws,aws_dynamo_writes,true,200,1596283386858,1596283387074,216
aws,aws_dynamo_writes,true,200,1596283387075,1596283387309,234
aws,aws_dynamo_writes,true,200,1596283387309,1596283387538,229
aws,aws_dynamo_writes,true,200,1596283387538,1596283387764,226
aws,aws_dynamo_writes,true,200,1596283387764,1596283387979,215
aws,aws_dynamo_writes,true,200,1596283387980,1596283388220,240
aws,aws_dynamo_writes,true,200,1596283388220,1596283388452,232
aws,aws_dynamo_writes,true,200,1596283388452,1596283388693,241
aws,aws_dynamo_writes,true,200,1596283388693,1596283388962,269
aws,aws_dynamo_writes,true,200,1596283388962,1596283389226,264
aws,aws_dynamo_writes,true,200,1596283389227,1596283389475,248
aws,aws_dynamo_writes,true,200,1596283389475,1596283389723,248
aws,aws_dynamo_writes,true,200,1596283389724,1596283390016,292
aws,aws_dynamo_writes,true,200,1596283390017,1596283390274,257
aws,aws_dynamo_writes,true,200,1596283390275,1596283390516,241
aws,aws_dynamo_writes,true,200,1596283390517,1596283390753,236
aws,aws_dynamo_writes,true,200,1596283390753,1596283391003,250
aws,aws_dynamo_writes,true,200,1596283391004,1596283391250,246
aws,aws_dynamo_writes,true,200,1596283391251,1596283391489,238
aws,aws_dynamo_writes,true,200,1596283391490,1596283391904,414
aws,aws_dynamo_writes,true,200,1596283391905,1596283392135,230
aws,aws_dynamo_writes,true,200,1596283392136,1596283392405,269
aws,aws_dynamo_writes,true,200,1596283392406,1596283392634,228
aws,aws_dynamo_writes,true,200,1596283392634,1596283392877,243
aws,aws_dynamo_writes,true,200,1596283392878,1596283393089,211
aws,aws_dynamo_writes,true,200,1596283393089,1596283393356,267
aws,aws_dynamo_writes,true,200,1596283393356,1596283393586,230