aws,aws_cosmos_reads,false,200,1596484720242,1596484721868,1626
aws,aws_cosmos_reads,false,200,1596484721869,1596484721984,115
aws,aws_cosmos_reads,false,200,1596484721984,1596484722104,120
aws,aws_cosmos_reads,false,200,1596484722104,1596484722209,105
aws,aws_cosmos_reads,false,200,1596484722209,1596484722325,116
aws,aws_cosmos_reads,false,200,1596484722325,1596484722441,116
aws,aws_cosmos_reads,false,200,1596484722442,1596484722556,114
aws,aws_cosmos_reads,false,200,1596484722556,1596484722693,137
aws,aws_cosmos_reads,false,200,1596484722693,1596484722806,113
aws,aws_cosmos_reads,false,200,1596484722806,1596484722905,99
aws,aws_cosmos_reads,false,200,1596484722906,1596484723014,108
aws,aws_cosmos_reads,false,200,1596484723015,1596484723163,148
aws,aws_cosmos_reads,false,200,1596484723164,1596484723254,90
aws,aws_cosmos_reads,false,200,1596484723254,1596484723363,109
aws,aws_cosmos_reads,false,200,1596484723363,1596484723466,103
aws,aws_cosmos_reads,false,200,1596484723466,1596484723569,103
aws,aws_cosmos_reads,false,200,1596484723569,1596484723694,125
aws,aws_cosmos_reads,false,200,1596484723694,1596484723826,132
aws,aws_cosmos_reads,false,200,1596484723826,1596484723927,101
aws,aws_cosmos_reads,false,200,1596484723928,1596484724027,99
aws,aws_cosmos_reads,false,200,1596484724027,1596484724131,104
aws,aws_cosmos_reads,false,200,1596484724131,1596484724240,109
aws,aws_cosmos_reads,false,200,1596484724241,1596484724351,110
aws,aws_cosmos_reads,false,200,1596484724352,1596484724472,120
aws,aws_cosmos_reads,false,200,1596484724472,1596484724587,115
aws,aws_cosmos_reads,false,200,1596484724587,1596484724715,128
aws,aws_cosmos_reads,false,200,1596484724715,1596484724810,95
aws,aws_cosmos_reads,false,200,1596484724810,1596484724912,102
aws,aws_cosmos_reads,false,200,1596484724912,1596484725026,114
aws,aws_cosmos_reads,false,200,1596484725026,1596484725180,154
aws,aws_cosmos_reads,false,200,1596484725180,1596484725284,104
aws,aws_cosmos_reads,false,200,1596484725285,1596484725392,107
aws,aws_cosmos_reads,false,200,1596484725392,1596484725501,109
aws,aws_cosmos_reads,false,200,1596484725501,1596484725608,107
aws,aws_cosmos_reads,false,200,1596484725608,1596484725719,111
aws,aws_cosmos_reads,false,200,1596484725719,1596484725853,134
aws,aws_cosmos_reads,false,200,1596484725854,1596484725953,99
aws,aws_cosmos_reads,false,200,1596484725953,1596484726059,106
aws,aws_cosmos_reads,false,200,1596484726059,1596484726189,130
aws,aws_cosmos_reads,false,200,1596484726189,1596484726310,121
aws,aws_cosmos_reads,false,200,1596484726310,1596484726418,108
aws,aws_cosmos_reads,false,200,1596484726418,1596484726528,110
aws,aws_cosmos_reads,false,200,1596484726528,1596484726639,111
aws,aws_cosmos_reads,false,200,1596484726639,1596484726752,113
aws,aws_cosmos_reads,false,200,1596484726753,1596484726862,109
aws,aws_cosmos_reads,false,200,1596484726862,1596484726980,118
aws,aws_cosmos_reads,false,200,1596484726980,1596484727093,113
aws,aws_cosmos_reads,false,200,1596484727093,1596484727211,118
aws,aws_cosmos_reads,false,200,1596484727211,1596484727318,107
aws,aws_cosmos_reads,false,200,1596484727319,1596484727437,118
aws,aws_cosmos_reads,false,200,1596484727439,1596484727546,107
aws,aws_cosmos_reads,false,200,1596484727546,1596484727664,118
aws,aws_cosmos_reads,false,200,1596484727664,1596484727767,103
aws,aws_cosmos_reads,false,200,1596484727767,1596484727887,120
aws,aws_cosmos_reads,false,200,1596484727888,1596484727990,102
aws,aws_cosmos_reads,false,200,1596484727990,1596484728089,99
aws,aws_cosmos_reads,false,200,1596484728089,1596484728200,111
aws,aws_cosmos_reads,false,200,1596484728200,1596484728317,117
aws,aws_cosmos_reads,false,200,1596484728318,1596484728441,123
aws,aws_cosmos_reads,false,200,1596484728441,1596484728541,100
aws,aws_cosmos_reads,false,200,1596484728541,1596484728659,118
aws,aws_cosmos_reads,false,200,1596484728659,1596484728759,100
aws,aws_cosmos_reads,false,200,1596484728759,1596484728885,126
aws,aws_cosmos_reads,false,200,1596484728886,1596484729105,219
aws,aws_cosmos_reads,false,200,1596484729106,1596484729216,110
aws,aws_cosmos_reads,false,200,1596484729216,1596484729315,99
aws,aws_cosmos_reads,false,200,1596484729315,1596484729455,140
aws,aws_cosmos_reads,false,200,1596484729455,1596484729564,109
aws,aws_cosmos_reads,false,200,1596484729564,1596484729660,96
aws,aws_cosmos_reads,false,200,1596484729660,1596484729879,219
aws,aws_cosmos_reads,false,200,1596484729879,1596484729971,92
aws,aws_cosmos_reads,false,200,1596484729971,1596484730084,113
aws,aws_cosmos_reads,false,200,1596484730085,1596484730182,97
aws,aws_cosmos_reads,false,200,1596484730182,1596484730304,122
aws,aws_cosmos_reads,false,200,1596484730305,1596484730402,97
aws,aws_cosmos_reads,false,200,1596484730402,1596484730533,131
aws,aws_cosmos_reads,false,200,1596484730533,1596484730638,105
aws,aws_cosmos_reads,false,200,1596484730639,1596484730744,105
aws,aws_cosmos_reads,false,200,1596484730745,1596484730890,145
aws,aws_cosmos_reads,false,200,1596484730890,1596484730999,109
aws,aws_cosmos_reads,false,200,1596484730999,1596484731093,94
aws,aws_cosmos_reads,false,200,1596484731093,1596484731200,107
aws,aws_cosmos_reads,false,200,1596484731200,1596484731297,97
aws,aws_cosmos_reads,false,200,1596484731297,1596484731387,90
aws,aws_cosmos_reads,false,200,1596484731387,1596484731477,90
aws,aws_cosmos_reads,false,200,1596484731478,1596484731578,100
aws,aws_cosmos_reads,false,200,1596484731578,1596484731681,103
aws,aws_cosmos_reads,false,200,1596484731681,1596484731790,109
aws,aws_cosmos_reads,false,200,1596484731791,1596484731887,96
aws,aws_cosmos_reads,false,200,1596484731888,1596484731998,110
aws,aws_cosmos_reads,false,200,1596484731998,1596484732110,112
aws,aws_cosmos_reads,false,200,1596484732110,1596484732233,123
aws,aws_cosmos_reads,false,200,1596484732234,1596484732346,112
aws,aws_cosmos_reads,false,200,1596484732346,1596484732456,110
aws,aws_cosmos_reads,false,200,1596484732456,1596484732574,118
aws,aws_cosmos_reads,false,200,1596484732575,1596484732669,94
aws,aws_cosmos_reads,false,200,1596484732669,1596484732925,256
aws,aws_cosmos_reads,false,200,1596484732925,1596484733022,97
aws,aws_cosmos_reads,false,200,1596484733022,1596484733132,110
aws,aws_cosmos_reads,false,200,1596484733132,1596484733234,102
aws,aws_cosmos_reads,false,200,1596484733235,1596484733339,104
aws,aws_cosmos_reads,false,200,1596484733340,1596484733447,107
aws,aws_cosmos_reads,false,200,1596484733447,1596484733550,103
aws,aws_cosmos_reads,false,200,1596484733550,1596484733690,140
aws,aws_cosmos_reads,false,200,1596484733690,1596484733835,145
aws,aws_cosmos_reads,false,200,1596484733836,1596484733942,106
aws,aws_cosmos_reads,false,200,1596484733942,1596484734081,139
aws,aws_cosmos_reads,false,200,1596484734081,1596484734214,133
aws,aws_cosmos_reads,false,200,1596484734215,1596484734340,125
aws,aws_cosmos_reads,false,200,1596484734340,1596484734442,102
aws,aws_cosmos_reads,false,200,1596484734442,1596484734540,98
aws,aws_cosmos_reads,false,200,1596484734541,1596484734694,153
aws,aws_cosmos_reads,false,200,1596484734694,1596484734832,138
aws,aws_cosmos_reads,false,200,1596484734833,1596484734940,107
aws,aws_cosmos_reads,false,200,1596484734941,1596484735045,104
aws,aws_cosmos_reads,false,200,1596484735045,1596484735158,113
aws,aws_cosmos_reads,false,200,1596484735158,1596484735263,105
aws,aws_cosmos_reads,false,200,1596484735264,1596484735401,137
aws,aws_cosmos_reads,false,200,1596484735401,1596484735553,152
aws,aws_cosmos_reads,false,200,1596484735553,1596484735672,119
aws,aws_cosmos_reads,false,200,1596484735672,1596484735806,134
aws,aws_cosmos_reads,false,200,1596484735806,1596484735924,118
aws,aws_cosmos_reads,false,200,1596484735925,1596484736040,115
aws,aws_cosmos_reads,false,200,1596484736040,1596484736167,127
aws,aws_cosmos_reads,false,200,1596484736167,1596484736286,119
aws,aws_cosmos_reads,false,200,1596484736287,1596484736394,107
aws,aws_cosmos_reads,false,200,1596484736395,1596484736505,110
aws,aws_cosmos_reads,false,200,1596484736505,1596484736604,99
aws,aws_cosmos_reads,false,200,1596484736604,1596484736873,269
aws,aws_cosmos_reads,false,200,1596484736873,1596484736968,95
aws,aws_cosmos_reads,false,200,1596484736969,1596484737105,136
aws,aws_cosmos_reads,false,200,1596484737106,1596484737250,144
aws,aws_cosmos_reads,false,200,1596484737251,1596484737363,112
aws,aws_cosmos_reads,false,200,1596484737363,1596484737463,100
aws,aws_cosmos_reads,false,200,1596484737463,1596484737581,118
aws,aws_cosmos_reads,false,200,1596484737581,1596484737756,175
aws,aws_cosmos_reads,false,200,1596484737757,1596484737860,103
aws,aws_cosmos_reads,false,200,1596484737861,1596484737972,111
aws,aws_cosmos_reads,false,200,1596484737973,1596484738073,100
aws,aws_cosmos_reads,false,200,1596484738073,1596484738200,127
aws,aws_cosmos_reads,false,200,1596484738201,1596484738307,106
aws,aws_cosmos_reads,false,200,1596484738307,1596484738398,91
aws,aws_cosmos_reads,false,200,1596484738399,1596484738509,110
aws,aws_cosmos_reads,false,200,1596484738509,1596484738796,287
aws,aws_cosmos_reads,false,200,1596484738796,1596484738904,108
aws,aws_cosmos_reads,false,200,1596484738904,1596484739018,114
aws,aws_cosmos_reads,false,200,1596484739018,1596484739136,118
aws,aws_cosmos_reads,false,200,1596484739136,1596484739241,105
aws,aws_cosmos_reads,false,200,1596484739241,1596484739389,148
aws,aws_cosmos_reads,false,200,1596484739389,1596484739515,126
aws,aws_cosmos_reads,false,200,1596484739516,1596484739614,98
aws,aws_cosmos_reads,false,200,1596484739614,1596484739723,109
aws,aws_cosmos_reads,false,200,1596484739724,1596484739836,112
aws,aws_cosmos_reads,false,200,1596484739836,1596484739945,109
aws,aws_cosmos_reads,false,200,1596484739946,1596484740072,126
aws,aws_cosmos_reads,false,200,1596484740073,1596484740196,123
aws,aws_cosmos_reads,false,200,1596484740196,1596484740298,102
aws,aws_cosmos_reads,false,200,1596484740298,1596484740414,116
aws,aws_cosmos_reads,false,200,1596484740415,1596484740553,138
aws,aws_cosmos_reads,false,200,1596484740553,1596484740797,244
aws,aws_cosmos_reads,false,200,1596484740798,1596484740916,118
aws,aws_cosmos_reads,false,200,1596484740916,1596484741013,97
aws,aws_cosmos_reads,false,200,1596484741014,1596484741117,103
aws,aws_cosmos_reads,false,200,1596484741118,1596484741237,119
aws,aws_cosmos_reads,false,200,1596484741237,1596484741352,115
aws,aws_cosmos_reads,false,200,1596484741352,1596484741452,100
aws,aws_cosmos_reads,false,200,1596484741452,1596484741565,113
aws,aws_cosmos_reads,false,200,1596484741565,1596484741672,107
aws,aws_cosmos_reads,false,200,1596484741672,1596484741782,110
aws,aws_cosmos_reads,false,200,1596484741782,1596484741883,101
aws,aws_cosmos_reads,false,200,1596484741883,1596484741967,84
aws,aws_cosmos_reads,false,200,1596484741967,1596484742074,107
aws,aws_cosmos_reads,false,200,1596484742074,1596484742182,108
aws,aws_cosmos_reads,false,200,1596484742182,1596484742284,102
aws,aws_cosmos_reads,false,200,1596484742284,1596484742387,103
aws,aws_cosmos_reads,false,200,1596484742387,1596484742482,95
aws,aws_cosmos_reads,false,200,1596484742483,1596484742585,102
aws,aws_cosmos_reads,false,200,1596484742585,1596484742681,96
aws,aws_cosmos_reads,false,200,1596484742681,1596484742771,90
aws,aws_cosmos_reads,false,200,1596484742774,1596484742886,112
aws,aws_cosmos_reads,false,200,1596484742886,1596484743134,248
aws,aws_cosmos_reads,false,200,1596484743135,1596484743223,88
aws,aws_cosmos_reads,false,200,1596484743224,1596484743340,116
aws,aws_cosmos_reads,false,200,1596484743340,1596484743451,111
aws,aws_cosmos_reads,false,200,1596484743452,1596484743586,134
aws,aws_cosmos_reads,false,200,1596484743586,1596484743713,127
aws,aws_cosmos_reads,false,200,1596484743714,1596484743825,111
aws,aws_cosmos_reads,false,200,1596484743825,1596484743939,114
aws,aws_cosmos_reads,false,200,1596484743940,1596484744053,113
aws,aws_cosmos_reads,false,200,1596484744053,1596484744390,337
aws,aws_cosmos_reads,false,200,1596484744391,1596484744505,114
aws,aws_cosmos_reads,false,200,1596484744506,1596484744607,101
aws,aws_cosmos_reads,false,200,1596484744607,1596484744715,108
aws,aws_cosmos_reads,false,200,1596484744715,1596484744832,117
aws,aws_cosmos_reads,false,200,1596484744832,1596484744967,135
aws,aws_cosmos_reads,false,200,1596484744968,1596484745075,107
aws,aws_cosmos_reads,false,200,1596484745075,1596484745201,126
aws,aws_cosmos_reads,false,200,1596484745202,1596484745323,121
aws,aws_cosmos_reads,false,200,1596484745323,1596484745522,199
aws,aws_cosmos_reads,false,200,1596484745523,1596484745633,110
aws,aws_cosmos_reads,false,200,1596484745634,1596484745739,105
aws,aws_cosmos_reads,false,200,1596484745740,1596484745841,101
aws,aws_cosmos_reads,false,200,1596484745842,1596484745950,108
aws,aws_cosmos_reads,false,200,1596484745951,1596484746057,106
aws,aws_cosmos_reads,false,200,1596484746057,1596484746288,231
aws,aws_cosmos_reads,false,200,1596484746288,1596484746394,106
aws,aws_cosmos_reads,false,200,1596484746395,1596484746503,108
aws,aws_cosmos_reads,false,200,1596484746503,1596484746607,104
aws,aws_cosmos_reads,false,200,1596484746608,1596484746734,126
aws,aws_cosmos_reads,false,200,1596484746735,1596484746845,110
aws,aws_cosmos_reads,false,200,1596484746846,1596484746949,103
aws,aws_cosmos_reads,false,200,1596484746949,1596484747052,103
aws,aws_cosmos_reads,false,200,1596484747052,1596484747151,99
aws,aws_cosmos_reads,false,200,1596484747151,1596484747253,102
aws,aws_cosmos_reads,false,200,1596484747254,1596484747358,104
aws,aws_cosmos_reads,false,200,1596484747358,1596484747493,135
aws,aws_cosmos_reads,false,200,1596484747493,1596484747599,106
aws,aws_cosmos_reads,false,200,1596484747599,1596484747714,115
aws,aws_cosmos_reads,false,200,1596484747715,1596484747826,111
aws,aws_cosmos_reads,false,200,1596484747826,1596484747925,99
aws,aws_cosmos_reads,false,200,1596484747925,1596484748018,93
aws,aws_cosmos_reads,false,200,1596484748018,1596484748136,118
aws,aws_cosmos_reads,false,200,1596484748136,1596484748245,109
aws,aws_cosmos_reads,false,200,1596484748246,1596484748349,103
aws,aws_cosmos_reads,false,200,1596484748350,1596484748453,103
aws,aws_cosmos_reads,false,200,1596484748453,1596484748558,105
aws,aws_cosmos_reads,false,200,1596484748558,1596484748692,134
aws,aws_cosmos_reads,false,200,1596484748692,1596484748801,109
aws,aws_cosmos_reads,false,200,1596484748802,1596484748919,117
aws,aws_cosmos_reads,false,200,1596484748920,1596484749038,118
aws,aws_cosmos_reads,false,200,1596484749038,1596484749155,117
aws,aws_cosmos_reads,false,200,1596484749156,1596484749260,104
aws,aws_cosmos_reads,false,200,1596484749260,1596484749398,138
aws,aws_cosmos_reads,false,200,1596484749398,1596484749561,163
aws,aws_cosmos_reads,false,200,1596484749561,1596484749665,104
aws,aws_cosmos_reads,false,200,1596484749666,1596484749780,114
aws,aws_cosmos_reads,false,200,1596484749781,1596484749887,106
aws,aws_cosmos_reads,false,200,1596484749887,1596484749991,104
aws,aws_cosmos_reads,false,200,1596484749992,1596484750090,98
aws,aws_cosmos_reads,false,200,1596484750091,1596484750187,96
aws,aws_cosmos_reads,false,200,1596484750187,1596484750290,103
aws,aws_cosmos_reads,false,200,1596484750290,1596484750393,103
aws,aws_cosmos_reads,false,200,1596484750393,1596484750492,99
aws,aws_cosmos_reads,false,200,1596484750492,1596484750581,89
aws,aws_cosmos_reads,false,200,1596484750582,1596484750683,101
aws,aws_cosmos_reads,false,200,1596484750683,1596484750797,114
aws,aws_cosmos_reads,false,200,1596484750798,1596484750896,98
aws,aws_cosmos_reads,false,200,1596484750896,1596484751005,109
aws,aws_cosmos_reads,false,200,1596484751005,1596484751106,101
aws,aws_cosmos_reads,false,200,1596484751106,1596484751213,107
aws,aws_cosmos_reads,false,200,1596484751214,1596484751445,231
aws,aws_cosmos_reads,false,200,1596484751445,1596484751575,130
aws,aws_cosmos_reads,false,200,1596484751575,1596484751674,99
aws,aws_cosmos_reads,false,200,1596484751675,1596484751773,98
aws,aws_cosmos_reads,false,200,1596484751773,1596484751867,94
aws,aws_cosmos_reads,false,200,1596484751867,1596484751971,104
aws,aws_cosmos_reads,false,200,1596484751971,1596484752079,108
aws,aws_cosmos_reads,false,200,1596484752079,1596484752180,101
aws,aws_cosmos_reads,false,200,1596484752180,1596484752289,109
aws,aws_cosmos_reads,false,200,1596484752289,1596484752397,108
aws,aws_cosmos_reads,false,200,1596484752397,1596484752549,152
aws,aws_cosmos_reads,false,200,1596484752549,1596484752683,134
aws,aws_cosmos_reads,false,200,1596484752683,1596484752797,114
aws,aws_cosmos_reads,false,200,1596484752797,1596484752921,124
aws,aws_cosmos_reads,false,200,1596484752921,1596484753028,107
aws,aws_cosmos_reads,false,200,1596484753028,1596484753206,178
aws,aws_cosmos_reads,false,200,1596484753206,1596484753331,125
aws,aws_cosmos_reads,false,200,1596484753332,1596484753422,90
aws,aws_cosmos_reads,false,200,1596484753422,1596484753529,107
aws,aws_cosmos_reads,false,200,1596484753529,1596484753633,104
aws,aws_cosmos_reads,false,200,1596484753633,1596484753758,125
aws,aws_cosmos_reads,false,200,1596484753759,1596484753882,123
aws,aws_cosmos_reads,false,200,1596484753882,1596484753978,96
aws,aws_cosmos_reads,false,200,1596484753978,1596484754077,99
aws,aws_cosmos_reads,false,200,1596484754077,1596484754200,123
aws,aws_cosmos_reads,false,200,1596484754201,1596484754299,98
aws,aws_cosmos_reads,false,200,1596484754299,1596484754408,109
aws,aws_cosmos_reads,false,200,1596484754408,1596484754525,117
aws,aws_cosmos_reads,false,200,1596484754525,1596484754632,107
aws,aws_cosmos_reads,false,200,1596484754633,1596484754753,120
aws,aws_cosmos_reads,false,200,1596484754753,1596484754850,97
aws,aws_cosmos_reads,false,200,1596484754850,1596484754959,109
aws,aws_cosmos_reads,false,200,1596484754960,1596484755447,487
aws,aws_cosmos_reads,false,200,1596484755447,1596484755559,112
aws,aws_cosmos_reads,false,200,1596484755559,1596484755683,124
aws,aws_cosmos_reads,false,200,1596484755684,1596484755800,116
aws,aws_cosmos_reads,false,200,1596484755800,1596484755924,124
aws,aws_cosmos_reads,false,200,1596484755924,1596484756117,193
aws,aws_cosmos_reads,false,200,1596484756118,1596484756278,160
aws,aws_cosmos_reads,false,200,1596484756278,1596484756399,121
aws,aws_cosmos_reads,false,200,1596484756400,1596484756562,162
aws,aws_cosmos_reads,false,200,1596484756562,1596484756675,113
aws,aws_cosmos_reads,false,200,1596484756675,1596484756847,172
aws,aws_cosmos_reads,false,200,1596484756847,1596484757000,153
aws,aws_cosmos_reads,false,200,1596484757000,1596484757449,449
aws,aws_cosmos_reads,false,200,1596484757450,1596484757729,279
aws,aws_cosmos_reads,false,200,1596484757729,1596484757893,164
aws,aws_cosmos_reads,false,200,1596484757893,1596484758015,122
aws,aws_cosmos_reads,false,200,1596484758015,1596484758145,130
aws,aws_cosmos_reads,false,200,1596484758146,1596484758275,129
aws,aws_cosmos_reads,false,200,1596484758276,1596484758391,115
aws,aws_cosmos_reads,false,200,1596484758391,1596484758514,123
aws,aws_cosmos_reads,false,200,1596484758514,1596484758658,144
aws,aws_cosmos_reads,false,200,1596484758659,1596484758833,174
aws,aws_cosmos_reads,false,200,1596484758833,1596484758932,99
aws,aws_cosmos_reads,false,200,1596484758932,1596484759069,137
aws,aws_cosmos_reads,false,200,1596484759069,1596484759312,243
aws,aws_cosmos_reads,false,200,1596484759313,1596484759416,103
aws,aws_cosmos_reads,false,200,1596484759416,1596484759522,106
aws,aws_cosmos_reads,false,200,1596484759522,1596484759650,128
aws,aws_cosmos_reads,false,200,1596484759650,1596484759862,212
aws,aws_cosmos_reads,false,200,1596484759862,1596484760004,142
aws,aws_cosmos_reads,false,200,1596484760004,1596484760206,202
aws,aws_cosmos_reads,false,200,1596484760206,1596484760529,323
aws,aws_cosmos_reads,false,200,1596484760530,1596484760721,191
aws,aws_cosmos_reads,false,200,1596484760721,1596484760894,173
aws,aws_cosmos_reads,false,200,1596484760895,1596484761093,198
aws,aws_cosmos_reads,false,200,1596484761093,1596484761323,230
aws,aws_cosmos_reads,false,200,1596484761324,1596484761425,101
aws,aws_cosmos_reads,false,200,1596484761425,1596484761545,120
aws,aws_cosmos_reads,false,200,1596484761545,1596484761680,135
aws,aws_cosmos_reads,false,200,1596484761682,1596484761788,106
aws,aws_cosmos_reads,false,200,1596484761788,1596484761902,114
aws,aws_cosmos_reads,false,200,1596484761902,1596484762007,105
aws,aws_cosmos_reads,false,200,1596484762008,1596484762121,113
aws,aws_cosmos_reads,false,200,1596484762122,1596484762229,107
aws,aws_cosmos_reads,false,200,1596484762230,1596484762347,117
aws,aws_cosmos_reads,false,200,1596484762348,1596484762459,111
aws,aws_cosmos_reads,false,200,1596484762459,1596484762559,100
aws,aws_cosmos_reads,false,200,1596484762560,1596484762680,120
aws,aws_cosmos_reads,false,200,1596484762680,1596484762791,111
aws,aws_cosmos_reads,false,200,1596484762791,1596484762886,95
aws,aws_cosmos_reads,false,200,1596484762886,1596484763110,224
aws,aws_cosmos_reads,false,200,1596484763111,1596484763229,118
aws,aws_cosmos_reads,false,200,1596484763229,1596484763338,109
aws,aws_cosmos_reads,false,200,1596484763338,1596484763451,113
aws,aws_cosmos_reads,false,200,1596484763452,1596484763556,104
aws,aws_cosmos_reads,false,200,1596484763557,1596484763698,141
aws,aws_cosmos_reads,false,200,1596484763698,1596484763805,107
aws,aws_cosmos_reads,false,200,1596484763805,1596484763920,115
aws,aws_cosmos_reads,false,200,1596484763921,1596484764033,112
aws,aws_cosmos_reads,false,200,1596484764034,1596484764165,131
aws,aws_cosmos_reads,false,200,1596484764165,1596484764291,126
aws,aws_cosmos_reads,false,200,1596484764291,1596484764400,109
aws,aws_cosmos_reads,false,200,1596484764400,1596484764515,115
aws,aws_cosmos_reads,false,200,1596484764515,1596484764634,119
aws,aws_cosmos_reads,false,200,1596484764634,1596484764788,154
aws,aws_cosmos_reads,false,200,1596484764789,1596484764931,142
aws,aws_cosmos_reads,false,200,1596484764931,1596484765103,172
aws,aws_cosmos_reads,false,200,1596484765103,1596484765233,130
aws,aws_cosmos_reads,false,200,1596484765234,1596484765354,120
aws,aws_cosmos_reads,false,200,1596484765354,1596484765480,126
aws,aws_cosmos_reads,false,200,1596484765481,1596484765618,137
aws,aws_cosmos_reads,false,200,1596484765618,1596484765709,91
aws,aws_cosmos_reads,false,200,1596484765709,1596484765834,125
aws,aws_cosmos_reads,false,200,1596484765834,1596484765937,103
aws,aws_cosmos_reads,false,200,1596484765937,1596484766041,104
aws,aws_cosmos_reads,false,200,1596484766042,1596484766157,115
aws,aws_cosmos_reads,false,200,1596484766157,1596484766264,107
aws,aws_cosmos_reads,false,200,1596484766264,1596484766365,101
aws,aws_cosmos_reads,false,200,1596484766365,1596484766472,107
aws,aws_cosmos_reads,false,200,1596484766472,1596484766581,109
aws,aws_cosmos_reads,false,200,1596484766581,1596484766691,110
aws,aws_cosmos_reads,false,200,1596484766692,1596484766815,123
aws,aws_cosmos_reads,false,200,1596484766816,1596484767043,227
aws,aws_cosmos_reads,false,200,1596484767044,1596484767163,119
aws,aws_cosmos_reads,false,200,1596484767163,1596484767270,107
aws,aws_cosmos_reads,false,200,1596484767270,1596484767368,98
aws,aws_cosmos_reads,false,200,1596484767369,1596484767478,109
aws,aws_cosmos_reads,false,200,1596484767478,1596484767586,108
aws,aws_cosmos_reads,false,200,1596484767586,1596484767703,117
aws,aws_cosmos_reads,false,200,1596484767703,1596484767816,113
aws,aws_cosmos_reads,false,200,1596484767816,1596484767930,114
aws,aws_cosmos_reads,false,200,1596484767930,1596484768048,118
aws,aws_cosmos_reads,false,200,1596484768048,1596484768147,99
aws,aws_cosmos_reads,false,200,1596484768148,1596484768266,118
aws,aws_cosmos_reads,false,200,1596484768266,1596484768370,104
aws,aws_cosmos_reads,false,200,1596484768371,1596484768472,101
aws,aws_cosmos_reads,false,200,1596484768472,1596484768593,121
aws,aws_cosmos_reads,false,200,1596484768593,1596484768718,125
aws,aws_cosmos_reads,false,200,1596484768718,1596484768858,140
aws,aws_cosmos_reads,false,200,1596484768859,1596484769096,237
aws,aws_cosmos_reads,false,200,1596484769097,1596484769203,106
aws,aws_cosmos_reads,false,200,1596484769203,1596484769315,112
aws,aws_cosmos_reads,false,200,1596484769315,1596484769423,108
aws,aws_cosmos_reads,false,200,1596484769423,1596484769535,112
aws,aws_cosmos_reads,false,200,1596484769535,1596484769651,116
aws,aws_cosmos_reads,false,200,1596484769651,1596484769755,104
aws,aws_cosmos_reads,false,200,1596484769755,1596484769858,103
aws,aws_cosmos_reads,false,200,1596484769858,1596484770014,156
aws,aws_cosmos_reads,false,200,1596484770014,1596484770174,160
aws,aws_cosmos_reads,false,200,1596484770175,1596484770290,115
aws,aws_cosmos_reads,false,200,1596484770290,1596484770392,102
aws,aws_cosmos_reads,false,200,1596484770392,1596484770495,103
aws,aws_cosmos_reads,false,200,1596484770495,1596484770609,114
aws,aws_cosmos_reads,false,200,1596484770609,1596484770718,109
aws,aws_cosmos_reads,false,200,1596484770719,1596484770991,272
aws,aws_cosmos_reads,false,200,1596484770991,1596484771119,128
aws,aws_cosmos_reads,false,200,1596484771119,1596484771220,101
aws,aws_cosmos_reads,false,200,1596484771220,1596484771332,112
aws,aws_cosmos_reads,false,200,1596484771332,1596484771437,105
aws,aws_cosmos_reads,false,200,1596484771438,1596484771550,112
aws,aws_cosmos_reads,false,200,1596484771550,1596484771660,110
aws,aws_cosmos_reads,false,200,1596484771661,1596484771782,121
aws,aws_cosmos_reads,false,200,1596484771782,1596484771888,106
aws,aws_cosmos_reads,false,200,1596484771888,1596484772015,127
aws,aws_cosmos_reads,false,200,1596484772015,1596484772128,113
aws,aws_cosmos_reads,false,200,1596484772128,1596484772255,127
aws,aws_cosmos_reads,false,200,1596484772255,1596484772360,105
aws,aws_cosmos_reads,false,200,1596484772360,1596484772465,105
aws,aws_cosmos_reads,false,200,1596484772465,1596484772567,102
aws,aws_cosmos_reads,false,200,1596484772568,1596484772686,118
aws,aws_cosmos_reads,false,200,1596484772686,1596484772893,207
aws,aws_cosmos_reads,false,200,1596484772896,1596484773005,109
aws,aws_cosmos_reads,false,200,1596484773005,1596484773120,115
aws,aws_cosmos_reads,false,200,1596484773120,1596484773222,102
aws,aws_cosmos_reads,false,200,1596484773222,1596484773337,115
aws,aws_cosmos_reads,false,200,1596484773337,1596484773460,123
aws,aws_cosmos_reads,false,200,1596484773460,1596484773575,115
aws,aws_cosmos_reads,false,200,1596484773576,1596484773696,120
aws,aws_cosmos_reads,false,200,1596484773697,1596484773835,138
aws,aws_cosmos_reads,false,200,1596484773836,1596484773950,114
aws,aws_cosmos_reads,false,200,1596484773950,1596484774050,100
aws,aws_cosmos_reads,false,200,1596484774051,1596484774165,114
aws,aws_cosmos_reads,false,200,1596484774165,1596484774263,98
aws,aws_cosmos_reads,false,200,1596484774263,1596484774371,108
aws,aws_cosmos_reads,false,200,1596484774371,1596484774459,88
aws,aws_cosmos_reads,false,200,1596484774459,1596484774562,103
aws,aws_cosmos_reads,false,200,1596484774562,1596484774688,126
aws,aws_cosmos_reads,false,200,1596484774688,1596484774878,190
aws,aws_cosmos_reads,false,200,1596484774878,1596484774972,94
aws,aws_cosmos_reads,false,200,1596484774972,1596484775224,252
aws,aws_cosmos_reads,false,200,1596484775225,1596484775499,274
aws,aws_cosmos_reads,false,200,1596484775499,1596484775757,258
aws,aws_cosmos_reads,false,200,1596484775757,1596484775991,234
aws,aws_cosmos_reads,false,200,1596484775991,1596484776348,357
aws,aws_cosmos_reads,false,200,1596484776349,1596484776672,323
aws,aws_cosmos_reads,false,200,1596484776672,1596484776810,138
aws,aws_cosmos_reads,false,200,1596484776810,1596484777124,314
aws,aws_cosmos_reads,false,200,1596484777124,1596484777452,328
aws,aws_cosmos_reads,false,200,1596484777453,1596484777809,356
aws,aws_cosmos_reads,false,200,1596484777809,1596484778168,359
aws,aws_cosmos_reads,false,200,1596484778169,1596484778491,322
aws,aws_cosmos_reads,false,200,1596484778491,1596484778690,199
aws,aws_cosmos_reads,false,200,1596484778690,1596484778801,111
aws,aws_cosmos_reads,false,200,1596484778801,1596484778912,111
aws,aws_cosmos_reads,false,200,1596484778912,1596484779053,141
aws,aws_cosmos_reads,false,200,1596484779053,1596484779154,101
aws,aws_cosmos_reads,false,200,1596484779154,1596484779271,117
aws,aws_cosmos_reads,false,200,1596484779271,1596484779394,123
aws,aws_cosmos_reads,false,200,1596484779395,1596484779514,119
aws,aws_cosmos_reads,false,200,1596484779514,1596484779754,240
aws,aws_cosmos_reads,false,200,1596484779754,1596484779858,104
aws,aws_cosmos_reads,false,200,1596484779858,1596484779972,114
aws,aws_cosmos_reads,false,200,1596484779973,1596484780075,102
aws,aws_cosmos_reads,false,200,1596484780076,1596484780182,106
aws,aws_cosmos_reads,false,200,1596484780183,1596484780291,108
aws,aws_cosmos_reads,false,200,1596484780291,1596484780404,113
aws,aws_cosmos_reads,false,200,1596484780404,1596484780529,125
aws,aws_cosmos_reads,false,200,1596484780529,1596484780649,120
aws,aws_cosmos_reads,false,200,1596484780649,1596484780790,141
aws,aws_cosmos_reads,false,200,1596484780791,1596484780905,114
aws,aws_cosmos_reads,false,200,1596484780906,1596484781010,104
aws,aws_cosmos_reads,false,200,1596484781010,1596484781132,122
aws,aws_cosmos_reads,false,200,1596484781132,1596484781238,106
aws,aws_cosmos_reads,false,200,1596484781238,1596484781343,105
aws,aws_cosmos_reads,false,200,1596484781344,1596484781461,117
aws,aws_cosmos_reads,false,200,1596484781461,1596484781587,126
aws,aws_cosmos_reads,false,200,1596484781587,1596484781754,167
aws,aws_cosmos_reads,false,200,1596484781754,1596484781866,112
aws,aws_cosmos_reads,false,200,1596484781866,1596484781977,111
aws,aws_cosmos_reads,false,200,1596484781977,1596484782083,106
aws,aws_cosmos_reads,false,200,1596484782084,1596484782200,116
aws,aws_cosmos_reads,false,200,1596484782200,1596484782293,93
aws,aws_cosmos_reads,false,200,1596484782294,1596484782413,119
aws,aws_cosmos_reads,false,200,1596484782413,1596484782508,95
aws,aws_cosmos_reads,false,200,1596484782509,1596484782606,97
aws,aws_cosmos_reads,false,200,1596484782606,1596484782706,100
aws,aws_cosmos_reads,false,200,1596484782707,1596484782816,109
aws,aws_cosmos_reads,false,200,1596484782816,1596484782918,102
aws,aws_cosmos_reads,false,200,1596484782918,1596484783040,122
aws,aws_cosmos_reads,false,200,1596484783041,1596484783157,116
aws,aws_cosmos_reads,false,200,1596484783157,1596484783249,92
aws,aws_cosmos_reads,false,200,1596484783249,1596484783367,118
aws,aws_cosmos_reads,false,200,1596484783367,1596484783534,167
aws,aws_cosmos_reads,false,200,1596484783534,1596484783641,107
aws,aws_cosmos_reads,false,200,1596484783641,1596484783759,118
aws,aws_cosmos_reads,false,200,1596484783759,1596484783878,119
aws,aws_cosmos_reads,false,200,1596484783878,1596484784005,127
aws,aws_cosmos_reads,false,200,1596484784005,1596484784117,112
aws,aws_cosmos_reads,false,200,1596484784118,1596484784210,92
aws,aws_cosmos_reads,false,200,1596484784210,1596484784309,99
aws,aws_cosmos_reads,false,200,1596484784309,1596484784417,108
aws,aws_cosmos_reads,false,200,1596484784417,1596484784504,87
aws,aws_cosmos_reads,false,200,1596484784504,1596484784605,101
aws,aws_cosmos_reads,false,200,1596484784605,1596484784700,95
aws,aws_cosmos_reads,false,200,1596484784700,1596484784810,110
aws,aws_cosmos_reads,false,200,1596484784810,1596484784918,108
aws,aws_cosmos_reads,false,200,1596484784919,1596484785024,105
aws,aws_cosmos_reads,false,200,1596484785024,1596484785141,117
aws,aws_cosmos_reads,false,200,1596484785141,1596484785276,135
aws,aws_cosmos_reads,false,200,1596484785277,1596484785374,97
aws,aws_cosmos_reads,false,200,1596484785375,1596484785536,161
aws,aws_cosmos_reads,false,200,1596484785536,1596484785656,120
aws,aws_cosmos_reads,false,200,1596484785656,1596484785766,110
aws,aws_cosmos_reads,false,200,1596484785767,1596484785880,113
aws,aws_cosmos_reads,false,200,1596484785881,1596484785985,104
aws,aws_cosmos_reads,false,200,1596484785986,1596484786092,106
aws,aws_cosmos_reads,false,200,1596484786093,1596484786235,142
aws,aws_cosmos_reads,false,200,1596484786236,1596484786358,122
aws,aws_cosmos_reads,false,200,1596484786359,1596484786463,104
aws,aws_cosmos_reads,false,200,1596484786463,1596484786604,141
aws,aws_cosmos_reads,false,200,1596484786604,1596484786773,169
aws,aws_cosmos_reads,false,200,1596484786773,1596484786881,108
aws,aws_cosmos_reads,false,200,1596484786881,1596484786982,101
aws,aws_cosmos_reads,false,200,1596484786983,1596484787088,105
aws,aws_cosmos_reads,false,200,1596484787088,1596484787196,108
aws,aws_cosmos_reads,false,200,1596484787196,1596484787279,83
aws,aws_cosmos_reads,false,200,1596484787280,1596484787383,103
aws,aws_cosmos_reads,false,200,1596484787383,1596484787476,93
aws,aws_cosmos_reads,false,200,1596484787476,1596484787602,126
aws,aws_cosmos_reads,false,200,1596484787602,1596484787688,86
aws,aws_cosmos_reads,false,200,1596484787688,1596484787821,133
aws,aws_cosmos_reads,false,200,1596484787821,1596484787916,95
aws,aws_cosmos_reads,false,200,1596484787917,1596484788021,104
aws,aws_cosmos_reads,false,200,1596484788021,1596484788148,127
aws,aws_cosmos_reads,false,200,1596484788148,1596484788245,97
aws,aws_cosmos_reads,false,200,1596484788245,1596484788337,92
aws,aws_cosmos_reads,false,200,1596484788338,1596484788439,101
aws,aws_cosmos_reads,false,200,1596484788439,1596484788529,90
aws,aws_cosmos_reads,false,200,1596484788529,1596484788652,123
aws,aws_cosmos_reads,false,200,1596484788652,1596484788799,147
aws,aws_cosmos_reads,false,200,1596484788799,1596484788902,103
aws,aws_cosmos_reads,false,200,1596484788902,1596484789081,179
aws,aws_cosmos_reads,false,200,1596484789081,1596484789206,125
aws,aws_cosmos_reads,false,200,1596484789206,1596484789457,251
aws,aws_cosmos_reads,false,200,1596484789457,1596484789582,125
aws,aws_cosmos_reads,false,200,1596484789582,1596484789691,109
aws,aws_cosmos_reads,false,200,1596484789692,1596484789788,96
aws,aws_cosmos_reads,false,200,1596484789788,1596484789891,103
aws,aws_cosmos_reads,false,200,1596484789891,1596484789996,105
aws,aws_cosmos_reads,false,200,1596484789997,1596484790111,114
aws,aws_cosmos_reads,false,200,1596484790112,1596484790223,111
aws,aws_cosmos_reads,false,200,1596484790223,1596484790322,99
aws,aws_cosmos_reads,false,200,1596484790322,1596484790426,104
aws,aws_cosmos_reads,false,200,1596484790427,1596484790617,190
aws,aws_cosmos_reads,false,200,1596484790617,1596484790730,113
aws,aws_cosmos_reads,false,200,1596484790730,1596484790830,100
aws,aws_cosmos_reads,false,200,1596484790830,1596484790932,102
aws,aws_cosmos_reads,false,200,1596484790932,1596484791073,141
aws,aws_cosmos_reads,false,200,1596484791085,1596484791205,120
aws,aws_cosmos_reads,false,200,1596484791206,1596484791441,235
aws,aws_cosmos_reads,false,200,1596484791441,1596484791562,121
aws,aws_cosmos_reads,false,200,1596484791563,1596484791666,103
aws,aws_cosmos_reads,false,200,1596484791666,1596484791777,111
aws,aws_cosmos_reads,false,200,1596484791777,1596484791882,105
aws,aws_cosmos_reads,false,200,1596484791882,1596484792018,136
aws,aws_cosmos_reads,false,200,1596484792018,1596484792162,144
aws,aws_cosmos_reads,false,200,1596484792162,1596484792258,96
aws,aws_cosmos_reads,false,200,1596484792259,1596484792355,96
aws,aws_cosmos_reads,false,200,1596484792355,1596484792458,103
aws,aws_cosmos_reads,false,200,1596484792458,1596484792576,118
aws,aws_cosmos_reads,false,200,1596484792576,1596484792773,197
aws,aws_cosmos_reads,false,200,1596484792774,1596484792888,114
aws,aws_cosmos_reads,false,200,1596484792888,1596484792990,102
aws,aws_cosmos_reads,false,200,1596484792990,1596484793108,118
aws,aws_cosmos_reads,false,200,1596484793108,1596484793251,143
aws,aws_cosmos_reads,false,200,1596484793251,1596484793437,186
aws,aws_cosmos_reads,false,200,1596484793437,1596484793567,130
aws,aws_cosmos_reads,false,200,1596484793567,1596484793684,117
aws,aws_cosmos_reads,false,200,1596484793684,1596484793800,116
aws,aws_cosmos_reads,false,200,1596484793800,1596484793910,110
aws,aws_cosmos_reads,false,200,1596484793910,1596484794016,106
aws,aws_cosmos_reads,false,200,1596484794016,1596484794136,120
aws,aws_cosmos_reads,false,200,1596484794136,1596484794280,144
aws,aws_cosmos_reads,false,200,1596484794280,1596484794383,103
aws,aws_cosmos_reads,false,200,1596484794383,1596484794507,124
aws,aws_cosmos_reads,false,200,1596484794507,1596484794606,99
aws,aws_cosmos_reads,false,200,1596484794606,1596484794715,109
aws,aws_cosmos_reads,false,200,1596484794715,1596484794825,110
aws,aws_cosmos_reads,false,200,1596484794825,1596484794926,101
aws,aws_cosmos_reads,false,200,1596484794927,1596484795028,101
aws,aws_cosmos_reads,false,200,1596484795028,1596484795166,138
aws,aws_cosmos_reads,false,200,1596484795166,1596484795351,185
aws,aws_cosmos_reads,false,200,1596484795351,1596484795512,161
aws,aws_cosmos_reads,false,200,1596484795512,1596484795619,107
aws,aws_cosmos_reads,false,200,1596484795619,1596484795727,108
aws,aws_cosmos_reads,false,200,1596484795728,1596484795835,107
aws,aws_cosmos_reads,false,200,1596484795836,1596484795941,105
aws,aws_cosmos_reads,false,200,1596484795941,1596484796066,125
aws,aws_cosmos_reads,false,200,1596484796066,1596484796180,114
aws,aws_cosmos_reads,false,200,1596484796181,1596484796284,103
aws,aws_cosmos_reads,false,200,1596484796284,1596484796396,112
aws,aws_cosmos_reads,false,200,1596484796397,1596484796513,116
aws,aws_cosmos_reads,false,200,1596484796513,1596484796624,111
aws,aws_cosmos_reads,false,200,1596484796624,1596484796731,107
aws,aws_cosmos_reads,false,200,1596484796740,1596484796859,119
aws,aws_cosmos_reads,false,200,1596484796859,1596484796963,104
aws,aws_cosmos_reads,false,200,1596484796964,1596484797085,121
aws,aws_cosmos_reads,false,200,1596484797085,1596484797282,197
aws,aws_cosmos_reads,false,200,1596484797283,1596484797393,110
aws,aws_cosmos_reads,false,200,1596484797393,1596484797519,126
aws,aws_cosmos_reads,false,200,1596484797519,1596484797623,104
aws,aws_cosmos_reads,false,200,1596484797623,1596484797722,99
aws,aws_cosmos_reads,false,200,1596484797722,1596484797827,105
aws,aws_cosmos_reads,false,200,1596484797828,1596484797940,112
aws,aws_cosmos_reads,false,200,1596484797940,1596484798056,116
aws,aws_cosmos_reads,false,200,1596484798056,1596484798164,108
aws,aws_cosmos_reads,false,200,1596484798164,1596484798279,115
aws,aws_cosmos_reads,false,200,1596484798279,1596484798397,118
aws,aws_cosmos_reads,false,200,1596484798398,1596484798492,94
aws,aws_cosmos_reads,false,200,1596484798492,1596484798627,135
aws,aws_cosmos_reads,false,200,1596484798628,1596484798736,108
aws,aws_cosmos_reads,false,200,1596484798737,1596484798834,97
aws,aws_cosmos_reads,false,200,1596484798834,1596484798944,110
aws,aws_cosmos_reads,false,200,1596484798944,1596484799057,113
aws,aws_cosmos_reads,false,200,1596484799057,1596484799316,259
aws,aws_cosmos_reads,false,200,1596484799316,1596484799430,114
aws,aws_cosmos_reads,false,200,1596484799431,1596484799555,124
aws,aws_cosmos_reads,false,200,1596484799555,1596484799673,118
aws,aws_cosmos_reads,false,200,1596484799673,1596484799798,125
aws,aws_cosmos_reads,false,200,1596484799798,1596484799893,95
aws,aws_cosmos_reads,false,200,1596484799894,1596484800003,109
aws,aws_cosmos_reads,false,200,1596484800004,1596484800092,88
aws,aws_cosmos_reads,false,200,1596484800092,1596484800206,114
aws,aws_cosmos_reads,false,200,1596484800206,1596484800313,107
aws,aws_cosmos_reads,false,200,1596484800313,1596484800418,105
aws,aws_cosmos_reads,false,200,1596484800418,1596484800533,115
aws,aws_cosmos_reads,false,200,1596484800534,1596484800629,95
aws,aws_cosmos_reads,false,200,1596484800629,1596484800737,108
aws,aws_cosmos_reads,false,200,1596484800738,1596484800849,111
aws,aws_cosmos_reads,false,200,1596484800849,1596484800954,105
aws,aws_cosmos_reads,false,200,1596484800954,1596484801094,140
aws,aws_cosmos_reads,false,200,1596484801094,1596484801274,180
aws,aws_cosmos_reads,false,200,1596484801274,1596484801378,104
aws,aws_cosmos_reads,false,200,1596484801378,1596484801502,124
aws,aws_cosmos_reads,false,200,1596484801502,1596484801618,116
aws,aws_cosmos_reads,false,200,1596484801619,1596484801722,103
aws,aws_cosmos_reads,false,200,1596484801722,1596484801826,104
aws,aws_cosmos_reads,false,200,1596484801826,1596484801951,125
aws,aws_cosmos_reads,false,200,1596484801952,1596484802112,160
aws,aws_cosmos_reads,false,200,1596484802112,1596484803141,1029
aws,aws_cosmos_reads,false,200,1596484803144,1596484803245,101
aws,aws_cosmos_reads,false,200,1596484803245,1596484803346,101
aws,aws_cosmos_reads,false,200,1596484803346,1596484803451,105
aws,aws_cosmos_reads,false,200,1596484803452,1596484803561,109
aws,aws_cosmos_reads,false,200,1596484803562,1596484803659,97
aws,aws_cosmos_reads,false,200,1596484803659,1596484803754,95
aws,aws_cosmos_reads,false,200,1596484803754,1596484803861,107
aws,aws_cosmos_reads,false,200,1596484803862,1596484803977,115
aws,aws_cosmos_reads,false,200,1596484803978,1596484804078,100
aws,aws_cosmos_reads,false,200,1596484804078,1596484804177,99
aws,aws_cosmos_reads,false,200,1596484804177,1596484804310,133
aws,aws_cosmos_reads,false,200,1596484804310,1596484804424,114
aws,aws_cosmos_reads,false,200,1596484804425,1596484806140,1715
aws,aws_cosmos_reads,false,200,1596484806140,1596484806250,110
aws,aws_cosmos_reads,false,200,1596484806251,1596484806356,105
aws,aws_cosmos_reads,false,200,1596484806357,1596484806481,124
aws,aws_cosmos_reads,false,200,1596484806481,1596484806586,105
aws,aws_cosmos_reads,false,200,1596484806586,1596484806707,121
aws,aws_cosmos_reads,false,200,1596484806707,1596484806812,105
aws,aws_cosmos_reads,false,200,1596484806812,1596484806900,88
aws,aws_cosmos_reads,false,200,1596484806901,1596484807000,99
aws,aws_cosmos_reads,false,200,1596484807001,1596484807206,205
aws,aws_cosmos_reads,false,200,1596484807206,1596484807305,99
aws,aws_cosmos_reads,false,200,1596484807305,1596484807400,95
aws,aws_cosmos_reads,false,200,1596484807400,1596484807512,112
aws,aws_cosmos_reads,false,200,1596484807513,1596484807613,100
aws,aws_cosmos_reads,false,200,1596484807614,1596484807735,121
aws,aws_cosmos_reads,false,200,1596484807736,1596484807832,96
aws,aws_cosmos_reads,false,200,1596484807832,1596484807936,104
aws,aws_cosmos_reads,false,200,1596484807936,1596484808046,110
aws,aws_cosmos_reads,false,200,1596484808046,1596484808165,119
aws,aws_cosmos_reads,false,200,1596484808165,1596484808276,111
aws,aws_cosmos_reads,false,200,1596484808276,1596484808366,90
aws,aws_cosmos_reads,false,200,1596484808366,1596484808479,113
aws,aws_cosmos_reads,false,200,1596484808480,1596484808580,100
aws,aws_cosmos_reads,false,200,1596484808580,1596484808683,103
aws,aws_cosmos_reads,false,200,1596484808684,1596484808787,103
aws,aws_cosmos_reads,false,200,1596484808787,1596484808890,103
aws,aws_cosmos_reads,false,200,1596484808890,1596484809034,144
aws,aws_cosmos_reads,false,200,1596484809035,1596484809143,108
aws,aws_cosmos_reads,false,200,1596484809143,1596484809248,105
aws,aws_cosmos_reads,false,200,1596484809249,1596484809351,102
aws,aws_cosmos_reads,false,200,1596484809351,1596484809453,102
aws,aws_cosmos_reads,false,200,1596484809453,1596484809555,102
aws,aws_cosmos_reads,false,200,1596484809555,1596484809674,119
aws,aws_cosmos_reads,false,200,1596484809675,1596484809772,97
aws,aws_cosmos_reads,false,200,1596484809773,1596484809876,103
aws,aws_cosmos_reads,false,200,1596484809876,1596484809986,110
aws,aws_cosmos_reads,false,200,1596484809986,1596484810088,102
aws,aws_cosmos_reads,false,200,1596484810089,1596484810190,101
aws,aws_cosmos_reads,false,200,1596484810190,1596484810296,106
aws,aws_cosmos_reads,false,200,1596484810297,1596484810391,94
aws,aws_cosmos_reads,false,200,1596484810391,1596484810513,122
aws,aws_cosmos_reads,false,200,1596484810513,1596484810619,106
aws,aws_cosmos_reads,false,200,1596484810619,1596484810729,110
aws,aws_cosmos_reads,false,200,1596484810729,1596484810941,212
aws,aws_cosmos_reads,false,200,1596484810942,1596484811059,117
aws,aws_cosmos_reads,false,200,1596484811060,1596484811167,107
aws,aws_cosmos_reads,false,200,1596484811167,1596484811272,105
aws,aws_cosmos_reads,false,200,1596484811273,1596484811389,116
aws,aws_cosmos_reads,false,200,1596484811389,1596484811492,103
aws,aws_cosmos_reads,false,200,1596484811492,1596484811593,101
aws,aws_cosmos_reads,false,200,1596484811593,1596484811699,106
aws,aws_cosmos_reads,false,200,1596484811700,1596484811834,134
aws,aws_cosmos_reads,false,200,1596484811835,1596484811927,92
aws,aws_cosmos_reads,false,200,1596484811927,1596484812053,126
aws,aws_cosmos_reads,false,200,1596484812053,1596484812181,128
aws,aws_cosmos_reads,false,200,1596484812181,1596484812309,128
aws,aws_cosmos_reads,false,200,1596484812309,1596484812423,114
aws,aws_cosmos_reads,false,200,1596484812424,1596484812532,108
aws,aws_cosmos_reads,false,200,1596484812532,1596484812713,181
aws,aws_cosmos_reads,false,200,1596484812713,1596484812878,165
aws,aws_cosmos_reads,false,200,1596484812878,1596484812981,103
aws,aws_cosmos_reads,false,200,1596484812982,1596484813076,94
aws,aws_cosmos_reads,false,200,1596484813076,1596484813174,98
aws,aws_cosmos_reads,false,200,1596484813175,1596484813274,99
aws,aws_cosmos_reads,false,200,1596484813274,1596484813375,101
aws,aws_cosmos_reads,false,200,1596484813375,1596484813487,112
aws,aws_cosmos_reads,false,200,1596484813488,1596484813600,112
aws,aws_cosmos_reads,false,200,1596484813600,1596484813703,103
aws,aws_cosmos_reads,false,200,1596484813703,1596484813808,105
aws,aws_cosmos_reads,false,200,1596484813808,1596484813906,98
aws,aws_cosmos_reads,false,200,1596484813907,1596484814003,96
aws,aws_cosmos_reads,false,200,1596484814004,1596484814109,105
aws,aws_cosmos_reads,false,200,1596484814110,1596484814218,108
aws,aws_cosmos_reads,false,200,1596484814218,1596484814328,110
aws,aws_cosmos_reads,false,200,1596484814329,1596484814434,105
aws,aws_cosmos_reads,false,200,1596484814434,1596484814536,102
aws,aws_cosmos_reads,false,200,1596484814537,1596484814636,99
aws,aws_cosmos_reads,false,200,1596484814636,1596484814736,100
aws,aws_cosmos_reads,false,200,1596484814736,1596484814853,117
aws,aws_cosmos_reads,false,200,1596484814854,1596484814945,91
aws,aws_cosmos_reads,false,200,1596484814945,1596484815033,88
aws,aws_cosmos_reads,false,200,1596484815034,1596484815146,112
aws,aws_cosmos_reads,false,200,1596484815146,1596484815234,88
aws,aws_cosmos_reads,false,200,1596484815235,1596484815345,110
aws,aws_cosmos_reads,false,200,1596484815345,1596484815461,116
aws,aws_cosmos_reads,false,200,1596484815461,1596484815562,101
aws,aws_cosmos_reads,false,200,1596484815563,1596484815763,200
aws,aws_cosmos_reads,false,200,1596484815763,1596484815880,117
aws,aws_cosmos_reads,false,200,1596484815880,1596484815993,113
aws,aws_cosmos_reads,false,200,1596484815993,1596484816098,105
aws,aws_cosmos_reads,false,200,1596484816098,1596484816198,100
aws,aws_cosmos_reads,false,200,1596484816198,1596484816313,115
aws,aws_cosmos_reads,false,200,1596484816314,1596484816424,110
aws,aws_cosmos_reads,false,200,1596484816424,1596484816521,97
aws,aws_cosmos_reads,false,200,1596484816521,1596484816657,136
aws,aws_cosmos_reads,false,200,1596484816657,1596484816770,113
aws,aws_cosmos_reads,false,200,1596484816770,1596484816869,99
aws,aws_cosmos_reads,false,200,1596484816869,1596484816965,96
aws,aws_cosmos_reads,false,200,1596484816965,1596484817108,143
aws,aws_cosmos_reads,false,200,1596484817109,1596484817222,113
aws,aws_cosmos_reads,false,200,1596484817223,1596484817349,126
aws,aws_cosmos_reads,false,200,1596484817349,1596484817470,121
aws,aws_cosmos_reads,false,200,1596484817471,1596484817606,135
aws,aws_cosmos_reads,false,200,1596484817606,1596484817799,193
aws,aws_cosmos_reads,false,200,1596484817799,1596484817934,135
aws,aws_cosmos_reads,false,200,1596484817935,1596484818035,100
aws,aws_cosmos_reads,false,200,1596484818035,1596484818140,105
aws,aws_cosmos_reads,false,200,1596484818140,1596484818239,99
aws,aws_cosmos_reads,false,200,1596484818239,1596484818352,113
aws,aws_cosmos_reads,false,200,1596484818353,1596484818456,103
aws,aws_cosmos_reads,false,200,1596484818456,1596484818563,107
aws,aws_cosmos_reads,false,200,1596484818564,1596484818682,118
aws,aws_cosmos_reads,false,200,1596484818682,1596484818800,118
aws,aws_cosmos_reads,false,200,1596484818800,1596484818979,179
aws,aws_cosmos_reads,false,200,1596484818980,1596484819097,117
aws,aws_cosmos_reads,false,200,1596484899750,1596484899977,227
aws,aws_cosmos_reads,false,200,1596484899978,1596484900083,105
aws,aws_cosmos_reads,false,200,1596484959611,1596484959793,182
aws,aws_cosmos_reads,false,200,1596484959794,1596484960017,223
aws,aws_cosmos_reads,false,200,1596484960017,1596484960157,140
aws,aws_cosmos_reads,false,200,1596484960158,1596484960337,179
aws,aws_cosmos_reads,false,200,1596484960337,1596484960464,127
aws,aws_cosmos_reads,false,200,1596484960464,1596484960566,101
aws,aws_cosmos_reads,false,200,1596484960566,1596484960689,122
aws,aws_cosmos_reads,false,200,1596484960689,1596484960806,116
aws,aws_cosmos_reads,false,200,1596484960806,1596484960962,155
aws,aws_cosmos_reads,false,200,1596484960962,1596484961061,98
aws,aws_cosmos_reads,false,200,1596484961061,1596484961171,109
aws,aws_cosmos_reads,false,200,1596484961171,1596484961369,197
aws,aws_cosmos_reads,false,200,1596484961369,1596484961477,107
aws,aws_cosmos_reads,false,200,1596484961477,1596484961798,320
aws,aws_cosmos_reads,false,200,1596484961798,1596484961964,165
aws,aws_cosmos_reads,false,200,1596484961964,1596484962068,104
aws,aws_cosmos_reads,false,200,1596484962068,1596484962575,506
aws,aws_cosmos_reads,false,200,1596484962575,1596484962674,99
aws,aws_cosmos_reads,false,200,1596484962674,1596484962844,169
aws,aws_cosmos_reads,false,200,1596484962844,1596484962989,144
aws,aws_cosmos_reads,false,200,1596484962989,1596484963174,184
aws,aws_cosmos_reads,false,200,1596484963174,1596484963278,103
aws,aws_cosmos_reads,false,200,1596484963278,1596484963395,116
aws,aws_cosmos_reads,false,200,1596484963395,1596484963564,168
aws,aws_cosmos_reads,false,200,1596484963564,1596484963679,114
aws,aws_cosmos_reads,false,200,1596484963679,1596484963793,113
aws,aws_cosmos_reads,false,200,1596484963793,1596484963964,170
aws,aws_cosmos_reads,false,200,1596484963964,1596484964139,174
aws,aws_cosmos_reads,false,200,1596484964139,1596484964291,151