aws,aws_s3_writes_no_dr,false,200,1596280579262,1596280580922,1660
aws,aws_s3_writes_no_dr,false,200,1596280580923,1596280581156,233
aws,aws_s3_writes_no_dr,false,200,1596280581156,1596280581323,167
aws,aws_s3_writes_no_dr,false,200,1596280581323,1596280581493,170
aws,aws_s3_writes_no_dr,false,200,1596280581493,1596280581706,213
aws,aws_s3_writes_no_dr,false,200,1596280581706,1596280581895,189
aws,aws_s3_writes_no_dr,false,200,1596280581895,1596280582060,165
aws,aws_s3_writes_no_dr,false,200,1596280582061,1596280582224,163
aws,aws_s3_writes_no_dr,false,200,1596280582224,1596280582381,157
aws,aws_s3_writes_no_dr,false,200,1596280582382,1596280582569,187
aws,aws_s3_writes_no_dr,false,200,1596280582569,1596280582750,181
aws,aws_s3_writes_no_dr,false,200,1596280582751,1596280582958,207
aws,aws_s3_writes_no_dr,false,200,1596280582958,1596280583123,165
aws,aws_s3_writes_no_dr,false,200,1596280583123,1596280583323,200
aws,aws_s3_writes_no_dr,false,200,1596280583324,1596280583506,182
aws,aws_s3_writes_no_dr,false,200,1596280583506,1596280583656,150
aws,aws_s3_writes_no_dr,false,200,1596280583656,1596280583833,177
aws,aws_s3_writes_no_dr,false,200,1596280583834,1596280583999,165
aws,aws_s3_writes_no_dr,false,200,1596280583999,1596280584211,212
aws,aws_s3_writes_no_dr,false,200,1596280584211,1596280584507,296
aws,aws_s3_writes_no_dr,false,200,1596280584507,1596280584673,166
aws,aws_s3_writes_no_dr,false,200,1596280584673,1596280584870,197
aws,aws_s3_writes_no_dr,false,200,1596280584871,1596280585076,205
aws,aws_s3_writes_no_dr,false,200,1596280585076,1596280585277,201
aws,aws_s3_writes_no_dr,false,200,1596280585277,1596280585466,189
aws,aws_s3_writes_no_dr,false,200,1596280585466,1596280585638,172
aws,aws_s3_writes_no_dr,false,200,1596280585639,1596280585803,164
aws,aws_s3_writes_no_dr,false,200,1596280585803,1596280585993,190
aws,aws_s3_writes_no_dr,false,200,1596280585993,1596280586166,173
aws,aws_s3_writes_no_dr,false,200,1596280586167,1596280586364,197
aws,aws_s3_writes_no_dr,false,200,1596280586365,1596280586563,198
aws,aws_s3_writes_no_dr,false,200,1596280586563,1596280586745,182
aws,aws_s3_writes_no_dr,false,200,1596280586745,1596280586957,212
aws,aws_s3_writes_no_dr,false,200,1596280586958,1596280587133,175
aws,aws_s3_writes_no_dr,false,200,1596280587133,1596280587312,179
aws,aws_s3_writes_no_dr,false,200,1596280587312,1596280587497,185
aws,aws_s3_writes_no_dr,false,200,1596280587498,1596280587661,163
aws,aws_s3_writes_no_dr,false,200,1596280587662,1596280587844,182
aws,aws_s3_writes_no_dr,false,200,1596280587844,1596280588015,171
aws,aws_s3_writes_no_dr,false,200,1596280588015,1596280588194,179
aws,aws_s3_writes_no_dr,false,200,1596280588194,1596280588356,162
aws,aws_s3_writes_no_dr,false,200,1596280588356,1596280588580,224
aws,aws_s3_writes_no_dr,false,200,1596280588580,1596280588751,171
aws,aws_s3_writes_no_dr,false,200,1596280588751,1596280588949,198
aws,aws_s3_writes_no_dr,false,200,1596280588949,1596280589160,211
aws,aws_s3_writes_no_dr,false,200,1596280589160,1596280589414,254
aws,aws_s3_writes_no_dr,false,200,1596280589414,1596280589603,189
aws,aws_s3_writes_no_dr,false,200,1596280589604,1596280589813,209
aws,aws_s3_writes_no_dr,false,200,1596280589814,1596280590004,190
aws,aws_s3_writes_no_dr,false,200,1596280590004,1596280590173,169
aws,aws_s3_writes_no_dr,false,200,1596280590175,1596280590360,185
aws,aws_s3_writes_no_dr,false,200,1596280590360,1596280590533,173
aws,aws_s3_writes_no_dr,false,200,1596280590533,1596280590731,198
aws,aws_s3_writes_no_dr,false,200,1596280590732,1596280590941,209
aws,aws_s3_writes_no_dr,false,200,1596280590941,1596280591137,196
aws,aws_s3_writes_no_dr,false,200,1596280591137,1596280591327,190
aws,aws_s3_writes_no_dr,false,200,1596280591328,1596280591514,186
aws,aws_s3_writes_no_dr,false,200,1596280591515,1596280591755,240
aws,aws_s3_writes_no_dr,false,200,1596280591755,1596280591971,216
aws,aws_s3_writes_no_dr,false,200,1596280591971,1596280592145,174
aws,aws_s3_writes_no_dr,false,200,1596280592146,1596280592355,209
aws,aws_s3_writes_no_dr,false,200,1596280592356,1596280592544,188
aws,aws_s3_writes_no_dr,false,200,1596280592544,1596280592723,179
aws,aws_s3_writes_no_dr,false,200,1596280592724,1596280592985,261
aws,aws_s3_writes_no_dr,false,200,1596280592985,1596280593148,163
aws,aws_s3_writes_no_dr,false,200,1596280593149,1596280593339,190
aws,aws_s3_writes_no_dr,false,200,1596280593340,1596280593510,170
aws,aws_s3_writes_no_dr,false,200,1596280593510,1596280593668,158
aws,aws_s3_writes_no_dr,false,200,1596280593668,1596280593886,218
aws,aws_s3_writes_no_dr,false,200,1596280593886,1596280594085,199
aws,aws_s3_writes_no_dr,false,200,1596280594085,1596280594309,224
aws,aws_s3_writes_no_dr,false,200,1596280594310,1596280594497,187
aws,aws_s3_writes_no_dr,false,200,1596280594497,1596280594719,222
aws,aws_s3_writes_no_dr,false,200,1596280594719,1596280594920,201
aws,aws_s3_writes_no_dr,false,200,1596280594920,1596280595121,201
aws,aws_s3_writes_no_dr,false,200,1596280595121,1596280595326,205
aws,aws_s3_writes_no_dr,false,200,1596280595327,1596280595487,160
aws,aws_s3_writes_no_dr,false,200,1596280595487,1596280595725,238
aws,aws_s3_writes_no_dr,false,200,1596280595725,1596280595921,196
aws,aws_s3_writes_no_dr,false,200,1596280595922,1596280596103,181
aws,aws_s3_writes_no_dr,false,200,1596280596104,1596280596282,178
aws,aws_s3_writes_no_dr,false,200,1596280596282,1596280596497,215
aws,aws_s3_writes_no_dr,false,200,1596280596497,1596280596665,168
aws,aws_s3_writes_no_dr,false,200,1596280596666,1596280596888,222
aws,aws_s3_writes_no_dr,false,200,1596280596889,1596280597060,171
aws,aws_s3_writes_no_dr,false,200,1596280597060,1596280597256,196
aws,aws_s3_writes_no_dr,false,200,1596280597256,1596280597418,162
aws,aws_s3_writes_no_dr,false,200,1596280597418,1596280597610,192
aws,aws_s3_writes_no_dr,false,200,1596280597610,1596280597777,167
aws,aws_s3_writes_no_dr,false,200,1596280597777,1596280597986,209
aws,aws_s3_writes_no_dr,false,200,1596280597986,1596280598153,167
aws,aws_s3_writes_no_dr,false,200,1596280598153,1596280598365,212
aws,aws_s3_writes_no_dr,false,200,1596280598366,1596280598549,183
aws,aws_s3_writes_no_dr,false,200,1596280598549,1596280598749,200
aws,aws_s3_writes_no_dr,false,200,1596280598750,1596280598955,205
aws,aws_s3_writes_no_dr,false,200,1596280598955,1596280599137,182
aws,aws_s3_writes_no_dr,false,200,1596280599137,1596280599304,167
aws,aws_s3_writes_no_dr,false,200,1596280599304,1596280599512,208
aws,aws_s3_writes_no_dr,false,200,1596280599513,1596280599688,175
aws,aws_s3_writes_no_dr,false,200,1596280599688,1596280599917,229
aws,aws_s3_writes_no_dr,false,200,1596280599917,1596280600113,196
aws,aws_s3_writes_no_dr,false,200,1596280600113,1596280600294,181
aws,aws_s3_writes_no_dr,false,200,1596280600295,1596280600577,282
aws,aws_s3_writes_no_dr,false,200,1596280600577,1596280600778,201
aws,aws_s3_writes_no_dr,false,200,1596280600778,1596280600959,181
aws,aws_s3_writes_no_dr,false,200,1596280600959,1596280601144,185
aws,aws_s3_writes_no_dr,false,200,1596280601144,1596280601339,195
aws,aws_s3_writes_no_dr,false,200,1596280601339,1596280601511,172
aws,aws_s3_writes_no_dr,false,200,1596280601512,1596280601684,172
aws,aws_s3_writes_no_dr,false,200,1596280601684,1596280601864,180
aws,aws_s3_writes_no_dr,false,200,1596280601865,1596280602048,183
aws,aws_s3_writes_no_dr,false,200,1596280602049,1596280602253,204
aws,aws_s3_writes_no_dr,false,200,1596280602253,1596280602440,187
aws,aws_s3_writes_no_dr,false,200,1596280602441,1596280602642,201
aws,aws_s3_writes_no_dr,false,200,1596280602643,1596280602819,176
aws,aws_s3_writes_no_dr,false,200,1596280602819,1596280602994,175
aws,aws_s3_writes_no_dr,false,200,1596280602994,1596280603220,226
aws,aws_s3_writes_no_dr,false,200,1596280603221,1596280603440,219
aws,aws_s3_writes_no_dr,false,200,1596280603440,1596280603635,195
aws,aws_s3_writes_no_dr,false,200,1596280603636,1596280603855,219
aws,aws_s3_writes_no_dr,false,200,1596280603856,1596280604046,190
aws,aws_s3_writes_no_dr,false,200,1596280604046,1596280604220,174
aws,aws_s3_writes_no_dr,false,200,1596280604220,1596280604417,197
aws,aws_s3_writes_no_dr,false,200,1596280604418,1596280604640,222
aws,aws_s3_writes_no_dr,false,200,1596280604641,1596280604810,169
aws,aws_s3_writes_no_dr,false,200,1596280604810,1596280604989,179
aws,aws_s3_writes_no_dr,false,200,1596280604989,1596280605167,178
aws,aws_s3_writes_no_dr,false,200,1596280605168,1596280605360,192
aws,aws_s3_writes_no_dr,false,200,1596280605360,1596280605543,183
aws,aws_s3_writes_no_dr,false,200,1596280605543,1596280605743,200
aws,aws_s3_writes_no_dr,false,200,1596280605744,1596280606155,411
aws,aws_s3_writes_no_dr,false,200,1596280606155,1596280606436,281
aws,aws_s3_writes_no_dr,false,200,1596280606437,1596280606642,205
aws,aws_s3_writes_no_dr,false,200,1596280606642,1596280606842,200
aws,aws_s3_writes_no_dr,false,200,1596280606843,1596280607039,196
aws,aws_s3_writes_no_dr,false,200,1596280607039,1596280607220,181
aws,aws_s3_writes_no_dr,false,200,1596280607221,1596280607404,183
aws,aws_s3_writes_no_dr,false,200,1596280607404,1596280607593,189
aws,aws_s3_writes_no_dr,false,200,1596280607594,1596280607771,177
aws,aws_s3_writes_no_dr,false,200,1596280607771,1596280607962,191
aws,aws_s3_writes_no_dr,false,200,1596280607962,1596280608135,173
aws,aws_s3_writes_no_dr,false,200,1596280608136,1596280608375,239
aws,aws_s3_writes_no_dr,false,200,1596280608375,1596280608577,202
aws,aws_s3_writes_no_dr,false,200,1596280608578,1596280608761,183
aws,aws_s3_writes_no_dr,false,200,1596280608761,1596280608973,212
aws,aws_s3_writes_no_dr,false,200,1596280608973,1596280609158,185
aws,aws_s3_writes_no_dr,false,200,1596280609159,1596280609331,172
aws,aws_s3_writes_no_dr,false,200,1596280609332,1596280609520,188
aws,aws_s3_writes_no_dr,false,200,1596280609521,1596280609706,185
aws,aws_s3_writes_no_dr,false,200,1596280609706,1596280609904,198
aws,aws_s3_writes_no_dr,false,200,1596280609905,1596280610114,209
aws,aws_s3_writes_no_dr,false,200,1596280610114,1596280610310,196
aws,aws_s3_writes_no_dr,false,200,1596280610311,1596280610537,226
aws,aws_s3_writes_no_dr,false,200,1596280610538,1596280610836,298
aws,aws_s3_writes_no_dr,false,200,1596280610836,1596280611018,182
aws,aws_s3_writes_no_dr,false,200,1596280611018,1596280611538,520
aws,aws_s3_writes_no_dr,false,200,1596280611538,1596280611705,167
aws,aws_s3_writes_no_dr,false,200,1596280611705,1596280611890,185
aws,aws_s3_writes_no_dr,false,200,1596280611891,1596280612081,190
aws,aws_s3_writes_no_dr,false,200,1596280612082,1596280612377,295
aws,aws_s3_writes_no_dr,false,200,1596280612377,1596280612572,195
aws,aws_s3_writes_no_dr,false,200,1596280612572,1596280612850,278
aws,aws_s3_writes_no_dr,false,200,1596280612851,1596280613037,186
aws,aws_s3_writes_no_dr,false,200,1596280613038,1596280613221,183
aws,aws_s3_writes_no_dr,false,200,1596280613222,1596280613410,188
aws,aws_s3_writes_no_dr,false,200,1596280613410,1596280613607,197
aws,aws_s3_writes_no_dr,false,200,1596280613607,1596280613809,202
aws,aws_s3_writes_no_dr,false,200,1596280613809,1596280613994,185
aws,aws_s3_writes_no_dr,false,200,1596280613995,1596280614220,225
aws,aws_s3_writes_no_dr,false,200,1596280614220,1596280614410,190
aws,aws_s3_writes_no_dr,false,200,1596280614410,1596280614577,167
aws,aws_s3_writes_no_dr,false,200,1596280614577,1596280615047,470
aws,aws_s3_writes_no_dr,false,200,1596280615048,1596280615224,176
aws,aws_s3_writes_no_dr,false,200,1596280615225,1596280615401,176
aws,aws_s3_writes_no_dr,false,200,1596280615402,1596280615587,185
aws,aws_s3_writes_no_dr,false,200,1596280615587,1596280615822,235
aws,aws_s3_writes_no_dr,false,200,1596280615822,1596280616016,194
aws,aws_s3_writes_no_dr,false,200,1596280616017,1596280616218,201
aws,aws_s3_writes_no_dr,false,200,1596280616219,1596280616456,237
aws,aws_s3_writes_no_dr,false,200,1596280616456,1596280616701,245
aws,aws_s3_writes_no_dr,false,200,1596280616701,1596280616880,179
aws,aws_s3_writes_no_dr,false,200,1596280616880,1596280617051,171
aws,aws_s3_writes_no_dr,false,200,1596280617052,1596280617268,216
aws,aws_s3_writes_no_dr,false,200,1596280617268,1596280617452,184
aws,aws_s3_writes_no_dr,false,200,1596280617453,1596280617639,186
aws,aws_s3_writes_no_dr,false,200,1596280617639,1596280617818,179
aws,aws_s3_writes_no_dr,false,200,1596280617818,1596280618022,204
aws,aws_s3_writes_no_dr,false,200,1596280618023,1596280618196,173
aws,aws_s3_writes_no_dr,false,200,1596280618196,1596280618369,173
aws,aws_s3_writes_no_dr,false,200,1596280618370,1596280618631,261
aws,aws_s3_writes_no_dr,false,200,1596280618632,1596280621945,3313
aws,aws_s3_writes_no_dr,false,200,1596280621946,1596280622311,365
aws,aws_s3_writes_no_dr,false,200,1596280622311,1596280622493,182
aws,aws_s3_writes_no_dr,false,200,1596280622493,1596280622767,274
aws,aws_s3_writes_no_dr,false,200,1596280622768,1596280622968,200
aws,aws_s3_writes_no_dr,false,200,1596280622968,1596280623145,177
aws,aws_s3_writes_no_dr,false,200,1596280623145,1596280623357,212
aws,aws_s3_writes_no_dr,false,200,1596280623357,1596280623569,212
aws,aws_s3_writes_no_dr,false,200,1596280623569,1596280623759,190
aws,aws_s3_writes_no_dr,false,200,1596280623759,1596280623953,194
aws,aws_s3_writes_no_dr,false,200,1596280623954,1596280624149,195
aws,aws_s3_writes_no_dr,false,200,1596280624149,1596280624368,219
aws,aws_s3_writes_no_dr,false,200,1596280624368,1596280624553,185
aws,aws_s3_writes_no_dr,false,200,1596280624553,1596280624728,175
aws,aws_s3_writes_no_dr,false,200,1596280624729,1596280624926,197
aws,aws_s3_writes_no_dr,false,200,1596280624926,1596280625091,165
aws,aws_s3_writes_no_dr,false,200,1596280625091,1596280625264,173
aws,aws_s3_writes_no_dr,false,200,1596280625265,1596280625499,234
aws,aws_s3_writes_no_dr,false,200,1596280625501,1596280625687,186
aws,aws_s3_writes_no_dr,false,200,1596280625687,1596280625876,189
aws,aws_s3_writes_no_dr,false,200,1596280625876,1596280626036,160
aws,aws_s3_writes_no_dr,false,200,1596280626036,1596280626222,186
aws,aws_s3_writes_no_dr,false,200,1596280626222,1596280626387,165
aws,aws_s3_writes_no_dr,false,200,1596280626388,1596280626604,216
aws,aws_s3_writes_no_dr,false,200,1596280626605,1596280626861,256
aws,aws_s3_writes_no_dr,false,200,1596280626862,1596280627053,191
aws,aws_s3_writes_no_dr,false,200,1596280627054,1596280627243,189
aws,aws_s3_writes_no_dr,false,200,1596280627244,1596280627399,155
aws,aws_s3_writes_no_dr,false,200,1596280627400,1596280627600,200
aws,aws_s3_writes_no_dr,false,200,1596280627600,1596280627811,211
aws,aws_s3_writes_no_dr,false,200,1596280627812,1596280628006,194
aws,aws_s3_writes_no_dr,false,200,1596280628006,1596280628200,194
aws,aws_s3_writes_no_dr,false,200,1596280628200,1596280628413,213
aws,aws_s3_writes_no_dr,false,200,1596280628413,1596280628633,220
aws,aws_s3_writes_no_dr,false,200,1596280628633,1596280628825,192
aws,aws_s3_writes_no_dr,false,200,1596280628825,1596280629052,227
aws,aws_s3_writes_no_dr,false,200,1596280629052,1596280629230,178
aws,aws_s3_writes_no_dr,false,200,1596280629230,1596280629423,193
aws,aws_s3_writes_no_dr,false,200,1596280629424,1596280629589,165
aws,aws_s3_writes_no_dr,false,200,1596280629589,1596280629767,178
aws,aws_s3_writes_no_dr,false,200,1596280629768,1596280629974,206
aws,aws_s3_writes_no_dr,false,200,1596280629974,1596280630152,178
aws,aws_s3_writes_no_dr,false,200,1596280630152,1596280630322,170
aws,aws_s3_writes_no_dr,false,200,1596280630323,1596280630498,175
aws,aws_s3_writes_no_dr,false,200,1596280630499,1596280630670,171
aws,aws_s3_writes_no_dr,false,200,1596280630670,1596280630863,193
aws,aws_s3_writes_no_dr,false,200,1596280630863,1596280631045,182
aws,aws_s3_writes_no_dr,false,200,1596280631046,1596280631220,174
aws,aws_s3_writes_no_dr,false,200,1596280631220,1596280631409,189
aws,aws_s3_writes_no_dr,false,200,1596280631409,1596280631594,185
aws,aws_s3_writes_no_dr,false,200,1596280631594,1596280631802,208
aws,aws_s3_writes_no_dr,false,200,1596280631802,1596280632009,207
aws,aws_s3_writes_no_dr,false,200,1596280632009,1596280632185,176
aws,aws_s3_writes_no_dr,false,200,1596280632185,1596280632341,156
aws,aws_s3_writes_no_dr,false,200,1596280632341,1596280632520,179
aws,aws_s3_writes_no_dr,false,200,1596280632521,1596280632745,224
aws,aws_s3_writes_no_dr,false,200,1596280632746,1596280632957,211
aws,aws_s3_writes_no_dr,false,200,1596280632957,1596280633123,166
aws,aws_s3_writes_no_dr,false,200,1596280633124,1596280633344,220
aws,aws_s3_writes_no_dr,false,200,1596280633345,1596280633530,185
aws,aws_s3_writes_no_dr,false,200,1596280633530,1596280633726,196
aws,aws_s3_writes_no_dr,false,200,1596280633727,1596280633903,176
aws,aws_s3_writes_no_dr,false,200,1596280633904,1596280634127,223
aws,aws_s3_writes_no_dr,false,200,1596280634128,1596280634316,188
aws,aws_s3_writes_no_dr,false,200,1596280634317,1596280634508,191
aws,aws_s3_writes_no_dr,false,200,1596280634509,1596280634697,188
aws,aws_s3_writes_no_dr,false,200,1596280634697,1596280634878,181
aws,aws_s3_writes_no_dr,false,200,1596280634879,1596280635049,170
aws,aws_s3_writes_no_dr,false,200,1596280635049,1596280635219,170
aws,aws_s3_writes_no_dr,false,200,1596280635220,1596280635433,213
aws,aws_s3_writes_no_dr,false,200,1596280635434,1596280635603,169
aws,aws_s3_writes_no_dr,false,200,1596280635604,1596280635825,221
aws,aws_s3_writes_no_dr,false,200,1596280635826,1596280636011,185
aws,aws_s3_writes_no_dr,false,200,1596280636011,1596280636180,169
aws,aws_s3_writes_no_dr,false,200,1596280636181,1596280636370,189
aws,aws_s3_writes_no_dr,false,200,1596280636370,1596280636559,189
aws,aws_s3_writes_no_dr,false,200,1596280636559,1596280636728,169
aws,aws_s3_writes_no_dr,false,200,1596280636728,1596280636932,204
aws,aws_s3_writes_no_dr,false,200,1596280636932,1596280637127,195
aws,aws_s3_writes_no_dr,false,200,1596280637127,1596280637288,161
aws,aws_s3_writes_no_dr,false,200,1596280637289,1596280637462,173
aws,aws_s3_writes_no_dr,false,200,1596280637462,1596280637688,226
aws,aws_s3_writes_no_dr,false,200,1596280637689,1596280637905,216
aws,aws_s3_writes_no_dr,false,200,1596280637905,1596280638077,172
aws,aws_s3_writes_no_dr,false,200,1596280638077,1596280638260,183
aws,aws_s3_writes_no_dr,false,200,1596280638260,1596280638432,172
aws,aws_s3_writes_no_dr,false,200,1596280638432,1596280638619,187
aws,aws_s3_writes_no_dr,false,200,1596280638620,1596280638827,207
aws,aws_s3_writes_no_dr,false,200,1596280638827,1596280639007,180
aws,aws_s3_writes_no_dr,false,200,1596280639007,1596280639206,199
aws,aws_s3_writes_no_dr,false,200,1596280639206,1596280639427,221
aws,aws_s3_writes_no_dr,false,200,1596280639427,1596280639606,179
aws,aws_s3_writes_no_dr,false,200,1596280639606,1596280639840,234
aws,aws_s3_writes_no_dr,false,200,1596280639841,1596280640126,285
aws,aws_s3_writes_no_dr,false,200,1596280640127,1596280640330,203
aws,aws_s3_writes_no_dr,false,200,1596280640330,1596280640628,298
aws,aws_s3_writes_no_dr,false,200,1596280640629,1596280640793,164
aws,aws_s3_writes_no_dr,false,200,1596280640794,1596280640965,171
aws,aws_s3_writes_no_dr,false,200,1596280640965,1596280641227,262
aws,aws_s3_writes_no_dr,false,200,1596280641227,1596280641418,191
aws,aws_s3_writes_no_dr,false,200,1596280641418,1596280641618,200
aws,aws_s3_writes_no_dr,false,200,1596280641618,1596280641801,183
aws,aws_s3_writes_no_dr,false,200,1596280641801,1596280641987,186
aws,aws_s3_writes_no_dr,false,200,1596280641987,1596280642175,188
aws,aws_s3_writes_no_dr,false,200,1596280642175,1596280642361,186
aws,aws_s3_writes_no_dr,false,200,1596280642361,1596280642536,175
aws,aws_s3_writes_no_dr,false,200,1596280642536,1596280642727,191
aws,aws_s3_writes_no_dr,false,200,1596280642728,1596280642930,202
aws,aws_s3_writes_no_dr,false,200,1596280642930,1596280643124,194
aws,aws_s3_writes_no_dr,false,200,1596280643124,1596280643318,194
aws,aws_s3_writes_no_dr,false,200,1596280643319,1596280643516,197
aws,aws_s3_writes_no_dr,false,200,1596280643517,1596280643686,169
aws,aws_s3_writes_no_dr,false,200,1596280643686,1596280643877,191
aws,aws_s3_writes_no_dr,false,200,1596280643877,1596280644072,195
aws,aws_s3_writes_no_dr,false,200,1596280644073,1596280644267,194
aws,aws_s3_writes_no_dr,false,200,1596280644267,1596280644550,283
aws,aws_s3_writes_no_dr,false,200,1596280644551,1596280644721,170
aws,aws_s3_writes_no_dr,false,200,1596280644721,1596280644898,177
aws,aws_s3_writes_no_dr,false,200,1596280644899,1596280645090,191
aws,aws_s3_writes_no_dr,false,200,1596280645090,1596280645282,192
aws,aws_s3_writes_no_dr,false,200,1596280645282,1596280645468,186
aws,aws_s3_writes_no_dr,false,200,1596280645468,1596280645672,204
aws,aws_s3_writes_no_dr,false,200,1596280645672,1596280645844,172
aws,aws_s3_writes_no_dr,false,200,1596280645844,1596280646032,188
aws,aws_s3_writes_no_dr,false,200,1596280646032,1596280646209,177
aws,aws_s3_writes_no_dr,false,200,1596280646209,1596280646418,209
aws,aws_s3_writes_no_dr,false,200,1596280646419,1596280646602,183
aws,aws_s3_writes_no_dr,false,200,1596280646602,1596280646790,188
aws,aws_s3_writes_no_dr,false,200,1596280646790,1596280646983,193
aws,aws_s3_writes_no_dr,false,200,1596280646983,1596280647161,178
aws,aws_s3_writes_no_dr,false,200,1596280647161,1596280647370,209
aws,aws_s3_writes_no_dr,false,200,1596280647370,1596280647785,415
aws,aws_s3_writes_no_dr,false,200,1596280647785,1596280647981,196
aws,aws_s3_writes_no_dr,false,200,1596280647982,1596280648153,171
aws,aws_s3_writes_no_dr,false,200,1596280648153,1596280648323,170
aws,aws_s3_writes_no_dr,false,200,1596280648324,1596280648508,184
aws,aws_s3_writes_no_dr,false,200,1596280648508,1596280648684,176
aws,aws_s3_writes_no_dr,false,200,1596280648685,1596280648887,202
aws,aws_s3_writes_no_dr,false,200,1596280648887,1596280649060,173
aws,aws_s3_writes_no_dr,false,200,1596280649060,1596280649232,172
aws,aws_s3_writes_no_dr,false,200,1596280649232,1596280649480,248
aws,aws_s3_writes_no_dr,false,200,1596280649480,1596280649678,198
aws,aws_s3_writes_no_dr,false,200,1596280649679,1596280649842,163
aws,aws_s3_writes_no_dr,false,200,1596280649843,1596280650011,168
aws,aws_s3_writes_no_dr,false,200,1596280650012,1596280650177,165
aws,aws_s3_writes_no_dr,false,200,1596280650178,1596280650392,214
aws,aws_s3_writes_no_dr,false,200,1596280650392,1596280650646,254
aws,aws_s3_writes_no_dr,false,200,1596280650648,1596280650820,172
aws,aws_s3_writes_no_dr,false,200,1596280650821,1596280650982,161
aws,aws_s3_writes_no_dr,false,200,1596280650982,1596280651220,238
aws,aws_s3_writes_no_dr,false,200,1596280651221,1596280651403,182
aws,aws_s3_writes_no_dr,false,200,1596280651404,1596280651612,208
aws,aws_s3_writes_no_dr,false,200,1596280651612,1596280651821,209
aws,aws_s3_writes_no_dr,false,200,1596280651822,1596280652027,205
aws,aws_s3_writes_no_dr,false,200,1596280652027,1596280652209,182
aws,aws_s3_writes_no_dr,false,200,1596280652210,1596280652379,169
aws,aws_s3_writes_no_dr,false,200,1596280652379,1596280652549,170
aws,aws_s3_writes_no_dr,false,200,1596280652549,1596280652746,197
aws,aws_s3_writes_no_dr,false,200,1596280652746,1596280652932,186
aws,aws_s3_writes_no_dr,false,200,1596280652932,1596280653157,225
aws,aws_s3_writes_no_dr,false,200,1596280653157,1596280653365,208
aws,aws_s3_writes_no_dr,false,200,1596280653365,1596280653561,196
aws,aws_s3_writes_no_dr,false,200,1596280653561,1596280653730,169
aws,aws_s3_writes_no_dr,false,200,1596280653730,1596280653904,174
aws,aws_s3_writes_no_dr,false,200,1596280653905,1596280654119,214
aws,aws_s3_writes_no_dr,false,200,1596280654120,1596280654309,189
aws,aws_s3_writes_no_dr,false,200,1596280654310,1596280654498,188
aws,aws_s3_writes_no_dr,false,200,1596280654498,1596280654686,188
aws,aws_s3_writes_no_dr,false,200,1596280654686,1596280654880,194
aws,aws_s3_writes_no_dr,false,200,1596280654881,1596280655046,165
aws,aws_s3_writes_no_dr,false,200,1596280655046,1596280655244,198
aws,aws_s3_writes_no_dr,false,200,1596280655245,1596280655408,163
aws,aws_s3_writes_no_dr,false,200,1596280655409,1596280655590,181
aws,aws_s3_writes_no_dr,false,200,1596280655591,1596280655755,164
aws,aws_s3_writes_no_dr,false,200,1596280655755,1596280655930,175
aws,aws_s3_writes_no_dr,false,200,1596280655930,1596280656120,190
aws,aws_s3_writes_no_dr,false,200,1596280656121,1596280656297,176
aws,aws_s3_writes_no_dr,false,200,1596280656298,1596280656488,190
aws,aws_s3_writes_no_dr,false,200,1596280656488,1596280656651,163
aws,aws_s3_writes_no_dr,false,200,1596280656652,1596280656832,180
aws,aws_s3_writes_no_dr,false,200,1596280656833,1596280657227,394
aws,aws_s3_writes_no_dr,false,200,1596280657227,1596280657483,256
aws,aws_s3_writes_no_dr,false,200,1596280657483,1596280657650,167
aws,aws_s3_writes_no_dr,false,200,1596280657650,1596280657814,164
aws,aws_s3_writes_no_dr,false,200,1596280657814,1596280657990,176
aws,aws_s3_writes_no_dr,false,200,1596280657991,1596280658180,189
aws,aws_s3_writes_no_dr,false,200,1596280658181,1596280658354,173
aws,aws_s3_writes_no_dr,false,200,1596280658354,1596280658536,182
aws,aws_s3_writes_no_dr,false,200,1596280658536,1596280658748,212
aws,aws_s3_writes_no_dr,false,200,1596280658748,1596280658929,181
aws,aws_s3_writes_no_dr,false,200,1596280658930,1596280659095,165
aws,aws_s3_writes_no_dr,false,200,1596280659096,1596280659280,184
aws,aws_s3_writes_no_dr,false,200,1596280659280,1596280659467,187
aws,aws_s3_writes_no_dr,false,200,1596280659467,1596280659635,168
aws,aws_s3_writes_no_dr,false,200,1596280659635,1596280659804,169
aws,aws_s3_writes_no_dr,false,200,1596280659804,1596280660002,198
aws,aws_s3_writes_no_dr,false,200,1596280660002,1596280660269,267
aws,aws_s3_writes_no_dr,false,200,1596280660269,1596280660478,209
aws,aws_s3_writes_no_dr,false,200,1596280660478,1596280660690,212
aws,aws_s3_writes_no_dr,false,200,1596280660691,1596280660878,187
aws,aws_s3_writes_no_dr,false,200,1596280660878,1596280661107,229
aws,aws_s3_writes_no_dr,false,200,1596280661108,1596280661276,168
aws,aws_s3_writes_no_dr,false,200,1596280661276,1596280661448,172
aws,aws_s3_writes_no_dr,false,200,1596280661448,1596280661622,174
aws,aws_s3_writes_no_dr,false,200,1596280661623,1596280661804,181
aws,aws_s3_writes_no_dr,false,200,1596280661804,1596280662068,264
aws,aws_s3_writes_no_dr,false,200,1596280662069,1596280662263,194
aws,aws_s3_writes_no_dr,false,200,1596280662263,1596280662452,189
aws,aws_s3_writes_no_dr,false,200,1596280662452,1596280662630,178
aws,aws_s3_writes_no_dr,false,200,1596280662631,1596280662819,188
aws,aws_s3_writes_no_dr,false,200,1596280662819,1596280663046,227
aws,aws_s3_writes_no_dr,false,200,1596280663046,1596280663225,179
aws,aws_s3_writes_no_dr,false,200,1596280663225,1596280663410,185
aws,aws_s3_writes_no_dr,false,200,1596280663410,1596280663577,167
aws,aws_s3_writes_no_dr,false,200,1596280663578,1596280663780,202
aws,aws_s3_writes_no_dr,false,200,1596280663780,1596280663982,202
aws,aws_s3_writes_no_dr,false,200,1596280663982,1596280664164,182
aws,aws_s3_writes_no_dr,false,200,1596280664164,1596280664355,191
aws,aws_s3_writes_no_dr,false,200,1596280664356,1596280664541,185
aws,aws_s3_writes_no_dr,false,200,1596280664542,1596280664718,176
aws,aws_s3_writes_no_dr,false,200,1596280664718,1596280664998,280
aws,aws_s3_writes_no_dr,false,200,1596280664999,1596280665195,196
aws,aws_s3_writes_no_dr,false,200,1596280665195,1596280665374,179
aws,aws_s3_writes_no_dr,false,200,1596280665374,1596280665554,180
aws,aws_s3_writes_no_dr,false,200,1596280665555,1596280665720,165
aws,aws_s3_writes_no_dr,false,200,1596280665720,1596280665904,184
aws,aws_s3_writes_no_dr,false,200,1596280665905,1596280666077,172
aws,aws_s3_writes_no_dr,false,200,1596280666077,1596280666254,177
aws,aws_s3_writes_no_dr,false,200,1596280666254,1596280666416,162
aws,aws_s3_writes_no_dr,false,200,1596280666416,1596280666571,155
aws,aws_s3_writes_no_dr,false,200,1596280666571,1596280666854,283
aws,aws_s3_writes_no_dr,false,200,1596280666855,1596280667034,179
aws,aws_s3_writes_no_dr,false,200,1596280667034,1596280667231,197
aws,aws_s3_writes_no_dr,false,200,1596280667231,1596280667411,180
aws,aws_s3_writes_no_dr,false,200,1596280667411,1596280667589,178
aws,aws_s3_writes_no_dr,false,200,1596280667590,1596280667764,174
aws,aws_s3_writes_no_dr,false,200,1596280667764,1596280667945,181
aws,aws_s3_writes_no_dr,false,200,1596280667945,1596280668102,157
aws,aws_s3_writes_no_dr,false,200,1596280668103,1596280668279,176
aws,aws_s3_writes_no_dr,false,200,1596280668279,1596280668449,170
aws,aws_s3_writes_no_dr,false,200,1596280668449,1596280668626,177
aws,aws_s3_writes_no_dr,false,200,1596280668627,1596280668872,245
aws,aws_s3_writes_no_dr,false,200,1596280668873,1596280669074,201
aws,aws_s3_writes_no_dr,false,200,1596280669074,1596280669274,200
aws,aws_s3_writes_no_dr,false,200,1596280669275,1596280669467,192
aws,aws_s3_writes_no_dr,false,200,1596280669467,1596280669630,163
aws,aws_s3_writes_no_dr,false,200,1596280669631,1596280669841,210
aws,aws_s3_writes_no_dr,false,200,1596280669842,1596280670018,176
aws,aws_s3_writes_no_dr,false,200,1596280670018,1596280670225,207
aws,aws_s3_writes_no_dr,false,200,1596280670226,1596280670442,216
aws,aws_s3_writes_no_dr,false,200,1596280670443,1596280670613,170
aws,aws_s3_writes_no_dr,false,200,1596280670613,1596280670834,221
aws,aws_s3_writes_no_dr,false,200,1596280670834,1596280671063,229
aws,aws_s3_writes_no_dr,false,200,1596280671063,1596280671263,200
aws,aws_s3_writes_no_dr,false,200,1596280671263,1596280671463,200
aws,aws_s3_writes_no_dr,false,200,1596280671463,1596280671634,171
aws,aws_s3_writes_no_dr,false,200,1596280671634,1596280671830,196
aws,aws_s3_writes_no_dr,false,200,1596280671831,1596280672024,193
aws,aws_s3_writes_no_dr,false,200,1596280672025,1596280672188,163
aws,aws_s3_writes_no_dr,false,200,1596280672188,1596280672391,203
aws,aws_s3_writes_no_dr,false,200,1596280672393,1596280672561,168
aws,aws_s3_writes_no_dr,false,200,1596280672561,1596280672739,178
aws,aws_s3_writes_no_dr,false,200,1596280672739,1596280672918,179
aws,aws_s3_writes_no_dr,false,200,1596280672918,1596280673096,178
aws,aws_s3_writes_no_dr,false,200,1596280673096,1596280673281,185
aws,aws_s3_writes_no_dr,false,200,1596280673281,1596280673472,191
aws,aws_s3_writes_no_dr,false,200,1596280673473,1596280673661,188
aws,aws_s3_writes_no_dr,false,200,1596280673661,1596280673854,193
aws,aws_s3_writes_no_dr,false,200,1596280673854,1596280674050,196
aws,aws_s3_writes_no_dr,false,200,1596280674050,1596280674234,184
aws,aws_s3_writes_no_dr,false,200,1596280674234,1596280674414,180
aws,aws_s3_writes_no_dr,false,200,1596280674414,1596280674588,174
aws,aws_s3_writes_no_dr,false,200,1596280674588,1596280674764,176
aws,aws_s3_writes_no_dr,false,200,1596280674764,1596280675003,239
aws,aws_s3_writes_no_dr,false,200,1596280675003,1596280675181,178
aws,aws_s3_writes_no_dr,false,200,1596280675181,1596280675347,166
aws,aws_s3_writes_no_dr,false,200,1596280675348,1596280675516,168
aws,aws_s3_writes_no_dr,false,200,1596280675517,1596280675677,160
aws,aws_s3_writes_no_dr,false,200,1596280675677,1596280675863,186
aws,aws_s3_writes_no_dr,false,200,1596280675863,1596280676039,176
aws,aws_s3_writes_no_dr,false,200,1596280676039,1596280676210,171
aws,aws_s3_writes_no_dr,false,200,1596280676210,1596280676362,152
aws,aws_s3_writes_no_dr,false,200,1596280676362,1596280676539,177
aws,aws_s3_writes_no_dr,false,200,1596280676540,1596280676705,165
aws,aws_s3_writes_no_dr,false,200,1596280676705,1596280676879,174
aws,aws_s3_writes_no_dr,false,200,1596280676879,1596280677052,173
aws,aws_s3_writes_no_dr,false,200,1596280677053,1596280677238,185
aws,aws_s3_writes_no_dr,false,200,1596280677239,1596280677434,195
aws,aws_s3_writes_no_dr,false,200,1596280677435,1596280677640,205
aws,aws_s3_writes_no_dr,false,200,1596280677641,1596280677850,209
aws,aws_s3_writes_no_dr,false,200,1596280677850,1596280678022,172
aws,aws_s3_writes_no_dr,false,200,1596280678023,1596280678196,173
aws,aws_s3_writes_no_dr,false,200,1596280678196,1596280678379,183
aws,aws_s3_writes_no_dr,false,200,1596280678380,1596280678682,302
aws,aws_s3_writes_no_dr,false,200,1596280678682,1596280679476,794
aws,aws_s3_writes_no_dr,false,200,1596280679476,1596280679672,196
aws,aws_s3_writes_no_dr,false,200,1596280679672,1596280679867,195
aws,aws_s3_writes_no_dr,false,200,1596280679867,1596280680024,157
aws,aws_s3_writes_no_dr,false,200,1596280680024,1596280680207,183
aws,aws_s3_writes_no_dr,false,200,1596280680207,1596280680395,188
aws,aws_s3_writes_no_dr,false,200,1596280680404,1596280680638,234
aws,aws_s3_writes_no_dr,false,200,1596280680638,1596280680890,252
aws,aws_s3_writes_no_dr,false,200,1596280680890,1596280681064,174
aws,aws_s3_writes_no_dr,false,200,1596280681065,1596280681314,249
aws,aws_s3_writes_no_dr,false,200,1596280681314,1596280681529,215
aws,aws_s3_writes_no_dr,false,200,1596280681529,1596280681742,213
aws,aws_s3_writes_no_dr,false,200,1596280681742,1596280681955,213
aws,aws_s3_writes_no_dr,false,200,1596280681956,1596280682138,182
aws,aws_s3_writes_no_dr,false,200,1596280682138,1596280682383,245
aws,aws_s3_writes_no_dr,false,200,1596280682384,1596280682604,220
aws,aws_s3_writes_no_dr,false,200,1596280682604,1596280682792,188
aws,aws_s3_writes_no_dr,false,200,1596280682793,1596280682976,183
aws,aws_s3_writes_no_dr,false,200,1596280682976,1596280683145,169
aws,aws_s3_writes_no_dr,false,200,1596280683145,1596280683337,192
aws,aws_s3_writes_no_dr,false,200,1596280683337,1596280683521,184
aws,aws_s3_writes_no_dr,false,200,1596280683522,1596280683687,165
aws,aws_s3_writes_no_dr,false,200,1596280683688,1596280683899,211
aws,aws_s3_writes_no_dr,false,200,1596280683899,1596280684078,179
aws,aws_s3_writes_no_dr,false,200,1596280684078,1596280684312,234
aws,aws_s3_writes_no_dr,false,200,1596280684312,1596280684494,182
aws,aws_s3_writes_no_dr,false,200,1596280684495,1596280684680,185
aws,aws_s3_writes_no_dr,false,200,1596280684680,1596280684852,172
aws,aws_s3_writes_no_dr,false,200,1596280684853,1596280685029,176
aws,aws_s3_writes_no_dr,false,200,1596280685029,1596280685211,182
aws,aws_s3_writes_no_dr,false,200,1596280685212,1596280685384,172
aws,aws_s3_writes_no_dr,false,200,1596280685384,1596280685549,165
aws,aws_s3_writes_no_dr,false,200,1596280685549,1596280685751,202
aws,aws_s3_writes_no_dr,false,200,1596280685752,1596280685935,183
aws,aws_s3_writes_no_dr,false,200,1596280685936,1596280686139,203
aws,aws_s3_writes_no_dr,false,200,1596280686139,1596280686314,175
aws,aws_s3_writes_no_dr,false,200,1596280686314,1596280686470,156
aws,aws_s3_writes_no_dr,false,200,1596280686470,1596280686627,157
aws,aws_s3_writes_no_dr,false,200,1596280686627,1596280686793,166
aws,aws_s3_writes_no_dr,false,200,1596280686794,1596280686996,202
aws,aws_s3_writes_no_dr,false,200,1596280686996,1596280687192,196
aws,aws_s3_writes_no_dr,false,200,1596280687192,1596280687392,200
aws,aws_s3_writes_no_dr,false,200,1596280687392,1596280687572,180
aws,aws_s3_writes_no_dr,false,200,1596280687572,1596280687787,215
aws,aws_s3_writes_no_dr,false,200,1596280687787,1596280688024,237
aws,aws_s3_writes_no_dr,false,200,1596280688025,1596280688214,189
aws,aws_s3_writes_no_dr,false,200,1596280688215,1596280688466,251
aws,aws_s3_writes_no_dr,false,200,1596280688466,1596280688645,179
aws,aws_s3_writes_no_dr,false,200,1596280688645,1596280688966,321
aws,aws_s3_writes_no_dr,false,200,1596280688967,1596280689142,175
aws,aws_s3_writes_no_dr,false,200,1596280689142,1596280689315,173
aws,aws_s3_writes_no_dr,false,200,1596280689315,1596280689499,184
aws,aws_s3_writes_no_dr,false,200,1596280689499,1596280689710,211
aws,aws_s3_writes_no_dr,false,200,1596280689710,1596280689900,190
aws,aws_s3_writes_no_dr,false,200,1596280689900,1596280690076,176
aws,aws_s3_writes_no_dr,false,200,1596280690076,1596280690316,240
aws,aws_s3_writes_no_dr,false,200,1596280690316,1596280690479,163
aws,aws_s3_writes_no_dr,false,200,1596280690480,1596280690676,196
aws,aws_s3_writes_no_dr,false,200,1596280690676,1596280690906,230
aws,aws_s3_writes_no_dr,false,200,1596280690907,1596280691074,167
aws,aws_s3_writes_no_dr,false,200,1596280691074,1596280691249,175
aws,aws_s3_writes_no_dr,false,200,1596280691249,1596280691467,218
aws,aws_s3_writes_no_dr,false,200,1596280691468,1596280691643,175
aws,aws_s3_writes_no_dr,false,200,1596280691643,1596280691806,163
aws,aws_s3_writes_no_dr,false,200,1596280691807,1596280692022,215
aws,aws_s3_writes_no_dr,false,200,1596280692022,1596280692232,210
aws,aws_s3_writes_no_dr,false,200,1596280692232,1596280692405,173
aws,aws_s3_writes_no_dr,false,200,1596280692406,1596280692577,171
aws,aws_s3_writes_no_dr,false,200,1596280692578,1596280692787,209
aws,aws_s3_writes_no_dr,false,200,1596280692788,1596280692953,165
aws,aws_s3_writes_no_dr,false,200,1596280692954,1596280693143,189
aws,aws_s3_writes_no_dr,false,200,1596280693143,1596280693342,199
aws,aws_s3_writes_no_dr,false,200,1596280693342,1596280693529,187
aws,aws_s3_writes_no_dr,false,200,1596280693530,1596280693696,166
aws,aws_s3_writes_no_dr,false,200,1596280693696,1596280693903,207
aws,aws_s3_writes_no_dr,false,200,1596280693903,1596280694082,179
aws,aws_s3_writes_no_dr,false,200,1596280694082,1596280694271,189
aws,aws_s3_writes_no_dr,false,200,1596280694271,1596280694439,168
aws,aws_s3_writes_no_dr,false,200,1596280694439,1596280694625,186
aws,aws_s3_writes_no_dr,false,200,1596280694625,1596280694826,201
aws,aws_s3_writes_no_dr,false,200,1596280694826,1596280695047,221
aws,aws_s3_writes_no_dr,false,200,1596280695047,1596280695227,180
aws,aws_s3_writes_no_dr,false,200,1596280695228,1596280695430,202
aws,aws_s3_writes_no_dr,false,200,1596280695430,1596280695626,196
aws,aws_s3_writes_no_dr,false,200,1596280695627,1596280695828,201
aws,aws_s3_writes_no_dr,false,200,1596280695828,1596280696029,201
aws,aws_s3_writes_no_dr,false,200,1596280696030,1596280696326,296
aws,aws_s3_writes_no_dr,false,200,1596280696326,1596280696500,174
aws,aws_s3_writes_no_dr,false,200,1596280696500,1596280696661,161
aws,aws_s3_writes_no_dr,false,200,1596280696661,1596280696870,209
aws,aws_s3_writes_no_dr,false,200,1596280696871,1596280697075,204
aws,aws_s3_writes_no_dr,false,200,1596280697075,1596280697256,181
aws,aws_s3_writes_no_dr,false,200,1596280697256,1596280697423,167
aws,aws_s3_writes_no_dr,false,200,1596280697423,1596280697615,192
aws,aws_s3_writes_no_dr,false,200,1596280697615,1596280697842,227
aws,aws_s3_writes_no_dr,false,200,1596280697842,1596280698023,181
aws,aws_s3_writes_no_dr,false,200,1596280698023,1596280698207,184
aws,aws_s3_writes_no_dr,false,200,1596280698208,1596280698374,166
aws,aws_s3_writes_no_dr,false,200,1596280698374,1596280698533,159
aws,aws_s3_writes_no_dr,false,200,1596280698534,1596280698706,172
aws,aws_s3_writes_no_dr,false,200,1596280698707,1596280698892,185
aws,aws_s3_writes_no_dr,false,200,1596280698892,1596280699072,180
aws,aws_s3_writes_no_dr,false,200,1596280699072,1596280699290,218
aws,aws_s3_writes_no_dr,false,200,1596280699291,1596280699497,206
aws,aws_s3_writes_no_dr,false,200,1596280699497,1596280699691,194
aws,aws_s3_writes_no_dr,false,200,1596280699691,1596280699858,167
aws,aws_s3_writes_no_dr,false,200,1596280699858,1596280700050,192
aws,aws_s3_writes_no_dr,false,200,1596280700050,1596280700207,157
aws,aws_s3_writes_no_dr,false,200,1596280700207,1596280700392,185
aws,aws_s3_writes_no_dr,false,200,1596280700392,1596280700567,175
aws,aws_s3_writes_no_dr,false,200,1596280700567,1596280700759,192
aws,aws_s3_writes_no_dr,false,200,1596280700759,1596280701008,249
aws,aws_s3_writes_no_dr,false,200,1596280701008,1596280701191,183
aws,aws_s3_writes_no_dr,false,200,1596280701191,1596280701356,165
aws,aws_s3_writes_no_dr,false,200,1596280701356,1596280701547,191
aws,aws_s3_writes_no_dr,false,200,1596280701548,1596280701776,228
aws,aws_s3_writes_no_dr,false,200,1596280701777,1596280701948,171
aws,aws_s3_writes_no_dr,false,200,1596280701948,1596280702128,180
aws,aws_s3_writes_no_dr,false,200,1596280702128,1596280702288,160
aws,aws_s3_writes_no_dr,false,200,1596280702288,1596280702445,157
aws,aws_s3_writes_no_dr,false,200,1596280702445,1596280702603,158
aws,aws_s3_writes_no_dr,false,200,1596280702604,1596280702770,166
aws,aws_s3_writes_no_dr,false,200,1596280702771,1596280702969,198
aws,aws_s3_writes_no_dr,false,200,1596280702970,1596280703176,206
aws,aws_s3_writes_no_dr,false,200,1596280703176,1596280703367,191
aws,aws_s3_writes_no_dr,false,200,1596280703368,1596280703525,157
aws,aws_s3_writes_no_dr,false,200,1596280703525,1596280703707,182
aws,aws_s3_writes_no_dr,false,200,1596280703707,1596280703866,159
aws,aws_s3_writes_no_dr,false,200,1596280703866,1596280704032,166
aws,aws_s3_writes_no_dr,false,200,1596280704032,1596280704216,184
aws,aws_s3_writes_no_dr,false,200,1596280704216,1596280704379,163
aws,aws_s3_writes_no_dr,false,200,1596280704380,1596280704567,187
aws,aws_s3_writes_no_dr,false,200,1596280704567,1596280704754,187
aws,aws_s3_writes_no_dr,false,200,1596280704755,1596280704985,230
aws,aws_s3_writes_no_dr,false,200,1596280704986,1596280705198,212
aws,aws_s3_writes_no_dr,false,200,1596280705198,1596280705409,211
aws,aws_s3_writes_no_dr,false,200,1596280705409,1596280705573,164
aws,aws_s3_writes_no_dr,false,200,1596280705574,1596280705764,190
aws,aws_s3_writes_no_dr,false,200,1596280705764,1596280705936,172
aws,aws_s3_writes_no_dr,false,200,1596280705937,1596280706123,186
aws,aws_s3_writes_no_dr,false,200,1596280706123,1596280706332,209
aws,aws_s3_writes_no_dr,false,200,1596280706333,1596280706524,191
aws,aws_s3_writes_no_dr,false,200,1596280706525,1596280706694,169
aws,aws_s3_writes_no_dr,false,200,1596280706695,1596280706872,177
aws,aws_s3_writes_no_dr,false,200,1596280706873,1596280707070,197
aws,aws_s3_writes_no_dr,false,200,1596280707071,1596280707246,175
aws,aws_s3_writes_no_dr,false,200,1596280707246,1596280707423,177
aws,aws_s3_writes_no_dr,false,200,1596280707423,1596280707587,164
aws,aws_s3_writes_no_dr,false,200,1596280707587,1596280707784,197
aws,aws_s3_writes_no_dr,false,200,1596280707784,1596280707963,179
aws,aws_s3_writes_no_dr,false,200,1596280707963,1596280708138,175
aws,aws_s3_writes_no_dr,false,200,1596280708139,1596280708360,221
aws,aws_s3_writes_no_dr,false,200,1596280708360,1596280708579,219
aws,aws_s3_writes_no_dr,false,200,1596280708579,1596280708761,182
aws,aws_s3_writes_no_dr,false,200,1596280708761,1596280708977,216
aws,aws_s3_writes_no_dr,false,200,1596280708977,1596280709176,199
aws,aws_s3_writes_no_dr,false,200,1596280709177,1596280709371,194
aws,aws_s3_writes_no_dr,false,200,1596280709371,1596280709562,191
aws,aws_s3_writes_no_dr,false,200,1596280709583,1596280709768,185
aws,aws_s3_writes_no_dr,false,200,1596280709768,1596280709962,194
aws,aws_s3_writes_no_dr,false,200,1596280709962,1596280710172,210
aws,aws_s3_writes_no_dr,false,200,1596280710172,1596280710353,181
aws,aws_s3_writes_no_dr,false,200,1596280710353,1596280710549,196
aws,aws_s3_writes_no_dr,false,200,1596280710551,1596280710748,197
aws,aws_s3_writes_no_dr,false,200,1596280710749,1596280710980,231
aws,aws_s3_writes_no_dr,false,200,1596280710981,1596280711173,192
aws,aws_s3_writes_no_dr,false,200,1596280711174,1596280711384,210
aws,aws_s3_writes_no_dr,false,200,1596280711384,1596280711559,175
aws,aws_s3_writes_no_dr,false,200,1596280711559,1596280711724,165
aws,aws_s3_writes_no_dr,false,200,1596280711725,1596280711917,192
aws,aws_s3_writes_no_dr,false,200,1596280711917,1596280712097,180
aws,aws_s3_writes_no_dr,false,200,1596280712097,1596280712343,246
aws,aws_s3_writes_no_dr,false,200,1596280712344,1596280712553,209
aws,aws_s3_writes_no_dr,false,200,1596280712553,1596280712763,210
aws,aws_s3_writes_no_dr,false,200,1596280712763,1596280712943,180
aws,aws_s3_writes_no_dr,false,200,1596280712943,1596280713141,198
aws,aws_s3_writes_no_dr,false,200,1596280713141,1596280713330,189
aws,aws_s3_writes_no_dr,false,200,1596280713330,1596280713532,202
aws,aws_s3_writes_no_dr,false,200,1596280713532,1596280713720,188
aws,aws_s3_writes_no_dr,false,200,1596280713720,1596280713892,172
aws,aws_s3_writes_no_dr,false,200,1596280713893,1596280714066,173
aws,aws_s3_writes_no_dr,false,200,1596280714067,1596280714260,193
aws,aws_s3_writes_no_dr,false,200,1596280714261,1596280714445,184
aws,aws_s3_writes_no_dr,false,200,1596280714446,1596280714609,163
aws,aws_s3_writes_no_dr,false,200,1596280714609,1596280714820,211
aws,aws_s3_writes_no_dr,false,200,1596280714820,1596280715065,245
aws,aws_s3_writes_no_dr,false,200,1596280715066,1596280715247,181
aws,aws_s3_writes_no_dr,false,200,1596280715248,1596280715421,173
aws,aws_s3_writes_no_dr,false,200,1596280715421,1596280715601,180
aws,aws_s3_writes_no_dr,false,200,1596280715601,1596280715779,178
aws,aws_s3_writes_no_dr,false,200,1596280715779,1596280715945,166
aws,aws_s3_writes_no_dr,false,200,1596280715945,1596280716118,173
aws,aws_s3_writes_no_dr,false,200,1596280716118,1596280716287,169
aws,aws_s3_writes_no_dr,false,200,1596280716287,1596280716479,192
aws,aws_s3_writes_no_dr,false,200,1596280716479,1596280716665,186
aws,aws_s3_writes_no_dr,false,200,1596280716665,1596280716831,166
aws,aws_s3_writes_no_dr,false,200,1596280716832,1596280716987,155
aws,aws_s3_writes_no_dr,false,200,1596280716987,1596280717184,197
aws,aws_s3_writes_no_dr,false,200,1596280717184,1596280717363,179
aws,aws_s3_writes_no_dr,false,200,1596280717364,1596280717566,202
aws,aws_s3_writes_no_dr,false,200,1596280717566,1596280717787,221
aws,aws_s3_writes_no_dr,false,200,1596280717787,1596280717969,182
aws,aws_s3_writes_no_dr,false,200,1596280717969,1596280718148,179
aws,aws_s3_writes_no_dr,false,200,1596280718148,1596280718330,182
aws,aws_s3_writes_no_dr,false,200,1596280718331,1596280718496,165
aws,aws_s3_writes_no_dr,false,200,1596280718496,1596280718726,230
aws,aws_s3_writes_no_dr,false,200,1596280718726,1596280718895,169
aws,aws_s3_writes_no_dr,false,200,1596280718895,1596280719054,159
aws,aws_s3_writes_no_dr,false,200,1596280719054,1596280719242,188
aws,aws_s3_writes_no_dr,false,200,1596280719266,1596280719448,182
aws,aws_s3_writes_no_dr,false,200,1596280719454,1596280719662,208
aws,aws_s3_writes_no_dr,false,200,1596280719662,1596280719856,194
aws,aws_s3_writes_no_dr,false,200,1596280719856,1596280720018,162
aws,aws_s3_writes_no_dr,false,200,1596280720019,1596280720216,197
aws,aws_s3_writes_no_dr,false,200,1596280720216,1596280720397,181
aws,aws_s3_writes_no_dr,false,200,1596280720398,1596280720652,254
aws,aws_s3_writes_no_dr,false,200,1596280720652,1596280720823,171
aws,aws_s3_writes_no_dr,false,200,1596280720824,1596280721099,275
aws,aws_s3_writes_no_dr,false,200,1596280721099,1596280721265,166
aws,aws_s3_writes_no_dr,false,200,1596280721265,1596280721464,199
aws,aws_s3_writes_no_dr,false,200,1596280721465,1596280721677,212
aws,aws_s3_writes_no_dr,false,200,1596280721678,1596280721959,281
aws,aws_s3_writes_no_dr,false,200,1596280721959,1596280722130,171
aws,aws_s3_writes_no_dr,false,200,1596280722131,1596280722302,171
aws,aws_s3_writes_no_dr,false,200,1596280722302,1596280722516,214
aws,aws_s3_writes_no_dr,false,200,1596280722517,1596280722696,179
aws,aws_s3_writes_no_dr,false,200,1596280722697,1596280722903,206
aws,aws_s3_writes_no_dr,false,200,1596280722903,1596280723101,198
aws,aws_s3_writes_no_dr,false,200,1596280723101,1596280723320,219
aws,aws_s3_writes_no_dr,false,200,1596280723320,1596280723542,222
aws,aws_s3_writes_no_dr,false,200,1596280723542,1596280723703,161
aws,aws_s3_writes_no_dr,false,200,1596280723703,1596280723894,191
aws,aws_s3_writes_no_dr,false,200,1596280723894,1596280724058,164
aws,aws_s3_writes_no_dr,false,200,1596280724058,1596280724238,180
aws,aws_s3_writes_no_dr,false,200,1596280724238,1596280724397,159
aws,aws_s3_writes_no_dr,false,200,1596280724397,1596280724572,175
aws,aws_s3_writes_no_dr,false,200,1596280724572,1596280724750,178
aws,aws_s3_writes_no_dr,false,200,1596280724750,1596280724911,161
aws,aws_s3_writes_no_dr,false,200,1596280724912,1596280725091,179
aws,aws_s3_writes_no_dr,false,200,1596280725092,1596280725285,193
aws,aws_s3_writes_no_dr,false,200,1596280725286,1596280725455,169
aws,aws_s3_writes_no_dr,false,200,1596280725456,1596280725658,202
aws,aws_s3_writes_no_dr,false,200,1596280725658,1596280725843,185
aws,aws_s3_writes_no_dr,false,200,1596280725843,1596280726001,158
aws,aws_s3_writes_no_dr,false,200,1596280726002,1596280726211,209
aws,aws_s3_writes_no_dr,false,200,1596280726211,1596280726397,186
aws,aws_s3_writes_no_dr,false,200,1596280726398,1596280726562,164
aws,aws_s3_writes_no_dr,false,200,1596280726563,1596280726751,188
aws,aws_s3_writes_no_dr,false,200,1596280726752,1596280726921,169
aws,aws_s3_writes_no_dr,false,200,1596280726921,1596280727090,169
aws,aws_s3_writes_no_dr,false,200,1596280727090,1596280727287,197
aws,aws_s3_writes_no_dr,false,200,1596280727288,1596280727454,166
aws,aws_s3_writes_no_dr,false,200,1596280727455,1596280727928,473
aws,aws_s3_writes_no_dr,false,200,1596280727929,1596280728123,194
aws,aws_s3_writes_no_dr,false,200,1596280728123,1596280728295,172
aws,aws_s3_writes_no_dr,false,200,1596280728296,1596280728483,187
aws,aws_s3_writes_no_dr,false,200,1596280728484,1596280728656,172
aws,aws_s3_writes_no_dr,false,200,1596280728656,1596280728817,161
aws,aws_s3_writes_no_dr,false,200,1596280728817,1596280728984,167
aws,aws_s3_writes_no_dr,false,200,1596280728984,1596280729155,171
aws,aws_s3_writes_no_dr,false,200,1596280729155,1596280729333,178
aws,aws_s3_writes_no_dr,false,200,1596280729333,1596280729483,150
aws,aws_s3_writes_no_dr,false,200,1596280729484,1596280729683,199
aws,aws_s3_writes_no_dr,false,200,1596280729684,1596280729839,155
aws,aws_s3_writes_no_dr,false,200,1596280729840,1596280729996,156
aws,aws_s3_writes_no_dr,false,200,1596280729997,1596280730162,165
aws,aws_s3_writes_no_dr,false,200,1596280730163,1596280730316,153
aws,aws_s3_writes_no_dr,false,200,1596280730317,1596280730459,142
aws,aws_s3_writes_no_dr,false,200,1596280730460,1596280730636,176
aws,aws_s3_writes_no_dr,false,200,1596280730637,1596280730825,188
aws,aws_s3_writes_no_dr,false,200,1596280730826,1596280730996,170
aws,aws_s3_writes_no_dr,false,200,1596280730996,1596280731220,224
aws,aws_s3_writes_no_dr,false,200,1596280731221,1596280731404,183
aws,aws_s3_writes_no_dr,false,200,1596280731404,1596280731578,174
aws,aws_s3_writes_no_dr,false,200,1596280731578,1596280731794,216
aws,aws_s3_writes_no_dr,false,200,1596280731795,1596280731954,159
aws,aws_s3_writes_no_dr,false,200,1596280731955,1596280732150,195
aws,aws_s3_writes_no_dr,false,200,1596280732150,1596280732346,196
aws,aws_s3_writes_no_dr,false,200,1596280732347,1596280732518,171
aws,aws_s3_writes_no_dr,false,200,1596280732518,1596280732686,168
aws,aws_s3_writes_no_dr,false,200,1596280732686,1596280732864,178
aws,aws_s3_writes_no_dr,false,200,1596280732864,1596280733038,174
aws,aws_s3_writes_no_dr,false,200,1596280733039,1596280733214,175
aws,aws_s3_writes_no_dr,false,200,1596280733214,1596280733380,166
aws,aws_s3_writes_no_dr,false,200,1596280733380,1596280733614,234
aws,aws_s3_writes_no_dr,false,200,1596280733614,1596280733867,253
aws,aws_s3_writes_no_dr,false,200,1596280733868,1596280734027,159
aws,aws_s3_writes_no_dr,false,200,1596280734028,1596280734197,169
aws,aws_s3_writes_no_dr,false,200,1596280734197,1596280734365,168
aws,aws_s3_writes_no_dr,false,200,1596280734366,1596280734521,155
aws,aws_s3_writes_no_dr,false,200,1596280734521,1596280734686,165
aws,aws_s3_writes_no_dr,false,200,1596280734686,1596280734845,159
aws,aws_s3_writes_no_dr,false,200,1596280734846,1596280734999,153
aws,aws_s3_writes_no_dr,false,200,1596280734999,1596280735153,154
aws,aws_s3_writes_no_dr,false,200,1596280735154,1596280735305,151
aws,aws_s3_writes_no_dr,false,200,1596280735305,1596280735476,171
aws,aws_s3_writes_no_dr,false,200,1596280735477,1596280735668,191
aws,aws_s3_writes_no_dr,false,200,1596280735669,1596280735826,157
aws,aws_s3_writes_no_dr,false,200,1596280735827,1596280736018,191
aws,aws_s3_writes_no_dr,false,200,1596280736019,1596280736255,236
aws,aws_s3_writes_no_dr,false,200,1596280736256,1596280736418,162
aws,aws_s3_writes_no_dr,false,200,1596280736418,1596280736584,166
aws,aws_s3_writes_no_dr,false,200,1596280736584,1596280736738,154
aws,aws_s3_writes_no_dr,false,200,1596280736738,1596280736938,200
aws,aws_s3_writes_no_dr,false,200,1596280736938,1596280737128,190
aws,aws_s3_writes_no_dr,false,200,1596280737129,1596280737319,190
aws,aws_s3_writes_no_dr,false,200,1596280737319,1596280737471,152
aws,aws_s3_writes_no_dr,false,200,1596280737471,1596280737655,184
aws,aws_s3_writes_no_dr,false,200,1596280737656,1596280737814,158
aws,aws_s3_writes_no_dr,false,200,1596280737814,1596280738130,316
aws,aws_s3_writes_no_dr,false,200,1596280738130,1596280738404,274
aws,aws_s3_writes_no_dr,false,500,1596280738405,1596280738432,27
aws,aws_s3_writes_no_dr,false,500,1596280738432,1596280738496,64
aws,aws_s3_writes_no_dr,false,500,1596280738497,1596280738672,175
aws,aws_s3_writes_no_dr,false,500,1596280738672,1596280740815,2143
aws,aws_s3_writes_no_dr,false,500,1596280740816,1596280740833,17