aws,aws_storage_reads,false,200,1596484969288,1596484969339,50
aws,aws_storage_reads,false,200,1596484969339,1596484969546,206
aws,aws_storage_reads,false,200,1596484969546,1596484969713,166
aws,aws_storage_reads,false,200,1596484969713,1596484969897,183
aws,aws_storage_reads,false,200,1596484969897,1596484970097,199
aws,aws_storage_reads,false,200,1596484970097,1596484970289,191
aws,aws_storage_reads,false,200,1596484970289,1596484970505,216
aws,aws_storage_reads,false,200,1596484970505,1596484970751,245
aws,aws_storage_reads,false,200,1596484970751,1596484970942,190
aws,aws_storage_reads,false,200,1596484970942,1596484971140,197
aws,aws_storage_reads,false,200,1596484971140,1596484971339,198
aws,aws_storage_reads,false,200,1596484971339,1596484971480,140
aws,aws_storage_reads,false,200,1596484971480,1596484971696,216
aws,aws_storage_reads,false,200,1596484971696,1596484971924,227
aws,aws_storage_reads,false,200,1596484971924,1596484972100,175
aws,aws_storage_reads,false,200,1596484972100,1596484972333,232
aws,aws_storage_reads,false,200,1596484972333,1596484972510,176
aws,aws_storage_reads,false,200,1596484972510,1596484972725,214
aws,aws_storage_reads,false,200,1596484972725,1596484972911,185
aws,aws_storage_reads,false,200,1596484972911,1596484973127,215
aws,aws_storage_reads,false,200,1596484973127,1596484973411,283
aws,aws_storage_reads,false,200,1596484973411,1596484973588,176
aws,aws_storage_reads,false,200,1596484973588,1596484973809,220
aws,aws_storage_reads,false,200,1596484973809,1596484973879,69
aws,aws_storage_reads,false,200,1596484973879,1596484974092,212
aws,aws_storage_reads,false,200,1596484974092,1596484974357,264
aws,aws_storage_reads,false,200,1596484974357,1596484974568,210
aws,aws_storage_reads,false,200,1596484974568,1596484974795,226
aws,aws_storage_reads,false,200,1596484974795,1596484974976,180
aws,aws_storage_reads,false,200,1596484974976,1596484975277,301
aws,aws_storage_reads,false,200,1596484975277,1596484975530,252
aws,aws_storage_reads,false,200,1596484975530,1596484975748,217
aws,aws_storage_reads,false,200,1596484975748,1596484975914,165
aws,aws_storage_reads,false,200,1596484975914,1596484976137,222
aws,aws_storage_reads,false,200,1596484976137,1596484976276,138
aws,aws_storage_reads,false,200,1596484976276,1596484976454,177
aws,aws_storage_reads,false,200,1596484976454,1596484976687,232
aws,aws_storage_reads,false,200,1596484976687,1596484976873,185
aws,aws_storage_reads,false,200,1596484976873,1596484977025,152
aws,aws_storage_reads,false,200,1596484977025,1596484977200,174
aws,aws_storage_reads,false,200,1596484977200,1596484977396,195
aws,aws_storage_reads,false,200,1596484977396,1596484977598,201
aws,aws_storage_reads,false,200,1596484977598,1596484977826,227
aws,aws_storage_reads,false,200,1596484977826,1596484978063,236
aws,aws_storage_reads,false,200,1596484978063,1596484978308,244
aws,aws_storage_reads,false,200,1596484978308,1596484978451,143
aws,aws_storage_reads,false,200,1596484978451,1596484978658,207
aws,aws_storage_reads,false,200,1596484978658,1596484978886,227
aws,aws_storage_reads,false,200,1596484978886,1596484979243,356
aws,aws_storage_reads,false,200,1596484979243,1596484979455,211
aws,aws_storage_reads,false,200,1596484979455,1596484979664,208
aws,aws_storage_reads,false,200,1596484979664,1596484979858,193
aws,aws_storage_reads,false,200,1596484979858,1596484980038,179
aws,aws_storage_reads,false,200,1596484980038,1596484980187,149
aws,aws_storage_reads,false,200,1596484980187,1596484980345,157
aws,aws_storage_reads,false,200,1596484980345,1596484980566,220
aws,aws_storage_reads,false,200,1596484980566,1596484980771,204
aws,aws_storage_reads,false,200,1596484980771,1596484980977,205
aws,aws_storage_reads,false,200,1596484980977,1596484981041,63
aws,aws_storage_reads,false,200,1596484981041,1596484981189,147
aws,aws_storage_reads,false,200,1596484981189,1596484981399,210
aws,aws_storage_reads,false,200,1596484981399,1596484981602,202
aws,aws_storage_reads,false,200,1596484981602,1596484981908,305
aws,aws_storage_reads,false,200,1596484981908,1596484982073,164
aws,aws_storage_reads,false,200,1596484982073,1596484982290,216
aws,aws_storage_reads,false,200,1596484982290,1596484982522,231
aws,aws_storage_reads,false,200,1596484982522,1596484982745,222
aws,aws_storage_reads,false,200,1596484982745,1596484982961,215
aws,aws_storage_reads,false,200,1596484982961,1596484983173,211
aws,aws_storage_reads,false,200,1596484983173,1596484983385,211
aws,aws_storage_reads,false,200,1596484983385,1596484983571,185
aws,aws_storage_reads,false,200,1596484983571,1596484983779,207
aws,aws_storage_reads,false,200,1596484983779,1596484984003,223
aws,aws_storage_reads,false,200,1596484984003,1596484984203,199
aws,aws_storage_reads,false,200,1596484984203,1596484984491,287
aws,aws_storage_reads,false,200,1596484984491,1596484984534,42
aws,aws_storage_reads,false,200,1596484984534,1596484984739,204
aws,aws_storage_reads,false,200,1596484984739,1596484984969,229
aws,aws_storage_reads,false,200,1596484984969,1596484985181,211
aws,aws_storage_reads,false,200,1596484985181,1596484985330,149
aws,aws_storage_reads,false,200,1596484985330,1596484985514,183
aws,aws_storage_reads,false,200,1596484985514,1596484985713,198
aws,aws_storage_reads,false,200,1596484985713,1596484985891,178
aws,aws_storage_reads,false,200,1596484985891,1596484986075,183
aws,aws_storage_reads,false,200,1596484986075,1596484986248,172
aws,aws_storage_reads,false,200,1596484986248,1596484986403,154
aws,aws_storage_reads,false,200,1596484986403,1596484986601,197
aws,aws_storage_reads,false,200,1596484986601,1596484986794,192
aws,aws_storage_reads,false,200,1596484986794,1596484986970,175
aws,aws_storage_reads,false,200,1596484986970,1596484987206,235
aws,aws_storage_reads,false,200,1596484987206,1596484987399,192
aws,aws_storage_reads,false,200,1596484987399,1596484987578,178
aws,aws_storage_reads,false,200,1596484987578,1596484987725,146
aws,aws_storage_reads,false,200,1596484987725,1596484988074,348
aws,aws_storage_reads,false,200,1596484988074,1596484988263,189
aws,aws_storage_reads,false,200,1596484988263,1596484988443,179
aws,aws_storage_reads,false,200,1596484988443,1596484988636,192
aws,aws_storage_reads,false,200,1596484988636,1596484988993,356
aws,aws_storage_reads,false,200,1596484988993,1596484989176,182
aws,aws_storage_reads,false,200,1596484989176,1596484989576,399
aws,aws_storage_reads,false,200,1596484989576,1596484989764,187
aws,aws_storage_reads,false,200,1596484989764,1596484989998,233
aws,aws_storage_reads,false,200,1596484989998,1596484990231,232
aws,aws_storage_reads,false,200,1596484990231,1596484990434,202
aws,aws_storage_reads,false,200,1596484990434,1596484990574,139
aws,aws_storage_reads,false,200,1596484990574,1596484990772,197
aws,aws_storage_reads,false,200,1596484990772,1596484990982,209
aws,aws_storage_reads,false,200,1596484990982,1596484991179,196
aws,aws_storage_reads,false,200,1596484991179,1596484991355,175
aws,aws_storage_reads,false,200,1596484991355,1596484991563,207
aws,aws_storage_reads,false,200,1596484991563,1596484991773,209
aws,aws_storage_reads,false,200,1596484991773,1596484991926,152
aws,aws_storage_reads,false,200,1596484991926,1596484992120,193
aws,aws_storage_reads,false,200,1596484992120,1596484992605,484
aws,aws_storage_reads,false,200,1596484992605,1596484992928,322
aws,aws_storage_reads,false,200,1596484992928,1596484993110,181
aws,aws_storage_reads,false,200,1596484993110,1596484993362,251
aws,aws_storage_reads,false,200,1596484993362,1596484993535,172
aws,aws_storage_reads,false,200,1596484993535,1596484993747,211
aws,aws_storage_reads,false,200,1596484993747,1596484993879,131
aws,aws_storage_reads,false,200,1596484993879,1596484994051,171
aws,aws_storage_reads,false,200,1596484994051,1596484994215,163
aws,aws_storage_reads,false,200,1596484994215,1596484994407,191
aws,aws_storage_reads,false,200,1596484994407,1596484994574,166
aws,aws_storage_reads,false,200,1596484994574,1596484994761,186
aws,aws_storage_reads,false,200,1596484994761,1596484994933,171
aws,aws_storage_reads,false,200,1596484994933,1596484995058,124
aws,aws_storage_reads,false,200,1596484995058,1596484995393,334
aws,aws_storage_reads,false,200,1596484995393,1596484995588,194
aws,aws_storage_reads,false,200,1596484995588,1596484995807,218
aws,aws_storage_reads,false,200,1596484995807,1596484996003,195
aws,aws_storage_reads,false,200,1596484996003,1596484996178,174
aws,aws_storage_reads,false,200,1596484996178,1596484996347,168
aws,aws_storage_reads,false,200,1596484996347,1596484996595,247
aws,aws_storage_reads,false,200,1596484996595,1596484996742,146
aws,aws_storage_reads,false,200,1596484996742,1596484996974,231
aws,aws_storage_reads,false,200,1596484996974,1596484997156,182
aws,aws_storage_reads,false,200,1596484997156,1596484997350,193
aws,aws_storage_reads,false,200,1596484997350,1596484997503,152
aws,aws_storage_reads,false,200,1596484997503,1596484997722,218
aws,aws_storage_reads,false,200,1596484997722,1596484997921,198
aws,aws_storage_reads,false,200,1596484997921,1596484998162,240
aws,aws_storage_reads,false,200,1596484998162,1596484998369,206
aws,aws_storage_reads,false,200,1596484998369,1596484998570,200
aws,aws_storage_reads,false,200,1596484998570,1596484998769,198
aws,aws_storage_reads,false,200,1596484998769,1596484998961,191
aws,aws_storage_reads,false,200,1596484998961,1596484999119,157
aws,aws_storage_reads,false,200,1596484999119,1596484999299,179
aws,aws_storage_reads,false,200,1596484999299,1596484999495,195
aws,aws_storage_reads,false,200,1596484999495,1596484999758,262
aws,aws_storage_reads,false,200,1596484999758,1596484999957,198
aws,aws_storage_reads,false,200,1596484999957,1596485000149,191
aws,aws_storage_reads,false,200,1596485000149,1596485000287,138
aws,aws_storage_reads,false,200,1596485000287,1596485000515,227
aws,aws_storage_reads,false,200,1596485000515,1596485000830,314
aws,aws_storage_reads,false,200,1596485000830,1596485001028,197
aws,aws_storage_reads,false,200,1596485001028,1596485001231,202
aws,aws_storage_reads,false,200,1596485001231,1596485001424,192
aws,aws_storage_reads,false,200,1596485001424,1596485001641,216
aws,aws_storage_reads,false,200,1596485001641,1596485001707,65
aws,aws_storage_reads,false,200,1596485001707,1596485001899,191
aws,aws_storage_reads,false,200,1596485001899,1596485002037,138
aws,aws_storage_reads,false,200,1596485002037,1596485002249,211
aws,aws_storage_reads,false,200,1596485002249,1596485002551,301
aws,aws_storage_reads,false,200,1596485002551,1596485002720,168
aws,aws_storage_reads,false,200,1596485002720,1596485002880,159
aws,aws_storage_reads,false,200,1596485002880,1596485003024,144
aws,aws_storage_reads,false,200,1596485003024,1596485003223,198
aws,aws_storage_reads,false,200,1596485003223,1596485003406,183
aws,aws_storage_reads,false,200,1596485003406,1596485003633,226
aws,aws_storage_reads,false,200,1596485003633,1596485003825,191
aws,aws_storage_reads,false,200,1596485003825,1596485004025,199
aws,aws_storage_reads,false,200,1596485004025,1596485004229,203
aws,aws_storage_reads,false,200,1596485004229,1596485004379,150
aws,aws_storage_reads,false,200,1596485004379,1596485004594,214
aws,aws_storage_reads,false,200,1596485004594,1596485004797,202
aws,aws_storage_reads,false,200,1596485004797,1596485004996,198
aws,aws_storage_reads,false,200,1596485004996,1596485005173,176
aws,aws_storage_reads,false,200,1596485005173,1596485005224,50
aws,aws_storage_reads,false,200,1596485005224,1596485005472,247
aws,aws_storage_reads,false,200,1596485005472,1596485005657,184
aws,aws_storage_reads,false,200,1596485005657,1596485005886,229
aws,aws_storage_reads,false,200,1596485005886,1596485006221,334
aws,aws_storage_reads,false,200,1596485006221,1596485006419,197
aws,aws_storage_reads,false,200,1596485006419,1596485006619,199
aws,aws_storage_reads,false,200,1596485006619,1596485006831,211
aws,aws_storage_reads,false,200,1596485006831,1596485007015,183
aws,aws_storage_reads,false,200,1596485007015,1596485007157,141
aws,aws_storage_reads,false,200,1596485007157,1596485007333,176
aws,aws_storage_reads,false,200,1596485007333,1596485007578,244
aws,aws_storage_reads,false,200,1596485007578,1596485007758,179
aws,aws_storage_reads,false,200,1596485007758,1596485007942,183
aws,aws_storage_reads,false,200,1596485007942,1596485008156,213
aws,aws_storage_reads,false,200,1596485008156,1596485008386,229
aws,aws_storage_reads,false,200,1596485008386,1596485008628,241
aws,aws_storage_reads,false,200,1596485008628,1596485008805,176
aws,aws_storage_reads,false,200,1596485008805,1596485009013,207
aws,aws_storage_reads,false,200,1596485009013,1596485009297,283
aws,aws_storage_reads,false,200,1596485009297,1596485009500,202
aws,aws_storage_reads,false,200,1596485009500,1596485009679,178
aws,aws_storage_reads,false,200,1596485009679,1596485009820,140
aws,aws_storage_reads,false,200,1596485009820,1596485010010,189
aws,aws_storage_reads,false,200,1596485010010,1596485010167,156
aws,aws_storage_reads,false,200,1596485010167,1596485010358,190
aws,aws_storage_reads,false,200,1596485010358,1596485010513,154
aws,aws_storage_reads,false,200,1596485010513,1596485010710,196
aws,aws_storage_reads,false,200,1596485010710,1596485010940,229
aws,aws_storage_reads,false,200,1596485010940,1596485011089,148
aws,aws_storage_reads,false,200,1596485011089,1596485011271,181
aws,aws_storage_reads,false,200,1596485011271,1596485011508,236
aws,aws_storage_reads,false,200,1596485011508,1596485011710,201
aws,aws_storage_reads,false,200,1596485011710,1596485011897,186
aws,aws_storage_reads,false,200,1596485011897,1596485012125,227
aws,aws_storage_reads,false,200,1596485012125,1596485012293,167
aws,aws_storage_reads,false,200,1596485012293,1596485012458,164
aws,aws_storage_reads,false,200,1596485012458,1596485012675,216
aws,aws_storage_reads,false,200,1596485012675,1596485012866,190
aws,aws_storage_reads,false,200,1596485012866,1596485013057,190
aws,aws_storage_reads,false,200,1596485013057,1596485013200,143
aws,aws_storage_reads,false,200,1596485013200,1596485013333,132
aws,aws_storage_reads,false,200,1596485013333,1596485013507,173
aws,aws_storage_reads,false,200,1596485013507,1596485013680,172
aws,aws_storage_reads,false,200,1596485013680,1596485013834,153
aws,aws_storage_reads,false,200,1596485013834,1596485013969,134
aws,aws_storage_reads,false,200,1596485013969,1596485014133,163
aws,aws_storage_reads,false,200,1596485014133,1596485014312,178
aws,aws_storage_reads,false,200,1596485014312,1596485014544,231
aws,aws_storage_reads,false,200,1596485014544,1596485014690,145
aws,aws_storage_reads,false,200,1596485014690,1596485014880,189
aws,aws_storage_reads,false,200,1596485014880,1596485015122,241
aws,aws_storage_reads,false,200,1596485015122,1596485015306,183
aws,aws_storage_reads,false,200,1596485015306,1596485015494,187
aws,aws_storage_reads,false,200,1596485015494,1596485015701,206
aws,aws_storage_reads,false,200,1596485015701,1596485015932,230
aws,aws_storage_reads,false,200,1596485015932,1596485016122,189
aws,aws_storage_reads,false,200,1596485016122,1596485016316,193
aws,aws_storage_reads,false,200,1596485016316,1596485016499,182
aws,aws_storage_reads,false,200,1596485016499,1596485016656,156
aws,aws_storage_reads,false,200,1596485016656,1596485016872,215
aws,aws_storage_reads,false,200,1596485016872,1596485017043,170
aws,aws_storage_reads,false,200,1596485017043,1596485017250,206
aws,aws_storage_reads,false,200,1596485017250,1596485017456,205
aws,aws_storage_reads,false,200,1596485017456,1596485017675,218
aws,aws_storage_reads,false,200,1596485017675,1596485017899,223
aws,aws_storage_reads,false,200,1596485017899,1596485018096,196
aws,aws_storage_reads,false,200,1596485018096,1596485018244,147
aws,aws_storage_reads,false,200,1596485018244,1596485018431,186
aws,aws_storage_reads,false,200,1596485018431,1596485018647,215
aws,aws_storage_reads,false,200,1596485018647,1596485018855,207
aws,aws_storage_reads,false,200,1596485018855,1596485019000,144
aws,aws_storage_reads,false,200,1596485019000,1596485019212,211
aws,aws_storage_reads,false,200,1596485019212,1596485019447,234
aws,aws_storage_reads,false,200,1596485019447,1596485019616,168
aws,aws_storage_reads,false,200,1596485019616,1596485019761,144
aws,aws_storage_reads,false,200,1596485019761,1596485020045,283
aws,aws_storage_reads,false,200,1596485020045,1596485020239,194
aws,aws_storage_reads,false,200,1596485020239,1596485020411,171
aws,aws_storage_reads,false,200,1596485020411,1596485020669,257
aws,aws_storage_reads,false,200,1596485020669,1596485020825,155
aws,aws_storage_reads,false,200,1596485020825,1596485021017,191
aws,aws_storage_reads,false,200,1596485021017,1596485021220,202
aws,aws_storage_reads,false,200,1596485021220,1596485021544,324
aws,aws_storage_reads,false,200,1596485021544,1596485021758,213
aws,aws_storage_reads,false,200,1596485021758,1596485022147,388
aws,aws_storage_reads,false,200,1596485022147,1596485022328,180
aws,aws_storage_reads,false,200,1596485022328,1596485022473,145
aws,aws_storage_reads,false,200,1596485022473,1596485022696,222
aws,aws_storage_reads,false,200,1596485022696,1596485022882,185
aws,aws_storage_reads,false,200,1596485022882,1596485023060,177
aws,aws_storage_reads,false,200,1596485023060,1596485023265,204
aws,aws_storage_reads,false,200,1596485023265,1596485023469,203
aws,aws_storage_reads,false,200,1596485023469,1596485023767,297
aws,aws_storage_reads,false,200,1596485023767,1596485023932,164
aws,aws_storage_reads,false,200,1596485023932,1596485024105,172
aws,aws_storage_reads,false,200,1596485024105,1596485024240,134
aws,aws_storage_reads,false,200,1596485024240,1596485024434,193
aws,aws_storage_reads,false,200,1596485024434,1596485024577,142
aws,aws_storage_reads,false,200,1596485024577,1596485024761,183
aws,aws_storage_reads,false,200,1596485024761,1596485024946,185
aws,aws_storage_reads,false,200,1596485024946,1596485025125,178
aws,aws_storage_reads,false,200,1596485025125,1596485025320,194
aws,aws_storage_reads,false,200,1596485025320,1596485025458,138
aws,aws_storage_reads,false,200,1596485025458,1596485025668,209
aws,aws_storage_reads,false,200,1596485025668,1596485025879,210
aws,aws_storage_reads,false,200,1596485025879,1596485026091,211
aws,aws_storage_reads,false,200,1596485026091,1596485026281,189
aws,aws_storage_reads,false,200,1596485026281,1596485026599,318
aws,aws_storage_reads,false,200,1596485026599,1596485026802,202
aws,aws_storage_reads,false,200,1596485026802,1596485027001,198
aws,aws_storage_reads,false,200,1596485027001,1596485027244,242
aws,aws_storage_reads,false,200,1596485027244,1596485027434,189
aws,aws_storage_reads,false,200,1596485027434,1596485027556,122
aws,aws_storage_reads,false,200,1596485027556,1596485027756,199
aws,aws_storage_reads,false,200,1596485027756,1596485027950,193
aws,aws_storage_reads,false,200,1596485027950,1596485028095,145
aws,aws_storage_reads,false,200,1596485028095,1596485028356,260
aws,aws_storage_reads,false,200,1596485028356,1596485028525,168
aws,aws_storage_reads,false,200,1596485028525,1596485028720,194
aws,aws_storage_reads,false,200,1596485028720,1596485028924,203
aws,aws_storage_reads,false,200,1596485028924,1596485029102,177
aws,aws_storage_reads,false,200,1596485029102,1596485029258,155
aws,aws_storage_reads,false,200,1596485029258,1596485029457,198
aws,aws_storage_reads,false,200,1596485029457,1596485029661,204
aws,aws_storage_reads,false,200,1596485029661,1596485030002,340
aws,aws_storage_reads,false,200,1596485030002,1596485030209,206
aws,aws_storage_reads,false,200,1596485030209,1596485030416,206
aws,aws_storage_reads,false,200,1596485030416,1596485030610,193
aws,aws_storage_reads,false,200,1596485030610,1596485030806,196
aws,aws_storage_reads,false,200,1596485030806,1596485031014,207
aws,aws_storage_reads,false,200,1596485031014,1596485031220,205
aws,aws_storage_reads,false,200,1596485031220,1596485031398,177
aws,aws_storage_reads,false,200,1596485031398,1596485031610,211
aws,aws_storage_reads,false,200,1596485031610,1596485031799,188
aws,aws_storage_reads,false,200,1596485031799,1596485032006,206
aws,aws_storage_reads,false,200,1596485032006,1596485032255,248
aws,aws_storage_reads,false,200,1596485032255,1596485032399,144
aws,aws_storage_reads,false,200,1596485032399,1596485032578,178
aws,aws_storage_reads,false,200,1596485032578,1596485032983,404
aws,aws_storage_reads,false,200,1596485032983,1596485033119,135
aws,aws_storage_reads,false,200,1596485033119,1596485033320,201
aws,aws_storage_reads,false,200,1596485033320,1596485033688,367
aws,aws_storage_reads,false,200,1596485033688,1596485033879,190
aws,aws_storage_reads,false,200,1596485033879,1596485034062,182
aws,aws_storage_reads,false,200,1596485034062,1596485034309,246
aws,aws_storage_reads,false,200,1596485034309,1596485034474,164
aws,aws_storage_reads,false,200,1596485034474,1596485034673,198
aws,aws_storage_reads,false,200,1596485034673,1596485034866,192
aws,aws_storage_reads,false,200,1596485034866,1596485035053,186
aws,aws_storage_reads,false,200,1596485035053,1596485035226,172
aws,aws_storage_reads,false,200,1596485035226,1596485035373,147
aws,aws_storage_reads,false,200,1596485035373,1596485035672,299
aws,aws_storage_reads,false,200,1596485035672,1596485035868,195
aws,aws_storage_reads,false,200,1596485035868,1596485036068,199
aws,aws_storage_reads,false,200,1596485036068,1596485036276,207
aws,aws_storage_reads,false,200,1596485036276,1596485036646,369
aws,aws_storage_reads,false,200,1596485036646,1596485036869,222
aws,aws_storage_reads,false,200,1596485036869,1596485037057,187
aws,aws_storage_reads,false,200,1596485037057,1596485038250,1192
aws,aws_storage_reads,false,200,1596485038250,1596485038445,194
aws,aws_storage_reads,false,200,1596485038445,1596485038608,162
aws,aws_storage_reads,false,200,1596485038608,1596485038797,188
aws,aws_storage_reads,false,200,1596485038797,1596485039003,205
aws,aws_storage_reads,false,200,1596485039003,1596485039154,150
aws,aws_storage_reads,false,200,1596485039154,1596485039618,463
aws,aws_storage_reads,false,200,1596485039618,1596485039752,133
aws,aws_storage_reads,false,200,1596485039752,1596485039886,133
aws,aws_storage_reads,false,200,1596485039886,1596485040083,196
aws,aws_storage_reads,false,200,1596485040083,1596485040276,192
aws,aws_storage_reads,false,200,1596485040276,1596485040457,180
aws,aws_storage_reads,false,200,1596485040457,1596485040630,172
aws,aws_storage_reads,false,200,1596485040630,1596485040793,162
aws,aws_storage_reads,false,200,1596485040793,1596485040948,155
aws,aws_storage_reads,false,200,1596485040948,1596485041199,250
aws,aws_storage_reads,false,200,1596485041199,1596485041390,190
aws,aws_storage_reads,false,200,1596485041390,1596485041641,250
aws,aws_storage_reads,false,200,1596485041641,1596485041836,194
aws,aws_storage_reads,false,200,1596485041836,1596485042057,220
aws,aws_storage_reads,false,200,1596485042057,1596485042241,183
aws,aws_storage_reads,false,200,1596485042241,1596485042582,340
aws,aws_storage_reads,false,200,1596485042582,1596485042781,198
aws,aws_storage_reads,false,200,1596485042781,1596485043041,259
aws,aws_storage_reads,false,200,1596485043041,1596485043240,198
aws,aws_storage_reads,false,200,1596485043240,1596485043431,190
aws,aws_storage_reads,false,200,1596485043431,1596485043581,149
aws,aws_storage_reads,false,200,1596485043581,1596485043812,230
aws,aws_storage_reads,false,200,1596485043812,1596485043875,62
aws,aws_storage_reads,false,200,1596485043875,1596485044076,200
aws,aws_storage_reads,false,200,1596485044076,1596485044273,196
aws,aws_storage_reads,false,200,1596485044273,1596485044429,155
aws,aws_storage_reads,false,200,1596485044429,1596485044642,212
aws,aws_storage_reads,false,200,1596485044642,1596485044855,213
aws,aws_storage_reads,false,200,1596485044855,1596485045050,195
aws,aws_storage_reads,false,200,1596485045050,1596485045212,161
aws,aws_storage_reads,false,200,1596485045212,1596485045350,137
aws,aws_storage_reads,false,200,1596485045350,1596485045518,167
aws,aws_storage_reads,false,200,1596485045518,1596485045729,210
aws,aws_storage_reads,false,200,1596485045729,1596485045919,189
aws,aws_storage_reads,false,200,1596485045919,1596485046111,191
aws,aws_storage_reads,false,200,1596485046111,1596485046277,165
aws,aws_storage_reads,false,200,1596485046277,1596485046347,69
aws,aws_storage_reads,false,200,1596485046347,1596485046541,193
aws,aws_storage_reads,false,200,1596485046541,1596485046605,63
aws,aws_storage_reads,false,200,1596485046605,1596485046786,180
aws,aws_storage_reads,false,200,1596485046786,1596485046962,176
aws,aws_storage_reads,false,200,1596485046962,1596485047156,193
aws,aws_storage_reads,false,200,1596485047156,1596485047554,397
aws,aws_storage_reads,false,200,1596485047554,1596485047810,255
aws,aws_storage_reads,false,200,1596485047810,1596485048012,201
aws,aws_storage_reads,false,200,1596485048012,1596485048204,191
aws,aws_storage_reads,false,200,1596485048204,1596485048413,208
aws,aws_storage_reads,false,200,1596485048413,1596485048566,152
aws,aws_storage_reads,false,200,1596485048566,1596485048747,180
aws,aws_storage_reads,false,200,1596485048747,1596485048792,44
aws,aws_storage_reads,false,200,1596485048792,1596485048974,181
aws,aws_storage_reads,false,200,1596485048974,1596485049211,236
aws,aws_storage_reads,false,200,1596485049211,1596485049423,211
aws,aws_storage_reads,false,200,1596485049423,1596485049576,152
aws,aws_storage_reads,false,200,1596485049576,1596485049646,69
aws,aws_storage_reads,false,200,1596485049646,1596485049790,144
aws,aws_storage_reads,false,200,1596485049790,1596485050021,231
aws,aws_storage_reads,false,200,1596485050021,1596485050154,132
aws,aws_storage_reads,false,200,1596485050154,1596485050341,186
aws,aws_storage_reads,false,200,1596485050341,1596485050558,216
aws,aws_storage_reads,false,200,1596485050558,1596485050757,198
aws,aws_storage_reads,false,200,1596485050757,1596485050961,203
aws,aws_storage_reads,false,200,1596485050961,1596485051095,134
aws,aws_storage_reads,false,200,1596485051095,1596485051463,367
aws,aws_storage_reads,false,200,1596485051463,1596485051649,185
aws,aws_storage_reads,false,200,1596485051649,1596485051858,208
aws,aws_storage_reads,false,200,1596485051858,1596485052031,172
aws,aws_storage_reads,false,200,1596485052031,1596485052200,168
aws,aws_storage_reads,false,200,1596485052200,1596485052433,232
aws,aws_storage_reads,false,200,1596485052433,1596485052642,208
aws,aws_storage_reads,false,200,1596485052642,1596485052871,228
aws,aws_storage_reads,false,200,1596485052871,1596485053061,189
aws,aws_storage_reads,false,200,1596485053061,1596485053242,180
aws,aws_storage_reads,false,200,1596485053242,1596485053434,191
aws,aws_storage_reads,false,200,1596485053434,1596485053634,199
aws,aws_storage_reads,false,200,1596485053634,1596485053791,156
aws,aws_storage_reads,false,200,1596485053791,1596485054005,213
aws,aws_storage_reads,false,200,1596485054005,1596485054181,175
aws,aws_storage_reads,false,200,1596485054181,1596485054380,198
aws,aws_storage_reads,false,200,1596485054380,1596485054522,142
aws,aws_storage_reads,false,200,1596485054522,1596485054659,136
aws,aws_storage_reads,false,200,1596485054659,1596485054870,210
aws,aws_storage_reads,false,200,1596485054870,1596485055050,179
aws,aws_storage_reads,false,200,1596485055050,1596485055251,200
aws,aws_storage_reads,false,200,1596485055251,1596485055428,176
aws,aws_storage_reads,false,200,1596485055428,1596485055603,174
aws,aws_storage_reads,false,200,1596485055603,1596485055730,126
aws,aws_storage_reads,false,200,1596485055730,1596485055799,68
aws,aws_storage_reads,false,200,1596485055799,1596485055995,195
aws,aws_storage_reads,false,200,1596485055995,1596485056056,60
aws,aws_storage_reads,false,200,1596485056056,1596485056210,153
aws,aws_storage_reads,false,200,1596485056210,1596485056392,182
aws,aws_storage_reads,false,200,1596485056392,1596485056640,247
aws,aws_storage_reads,false,200,1596485056640,1596485056840,199
aws,aws_storage_reads,false,200,1596485056840,1596485057044,203
aws,aws_storage_reads,false,200,1596485057044,1596485057202,158
aws,aws_storage_reads,false,200,1596485057202,1596485057403,200
aws,aws_storage_reads,false,200,1596485057403,1596485057597,193
aws,aws_storage_reads,false,200,1596485057597,1596485057828,230
aws,aws_storage_reads,false,200,1596485057828,1596485057969,140
aws,aws_storage_reads,false,200,1596485057969,1596485058158,188
aws,aws_storage_reads,false,200,1596485058158,1596485058380,221
aws,aws_storage_reads,false,200,1596485058380,1596485059693,1312
aws,aws_storage_reads,false,200,1596485059693,1596485059926,232
aws,aws_storage_reads,false,200,1596485059926,1596485060155,228
aws,aws_storage_reads,false,200,1596485060155,1596485060355,199
aws,aws_storage_reads,false,200,1596485060355,1596485060570,214
aws,aws_storage_reads,false,200,1596485060570,1596485060740,169
aws,aws_storage_reads,false,200,1596485060740,1596485060958,217
aws,aws_storage_reads,false,200,1596485060958,1596485061178,219
aws,aws_storage_reads,false,200,1596485061178,1596485061348,169
aws,aws_storage_reads,false,200,1596485061348,1596485061551,203
aws,aws_storage_reads,false,200,1596485061551,1596485061733,181
aws,aws_storage_reads,false,200,1596485061733,1596485061972,238
aws,aws_storage_reads,false,200,1596485061972,1596485062145,173
aws,aws_storage_reads,false,200,1596485062145,1596485062308,162
aws,aws_storage_reads,false,200,1596485062308,1596485062499,190
aws,aws_storage_reads,false,200,1596485062499,1596485062720,220
aws,aws_storage_reads,false,200,1596485062720,1596485062898,178
aws,aws_storage_reads,false,200,1596485062898,1596485063153,254
aws,aws_storage_reads,false,200,1596485063153,1596485063359,205
aws,aws_storage_reads,false,200,1596485063359,1596485063500,140
aws,aws_storage_reads,false,200,1596485063500,1596485063725,224
aws,aws_storage_reads,false,200,1596485063725,1596485063917,191
aws,aws_storage_reads,false,200,1596485063917,1596485064218,300
aws,aws_storage_reads,false,200,1596485064218,1596485064374,155
aws,aws_storage_reads,false,200,1596485064374,1596485064582,207
aws,aws_storage_reads,false,200,1596485064582,1596485064763,180
aws,aws_storage_reads,false,200,1596485064763,1596485064918,154
aws,aws_storage_reads,false,200,1596485064918,1596485065120,201
aws,aws_storage_reads,false,200,1596485065120,1596485065291,170
aws,aws_storage_reads,false,200,1596485065291,1596485065519,227
aws,aws_storage_reads,false,200,1596485065519,1596485065733,214
aws,aws_storage_reads,false,200,1596485065733,1596485065916,182
aws,aws_storage_reads,false,200,1596485065916,1596485066105,188
aws,aws_storage_reads,false,200,1596485066105,1596485066240,134
aws,aws_storage_reads,false,200,1596485066240,1596485066431,190
aws,aws_storage_reads,false,200,1596485066431,1596485066624,192
aws,aws_storage_reads,false,200,1596485066624,1596485066780,156
aws,aws_storage_reads,false,200,1596485066780,1596485066998,217
aws,aws_storage_reads,false,200,1596485066998,1596485067175,177
aws,aws_storage_reads,false,200,1596485067175,1596485067343,167
aws,aws_storage_reads,false,200,1596485067343,1596485067538,194
aws,aws_storage_reads,false,200,1596485067538,1596485067818,279
aws,aws_storage_reads,false,200,1596485067818,1596485068007,188
aws,aws_storage_reads,false,200,1596485068007,1596485068222,214
aws,aws_storage_reads,false,200,1596485068222,1596485068436,213
aws,aws_storage_reads,false,200,1596485068436,1596485068665,228
aws,aws_storage_reads,false,200,1596485068665,1596485068904,238
aws,aws_storage_reads,false,200,1596485068904,1596485069097,192
aws,aws_storage_reads,false,200,1596485069097,1596485069237,140
aws,aws_storage_reads,false,200,1596485069237,1596485069552,314
aws,aws_storage_reads,false,200,1596485069552,1596485069736,183
aws,aws_storage_reads,false,200,1596485069736,1596485069959,222
aws,aws_storage_reads,false,200,1596485069959,1596485070150,190
aws,aws_storage_reads,false,200,1596485070150,1596485070302,151
aws,aws_storage_reads,false,200,1596485070302,1596485070484,181
aws,aws_storage_reads,false,200,1596485070484,1596485070665,180
aws,aws_storage_reads,false,200,1596485070665,1596485070892,226
aws,aws_storage_reads,false,200,1596485070892,1596485071076,183
aws,aws_storage_reads,false,200,1596485071076,1596485071345,268
aws,aws_storage_reads,false,200,1596485071345,1596485071546,201
aws,aws_storage_reads,false,200,1596485071546,1596485071728,181
aws,aws_storage_reads,false,200,1596485071728,1596485071924,195
aws,aws_storage_reads,false,200,1596485071924,1596485072094,169
aws,aws_storage_reads,false,200,1596485072094,1596485072254,159
aws,aws_storage_reads,false,200,1596485072254,1596485072581,327
aws,aws_storage_reads,false,200,1596485072581,1596485072748,167
aws,aws_storage_reads,false,200,1596485072748,1596485072988,239
aws,aws_storage_reads,false,200,1596485072988,1596485073230,241
aws,aws_storage_reads,false,200,1596485073230,1596485073439,208
aws,aws_storage_reads,false,200,1596485073439,1596485073615,176
aws,aws_storage_reads,false,200,1596485073615,1596485073743,127
aws,aws_storage_reads,false,200,1596485073743,1596485073917,173
aws,aws_storage_reads,false,200,1596485073917,1596485074079,161
aws,aws_storage_reads,false,200,1596485074079,1596485074271,191
aws,aws_storage_reads,false,200,1596485074271,1596485074475,203
aws,aws_storage_reads,false,200,1596485074475,1596485074781,305
aws,aws_storage_reads,false,200,1596485074781,1596485075044,262
aws,aws_storage_reads,false,200,1596485075044,1596485075217,172
aws,aws_storage_reads,false,200,1596485075217,1596485075446,228
aws,aws_storage_reads,false,200,1596485075446,1596485075646,199
aws,aws_storage_reads,false,200,1596485075646,1596485075859,212
aws,aws_storage_reads,false,200,1596485075859,1596485076048,188
aws,aws_storage_reads,false,200,1596485076048,1596485076231,182
aws,aws_storage_reads,false,200,1596485076231,1596485076462,230
aws,aws_storage_reads,false,200,1596485076462,1596485076650,187
aws,aws_storage_reads,false,200,1596485076650,1596485076848,197
aws,aws_storage_reads,false,200,1596485076848,1596485077064,215
aws,aws_storage_reads,false,200,1596485077064,1596485077264,199
aws,aws_storage_reads,false,200,1596485077264,1596485077460,195
aws,aws_storage_reads,false,200,1596485077460,1596485077663,202
aws,aws_storage_reads,false,200,1596485077663,1596485077899,235
aws,aws_storage_reads,false,200,1596485077899,1596485078045,145
aws,aws_storage_reads,false,200,1596485078045,1596485078223,177
aws,aws_storage_reads,false,200,1596485078223,1596485078372,148
aws,aws_storage_reads,false,200,1596485078372,1596485078570,197
aws,aws_storage_reads,false,200,1596485078570,1596485078775,204
aws,aws_storage_reads,false,200,1596485078775,1596485078931,155
aws,aws_storage_reads,false,200,1596485078931,1596485079074,142
aws,aws_storage_reads,false,200,1596485079074,1596485079210,135
aws,aws_storage_reads,false,200,1596485079210,1596485079406,195
aws,aws_storage_reads,false,200,1596485079406,1596485079596,189
aws,aws_storage_reads,false,200,1596485079596,1596485079757,160
aws,aws_storage_reads,false,200,1596485079757,1596485079980,222
aws,aws_storage_reads,false,200,1596485079980,1596485080137,157
aws,aws_storage_reads,false,200,1596485080137,1596485080376,238
aws,aws_storage_reads,false,200,1596485080376,1596485080507,130
aws,aws_storage_reads,false,200,1596485080507,1596485080766,258
aws,aws_storage_reads,false,200,1596485080766,1596485081008,241
aws,aws_storage_reads,false,200,1596485081008,1596485081072,63
aws,aws_storage_reads,false,200,1596485081072,1596485081240,168
aws,aws_storage_reads,false,200,1596485081240,1596485081377,136
aws,aws_storage_reads,false,200,1596485081377,1596485081538,160
aws,aws_storage_reads,false,200,1596485081538,1596485081910,371
aws,aws_storage_reads,false,200,1596485081910,1596485082093,182
aws,aws_storage_reads,false,200,1596485082093,1596485082281,187
aws,aws_storage_reads,false,200,1596485082281,1596485082462,180
aws,aws_storage_reads,false,200,1596485082462,1596485082687,224
aws,aws_storage_reads,false,200,1596485082687,1596485082889,201
aws,aws_storage_reads,false,200,1596485082889,1596485083120,230
aws,aws_storage_reads,false,200,1596485083120,1596485083326,205
aws,aws_storage_reads,false,200,1596485083326,1596485083560,233
aws,aws_storage_reads,false,200,1596485083560,1596485083773,213
aws,aws_storage_reads,false,200,1596485083773,1596485083945,171
aws,aws_storage_reads,false,200,1596485083945,1596485084115,169
aws,aws_storage_reads,false,200,1596485084115,1596485084302,186
aws,aws_storage_reads,false,200,1596485084302,1596485084564,261
aws,aws_storage_reads,false,200,1596485084564,1596485084691,126
aws,aws_storage_reads,false,200,1596485084691,1596485084893,201
aws,aws_storage_reads,false,200,1596485084893,1596485085019,126
aws,aws_storage_reads,false,200,1596485085019,1596485085336,317
aws,aws_storage_reads,false,200,1596485085336,1596485085536,199
aws,aws_storage_reads,false,200,1596485085536,1596485085736,199
aws,aws_storage_reads,false,200,1596485085736,1596485085928,191
aws,aws_storage_reads,false,200,1596485085928,1596485086161,232
aws,aws_storage_reads,false,200,1596485086161,1596485086341,180
aws,aws_storage_reads,false,200,1596485086341,1596485086517,175
aws,aws_storage_reads,false,200,1596485086517,1596485086699,181
aws,aws_storage_reads,false,200,1596485086699,1596485086944,244
aws,aws_storage_reads,false,200,1596485086944,1596485087128,183
aws,aws_storage_reads,false,200,1596485087128,1596485087313,184
aws,aws_storage_reads,false,200,1596485087313,1596485087521,207
aws,aws_storage_reads,false,200,1596485087521,1596485087719,197
aws,aws_storage_reads,false,200,1596485087719,1596485087918,198
aws,aws_storage_reads,false,200,1596485087918,1596485088135,216
aws,aws_storage_reads,false,200,1596485088135,1596485088294,158
aws,aws_storage_reads,false,200,1596485088294,1596485088472,177
aws,aws_storage_reads,false,200,1596485088472,1596485088704,231
aws,aws_storage_reads,false,200,1596485088704,1596485088857,152
aws,aws_storage_reads,false,200,1596485088857,1596485089018,160
aws,aws_storage_reads,false,200,1596485089018,1596485089253,234
aws,aws_storage_reads,false,200,1596485089253,1596485089428,174
aws,aws_storage_reads,false,200,1596485089428,1596485089636,207
aws,aws_storage_reads,false,200,1596485089636,1596485089829,192
aws,aws_storage_reads,false,200,1596485089829,1596485090038,208
aws,aws_storage_reads,false,200,1596485090038,1596485090216,177
aws,aws_storage_reads,false,200,1596485090216,1596485090354,137
aws,aws_storage_reads,false,200,1596485090354,1596485090588,233
aws,aws_storage_reads,false,200,1596485090588,1596485090781,192
aws,aws_storage_reads,false,200,1596485090781,1596485090992,211
aws,aws_storage_reads,false,200,1596485090992,1596485091157,165
aws,aws_storage_reads,false,200,1596485091157,1596485091342,184
aws,aws_storage_reads,false,200,1596485091342,1596485091512,169
aws,aws_storage_reads,false,200,1596485091512,1596485091713,200
aws,aws_storage_reads,false,200,1596485091713,1596485091875,161
aws,aws_storage_reads,false,200,1596485091875,1596485092008,132
aws,aws_storage_reads,false,200,1596485092008,1596485092201,192
aws,aws_storage_reads,false,200,1596485092201,1596485092413,211
aws,aws_storage_reads,false,200,1596485092413,1596485092619,206
aws,aws_storage_reads,false,200,1596485092619,1596485092804,184
aws,aws_storage_reads,false,200,1596485092804,1596485093043,238
aws,aws_storage_reads,false,200,1596485093043,1596485093249,205
aws,aws_storage_reads,false,200,1596485093249,1596485093399,149
aws,aws_storage_reads,false,200,1596485093399,1596485093620,220
aws,aws_storage_reads,false,200,1596485093620,1596485093828,207
aws,aws_storage_reads,false,200,1596485093828,1596485094058,229
aws,aws_storage_reads,false,200,1596485094058,1596485094285,226
aws,aws_storage_reads,false,200,1596485094285,1596485094438,153
aws,aws_storage_reads,false,200,1596485094438,1596485094605,166
aws,aws_storage_reads,false,200,1596485094605,1596485095009,403
aws,aws_storage_reads,false,200,1596485095009,1596485095220,210
aws,aws_storage_reads,false,200,1596485095220,1596485095425,204
aws,aws_storage_reads,false,200,1596485095425,1596485095603,177
aws,aws_storage_reads,false,200,1596485095603,1596485095819,216
aws,aws_storage_reads,false,200,1596485095819,1596485095955,136
aws,aws_storage_reads,false,200,1596485095955,1596485096186,230
aws,aws_storage_reads,false,200,1596485096186,1596485096385,198
aws,aws_storage_reads,false,200,1596485096385,1596485096572,186
aws,aws_storage_reads,false,200,1596485096572,1596485096769,196
aws,aws_storage_reads,false,200,1596485096769,1596485096977,207
aws,aws_storage_reads,false,200,1596485096977,1596485097175,197
aws,aws_storage_reads,false,200,1596485097175,1596485097311,135
aws,aws_storage_reads,false,200,1596485097311,1596485097526,214
aws,aws_storage_reads,false,200,1596485097526,1596485097644,117
aws,aws_storage_reads,false,200,1596485097644,1596485097841,196
aws,aws_storage_reads,false,200,1596485097841,1596485098031,189
aws,aws_storage_reads,false,200,1596485098031,1596485098225,193
aws,aws_storage_reads,false,200,1596485098225,1596485098424,198
aws,aws_storage_reads,false,200,1596485098424,1596485098605,180
aws,aws_storage_reads,false,200,1596485098605,1596485098798,192
aws,aws_storage_reads,false,200,1596485098798,1596485098966,167
aws,aws_storage_reads,false,200,1596485098966,1596485099104,138
aws,aws_storage_reads,false,200,1596485099104,1596485099305,200
aws,aws_storage_reads,false,200,1596485099305,1596485099445,139
aws,aws_storage_reads,false,200,1596485099445,1596485099620,174
aws,aws_storage_reads,false,200,1596485099620,1596485099817,196
aws,aws_storage_reads,false,200,1596485099817,1596485099864,46
aws,aws_storage_reads,false,200,1596485099864,1596485100062,197
aws,aws_storage_reads,false,200,1596485100062,1596485100264,201
aws,aws_storage_reads,false,200,1596485100264,1596485100608,343
aws,aws_storage_reads,false,200,1596485100608,1596485100831,223
aws,aws_storage_reads,false,200,1596485100831,1596485101004,172
aws,aws_storage_reads,false,200,1596485101004,1596485101217,212
aws,aws_storage_reads,false,200,1596485101217,1596485101426,208
aws,aws_storage_reads,false,200,1596485101426,1596485101614,187
aws,aws_storage_reads,false,200,1596485101614,1596485101799,184
aws,aws_storage_reads,false,200,1596485101799,1596485101950,151
aws,aws_storage_reads,false,200,1596485101950,1596485102100,149
aws,aws_storage_reads,false,200,1596485102100,1596485102304,203
aws,aws_storage_reads,false,200,1596485102304,1596485102513,208
aws,aws_storage_reads,false,200,1596485102513,1596485102677,163
aws,aws_storage_reads,false,200,1596485102677,1596485102884,206
aws,aws_storage_reads,false,200,1596485102884,1596485103195,310
aws,aws_storage_reads,false,200,1596485103195,1596485103390,195
aws,aws_storage_reads,false,200,1596485103390,1596485103588,197
aws,aws_storage_reads,false,200,1596485103588,1596485103716,127
aws,aws_storage_reads,false,200,1596485103716,1596485103902,185
aws,aws_storage_reads,false,200,1596485103902,1596485104050,147
aws,aws_storage_reads,false,200,1596485104050,1596485104241,190
aws,aws_storage_reads,false,200,1596485104241,1596485104443,201
aws,aws_storage_reads,false,200,1596485104443,1596485104709,265
aws,aws_storage_reads,false,200,1596485104709,1596485104944,234
aws,aws_storage_reads,false,200,1596485104944,1596485105169,224
aws,aws_storage_reads,false,200,1596485105169,1596485105385,215
aws,aws_storage_reads,false,200,1596485105385,1596485105596,210
aws,aws_storage_reads,false,200,1596485105596,1596485105783,187
aws,aws_storage_reads,false,200,1596485105783,1596485105964,180
aws,aws_storage_reads,false,200,1596485105964,1596485106170,205
aws,aws_storage_reads,false,200,1596485106170,1596485106410,239
aws,aws_storage_reads,false,200,1596485106410,1596485106603,192
aws,aws_storage_reads,false,200,1596485106603,1596485106788,184
aws,aws_storage_reads,false,200,1596485106788,1596485106992,203
aws,aws_storage_reads,false,200,1596485106992,1596485107211,218
aws,aws_storage_reads,false,200,1596485107211,1596485107396,184
aws,aws_storage_reads,false,200,1596485107396,1596485107537,140
aws,aws_storage_reads,false,200,1596485107537,1596485107688,150
aws,aws_storage_reads,false,200,1596485107688,1596485107884,195
aws,aws_storage_reads,false,200,1596485107884,1596485108102,217
aws,aws_storage_reads,false,200,1596485108102,1596485108313,210
aws,aws_storage_reads,false,200,1596485108313,1596485108511,197
aws,aws_storage_reads,false,200,1596485108511,1596485108702,190
aws,aws_storage_reads,false,200,1596485108702,1596485108968,265
aws,aws_storage_reads,false,200,1596485108968,1596485109112,143
aws,aws_storage_reads,false,200,1596485109112,1596485109294,181
aws,aws_storage_reads,false,200,1596485109294,1596485109642,347
aws,aws_storage_reads,false,200,1596485109642,1596485109851,208
aws,aws_storage_reads,false,200,1596485109851,1596485110255,403
aws,aws_storage_reads,false,200,1596485110255,1596485110435,180
aws,aws_storage_reads,false,200,1596485110435,1596485110675,239
aws,aws_storage_reads,false,200,1596485110675,1596485110885,209
aws,aws_storage_reads,false,200,1596485110885,1596485111070,184
aws,aws_storage_reads,false,200,1596485111070,1596485111285,214
aws,aws_storage_reads,false,200,1596485111285,1596485111431,145
aws,aws_storage_reads,false,200,1596485111431,1596485111659,227
aws,aws_storage_reads,false,200,1596485111659,1596485111845,185
aws,aws_storage_reads,false,200,1596485111845,1596485114038,2192
aws,aws_storage_reads,false,200,1596485114038,1596485114243,204
aws,aws_storage_reads,false,200,1596485114243,1596485114439,195
aws,aws_storage_reads,false,200,1596485114439,1596485114645,205
aws,aws_storage_reads,false,200,1596485114645,1596485115060,414
aws,aws_storage_reads,false,200,1596485115060,1596485115240,179
aws,aws_storage_reads,false,200,1596485115240,1596485117442,2201
aws,aws_storage_reads,false,200,1596485117442,1596485117657,214
aws,aws_storage_reads,false,200,1596485117657,1596485117834,176
aws,aws_storage_reads,false,200,1596485117834,1596485118012,177
aws,aws_storage_reads,false,200,1596485118012,1596485118227,214
aws,aws_storage_reads,false,200,1596485118227,1596485118279,51
aws,aws_storage_reads,false,200,1596485118279,1596485118498,218
aws,aws_storage_reads,false,200,1596485118498,1596485118649,150
aws,aws_storage_reads,false,200,1596485118649,1596485118857,207
aws,aws_storage_reads,false,200,1596485118857,1596485119053,195
aws,aws_storage_reads,false,200,1596485119053,1596485119296,242
aws,aws_storage_reads,false,200,1596485119296,1596485119456,159
aws,aws_storage_reads,false,200,1596485119456,1596485119608,151
aws,aws_storage_reads,false,200,1596485119608,1596485119831,222
aws,aws_storage_reads,false,200,1596485119831,1596485120037,205
aws,aws_storage_reads,false,200,1596485120037,1596485120202,164
aws,aws_storage_reads,false,200,1596485120202,1596485120373,170
aws,aws_storage_reads,false,200,1596485120373,1596485120571,197
aws,aws_storage_reads,false,200,1596485120571,1596485120803,231
aws,aws_storage_reads,false,200,1596485120803,1596485120994,190
aws,aws_storage_reads,false,200,1596485120994,1596485121219,224
aws,aws_storage_reads,false,200,1596485121219,1596485121440,220
aws,aws_storage_reads,false,200,1596485121440,1596485121671,230
aws,aws_storage_reads,false,200,1596485121671,1596485121885,213
aws,aws_storage_reads,false,200,1596485121885,1596485122082,196
aws,aws_storage_reads,false,200,1596485122082,1596485122261,178
aws,aws_storage_reads,false,200,1596485122261,1596485122450,188
aws,aws_storage_reads,false,200,1596485122450,1596485122651,200
aws,aws_storage_reads,false,200,1596485122651,1596485122886,234
aws,aws_storage_reads,false,200,1596485122886,1596485123060,173
aws,aws_storage_reads,false,200,1596485123060,1596485123259,198
aws,aws_storage_reads,false,200,1596485123259,1596485123454,194
aws,aws_storage_reads,false,200,1596485123454,1596485123633,178
aws,aws_storage_reads,false,200,1596485123633,1596485123852,218
aws,aws_storage_reads,false,200,1596485123852,1596485123986,134
aws,aws_storage_reads,false,200,1596485123986,1596485124169,182
aws,aws_storage_reads,false,200,1596485124169,1596485124302,132
aws,aws_storage_reads,false,200,1596485124302,1596485124515,212
aws,aws_storage_reads,false,200,1596485124515,1596485124741,225
aws,aws_storage_reads,false,200,1596485124741,1596485124932,190
aws,aws_storage_reads,false,200,1596485124932,1596485125147,214
aws,aws_storage_reads,false,200,1596485125147,1596485125361,213
aws,aws_storage_reads,false,200,1596485125361,1596485125557,195
aws,aws_storage_reads,false,200,1596485125557,1596485125746,188
aws,aws_storage_reads,false,200,1596485125746,1596485125943,196
aws,aws_storage_reads,false,200,1596485125943,1596485126158,214
aws,aws_storage_reads,false,200,1596485126158,1596485126366,207
aws,aws_storage_reads,false,200,1596485126366,1596485126566,199
aws,aws_storage_reads,false,200,1596485126566,1596485126736,169
aws,aws_storage_reads,false,200,1596485126736,1596485126878,141
aws,aws_storage_reads,false,200,1596485126878,1596485127058,179
aws,aws_storage_reads,false,200,1596485127058,1596485127214,155
aws,aws_storage_reads,false,200,1596485127214,1596485127420,205
aws,aws_storage_reads,false,200,1596485127420,1596485127629,208
aws,aws_storage_reads,false,200,1596485127629,1596485127833,203
aws,aws_storage_reads,false,200,1596485127833,1596485128018,184
aws,aws_storage_reads,false,200,1596485128018,1596485128198,180
aws,aws_storage_reads,false,200,1596485128198,1596485128404,205
aws,aws_storage_reads,false,200,1596485128404,1596485128577,172
aws,aws_storage_reads,false,200,1596485128577,1596485128736,158
aws,aws_storage_reads,false,200,1596485128736,1596485128990,253
aws,aws_storage_reads,false,200,1596485128990,1596485129191,200
aws,aws_storage_reads,false,200,1596485129191,1596485129412,220
aws,aws_storage_reads,false,200,1596485129412,1596485129620,207
aws,aws_storage_reads,false,200,1596485129620,1596485129815,194
aws,aws_storage_reads,false,200,1596485129815,1596485130013,197
aws,aws_storage_reads,false,200,1596485130013,1596485130224,210
aws,aws_storage_reads,false,200,1596485130224,1596485130423,198
aws,aws_storage_reads,false,200,1596485130423,1596485130602,179
aws,aws_storage_reads,false,200,1596485130602,1596485130817,214
aws,aws_storage_reads,false,200,1596485130817,1596485131026,208
aws,aws_storage_reads,false,200,1596485131026,1596485131239,212
aws,aws_storage_reads,false,200,1596485131239,1596485131432,192
aws,aws_storage_reads,false,200,1596485131432,1596485131619,186
aws,aws_storage_reads,false,200,1596485131619,1596485131799,179
aws,aws_storage_reads,false,200,1596485131799,1596485131934,134
aws,aws_storage_reads,false,200,1596485131934,1596485132139,204
aws,aws_storage_reads,false,200,1596485132139,1596485132272,132
aws,aws_storage_reads,false,200,1596485132272,1596485132418,145
aws,aws_storage_reads,false,200,1596485132418,1596485132788,369
aws,aws_storage_reads,false,200,1596485132788,1596485132974,185
aws,aws_storage_reads,false,200,1596485132974,1596485133385,410
aws,aws_storage_reads,false,200,1596485133385,1596485133544,158
aws,aws_storage_reads,false,200,1596485133544,1596485133754,209
aws,aws_storage_reads,false,200,1596485133754,1596485133992,237