aws,aws_s3_reads,false,200,1596280956558,1596280956890,332
aws,aws_s3_reads,false,200,1596280956891,1596280957046,155
aws,aws_s3_reads,false,200,1596280957046,1596280957233,187
aws,aws_s3_reads,false,200,1596280957234,1596280957387,153
aws,aws_s3_reads,false,200,1596280957387,1596280957572,185
aws,aws_s3_reads,false,200,1596280957572,1596280957735,163
aws,aws_s3_reads,false,200,1596280957735,1596280957894,159
aws,aws_s3_reads,false,200,1596280957894,1596280958043,149
aws,aws_s3_reads,false,200,1596280958043,1596280958212,169
aws,aws_s3_reads,false,200,1596280958213,1596280958409,196
aws,aws_s3_reads,false,200,1596280958409,1596280958553,144
aws,aws_s3_reads,false,200,1596280958553,1596280958704,151
aws,aws_s3_reads,false,200,1596280958705,1596280958860,155
aws,aws_s3_reads,false,200,1596280958860,1596280959036,176
aws,aws_s3_reads,false,200,1596280959036,1596280959195,159
aws,aws_s3_reads,false,200,1596280959196,1596280959356,160
aws,aws_s3_reads,false,200,1596280959356,1596280959496,140
aws,aws_s3_reads,false,200,1596280959497,1596280959644,147
aws,aws_s3_reads,false,200,1596280959645,1596280959822,177
aws,aws_s3_reads,false,200,1596280959822,1596280959971,149
aws,aws_s3_reads,false,200,1596280959971,1596280960120,149
aws,aws_s3_reads,false,200,1596280960120,1596280960297,177
aws,aws_s3_reads,false,200,1596280960297,1596280960454,157
aws,aws_s3_reads,false,200,1596280960454,1596280960627,173
aws,aws_s3_reads,false,200,1596280960627,1596280960801,174
aws,aws_s3_reads,false,200,1596280960802,1596280960967,165
aws,aws_s3_reads,false,200,1596280960968,1596280961126,158
aws,aws_s3_reads,false,200,1596280961126,1596280961299,173
aws,aws_s3_reads,false,200,1596280961299,1596280961448,149
aws,aws_s3_reads,false,200,1596280961448,1596280961597,149
aws,aws_s3_reads,false,200,1596280961597,1596280961778,181
aws,aws_s3_reads,false,200,1596280961778,1596280961938,160
aws,aws_s3_reads,false,200,1596280961938,1596280962111,173
aws,aws_s3_reads,false,200,1596280962111,1596280962255,144
aws,aws_s3_reads,false,200,1596280962255,1596280962434,179
aws,aws_s3_reads,false,200,1596280962434,1596280962595,161
aws,aws_s3_reads,false,200,1596280962595,1596280962788,193
aws,aws_s3_reads,false,200,1596280962788,1596280962933,145
aws,aws_s3_reads,false,200,1596280962933,1596280963216,283
aws,aws_s3_reads,false,200,1596280963216,1596280963451,235
aws,aws_s3_reads,false,200,1596280963451,1596280963600,149
aws,aws_s3_reads,false,200,1596280963600,1596280963769,169
aws,aws_s3_reads,false,200,1596280963770,1596280963912,142
aws,aws_s3_reads,false,200,1596280963912,1596280964078,166
aws,aws_s3_reads,false,200,1596280964079,1596280964238,159
aws,aws_s3_reads,false,200,1596280964238,1596280964430,192
aws,aws_s3_reads,false,200,1596280964430,1596280964635,205
aws,aws_s3_reads,false,200,1596280964635,1596280964805,170
aws,aws_s3_reads,false,200,1596280964805,1596280964964,159
aws,aws_s3_reads,false,200,1596280964964,1596280965153,189
aws,aws_s3_reads,false,200,1596280965155,1596280965340,185
aws,aws_s3_reads,false,200,1596280965341,1596280965494,153
aws,aws_s3_reads,false,200,1596280965494,1596280965642,148
aws,aws_s3_reads,false,200,1596280965642,1596280965815,173
aws,aws_s3_reads,false,200,1596280965815,1596280965992,177
aws,aws_s3_reads,false,200,1596280965992,1596280966195,203
aws,aws_s3_reads,false,200,1596280966196,1596280966373,177
aws,aws_s3_reads,false,200,1596280966373,1596280966539,166
aws,aws_s3_reads,false,200,1596280966539,1596280966732,193
aws,aws_s3_reads,false,200,1596280966733,1596280966946,213
aws,aws_s3_reads,false,200,1596280966946,1596280967210,264
aws,aws_s3_reads,false,200,1596280967210,1596280967397,187
aws,aws_s3_reads,false,200,1596280967397,1596280967612,215
aws,aws_s3_reads,false,200,1596280967612,1596280967808,196
aws,aws_s3_reads,false,200,1596280967808,1596280968003,195
aws,aws_s3_reads,false,200,1596280968003,1596280968185,182
aws,aws_s3_reads,false,200,1596280968185,1596280968452,267
aws,aws_s3_reads,false,200,1596280968452,1596280968713,261
aws,aws_s3_reads,false,200,1596280968713,1596280968910,197
aws,aws_s3_reads,false,200,1596280968910,1596280969325,415
aws,aws_s3_reads,false,200,1596280969326,1596280969565,239
aws,aws_s3_reads,false,200,1596280969565,1596280969934,369
aws,aws_s3_reads,false,200,1596280969935,1596280970104,169
aws,aws_s3_reads,false,200,1596280970104,1596280970264,160
aws,aws_s3_reads,false,200,1596280970264,1596280970425,161
aws,aws_s3_reads,false,200,1596280970425,1596280970605,180
aws,aws_s3_reads,false,200,1596280970605,1596280970757,152
aws,aws_s3_reads,false,200,1596280970757,1596280970941,184
aws,aws_s3_reads,false,200,1596280970941,1596280971256,315
aws,aws_s3_reads,false,200,1596280971256,1596280971476,220
aws,aws_s3_reads,false,200,1596280971476,1596280971636,160
aws,aws_s3_reads,false,200,1596280971636,1596280971793,157
aws,aws_s3_reads,false,200,1596280971793,1596280971941,148
aws,aws_s3_reads,false,200,1596280971941,1596280972112,171
aws,aws_s3_reads,false,200,1596280972112,1596280972262,150
aws,aws_s3_reads,false,200,1596280972262,1596280972415,153
aws,aws_s3_reads,false,200,1596280972415,1596280972573,158
aws,aws_s3_reads,false,200,1596280972574,1596280972718,144
aws,aws_s3_reads,false,200,1596280972719,1596280972946,227
aws,aws_s3_reads,false,200,1596280972947,1596280973200,253
aws,aws_s3_reads,false,200,1596280973201,1596280973376,175
aws,aws_s3_reads,false,200,1596280973377,1596280973576,199
aws,aws_s3_reads,false,200,1596280973577,1596280973778,201
aws,aws_s3_reads,false,200,1596280973778,1596280973967,189
aws,aws_s3_reads,false,200,1596280973967,1596280974113,146
aws,aws_s3_reads,false,200,1596280974114,1596280974357,243
aws,aws_s3_reads,false,200,1596280974357,1596280974507,150
aws,aws_s3_reads,false,200,1596280974507,1596280974664,157
aws,aws_s3_reads,false,200,1596280974665,1596280974829,164
aws,aws_s3_reads,false,200,1596280974830,1596280975037,207
aws,aws_s3_reads,false,200,1596280975037,1596280975215,178
aws,aws_s3_reads,false,200,1596280975216,1596280975376,160
aws,aws_s3_reads,false,200,1596280975376,1596280975542,166
aws,aws_s3_reads,false,200,1596280975542,1596280975711,169
aws,aws_s3_reads,false,200,1596280975711,1596280975862,151
aws,aws_s3_reads,false,200,1596280975862,1596280976024,162
aws,aws_s3_reads,false,200,1596280976024,1596280976213,189
aws,aws_s3_reads,false,200,1596280976214,1596280976382,168
aws,aws_s3_reads,false,200,1596280976382,1596280976552,170
aws,aws_s3_reads,false,200,1596280976552,1596280976713,161
aws,aws_s3_reads,false,200,1596280976713,1596280976870,157
aws,aws_s3_reads,false,200,1596280976870,1596280977019,149
aws,aws_s3_reads,false,200,1596280977019,1596280977174,155
aws,aws_s3_reads,false,200,1596280977175,1596280977335,160
aws,aws_s3_reads,false,200,1596280977335,1596280977503,168
aws,aws_s3_reads,false,200,1596280977503,1596280977728,225
aws,aws_s3_reads,false,200,1596280977728,1596280977880,152
aws,aws_s3_reads,false,200,1596280977881,1596280978036,155
aws,aws_s3_reads,false,200,1596280978036,1596280978225,189
aws,aws_s3_reads,false,200,1596280978225,1596280978391,166
aws,aws_s3_reads,false,200,1596280978391,1596280978550,159
aws,aws_s3_reads,false,200,1596280978550,1596280978706,156
aws,aws_s3_reads,false,200,1596280978707,1596280980574,1867
aws,aws_s3_reads,false,200,1596280980575,1596280980721,146
aws,aws_s3_reads,false,200,1596280980721,1596280980872,151
aws,aws_s3_reads,false,200,1596280980873,1596280981029,156
aws,aws_s3_reads,false,200,1596280981030,1596280981183,153
aws,aws_s3_reads,false,200,1596280981183,1596280981328,145
aws,aws_s3_reads,false,200,1596280981328,1596280981475,147
aws,aws_s3_reads,false,200,1596280981475,1596280981619,144
aws,aws_s3_reads,false,200,1596280981619,1596280981888,269
aws,aws_s3_reads,false,200,1596280981889,1596280982082,193
aws,aws_s3_reads,false,200,1596280982082,1596280982249,167
aws,aws_s3_reads,false,200,1596280982249,1596280982425,176
aws,aws_s3_reads,false,200,1596280982426,1596280982589,163
aws,aws_s3_reads,false,200,1596280982589,1596280982737,148
aws,aws_s3_reads,false,200,1596280982737,1596280982899,162
aws,aws_s3_reads,false,200,1596280982899,1596280983070,171
aws,aws_s3_reads,false,200,1596280983070,1596280983235,165
aws,aws_s3_reads,false,200,1596280983235,1596280983415,180
aws,aws_s3_reads,false,200,1596280983415,1596280983603,188
aws,aws_s3_reads,false,200,1596280983603,1596280983778,175
aws,aws_s3_reads,false,200,1596280983779,1596280983943,164
aws,aws_s3_reads,false,200,1596280983945,1596280984109,164
aws,aws_s3_reads,false,200,1596280984109,1596280984302,193
aws,aws_s3_reads,false,200,1596280984302,1596280984457,155
aws,aws_s3_reads,false,200,1596280984458,1596280984609,151
aws,aws_s3_reads,false,200,1596280984610,1596280984806,196
aws,aws_s3_reads,false,200,1596280984806,1596280984984,178
aws,aws_s3_reads,false,200,1596280984984,1596280985147,163
aws,aws_s3_reads,false,200,1596280985148,1596280985312,164
aws,aws_s3_reads,false,200,1596280985313,1596280985472,159
aws,aws_s3_reads,false,200,1596280985472,1596280985658,186
aws,aws_s3_reads,false,200,1596280985658,1596280985837,179
aws,aws_s3_reads,false,200,1596280985838,1596280986002,164
aws,aws_s3_reads,false,200,1596280986002,1596280986170,168
aws,aws_s3_reads,false,200,1596280986170,1596280986377,207
aws,aws_s3_reads,false,200,1596280986377,1596280986551,174
aws,aws_s3_reads,false,200,1596280986552,1596280986724,172
aws,aws_s3_reads,false,200,1596280986725,1596280986876,151
aws,aws_s3_reads,false,200,1596280986877,1596280987039,162
aws,aws_s3_reads,false,200,1596280987039,1596280987208,169
aws,aws_s3_reads,false,200,1596280987208,1596280987369,161
aws,aws_s3_reads,false,200,1596280987369,1596280987568,199
aws,aws_s3_reads,false,200,1596280987568,1596280987756,188
aws,aws_s3_reads,false,200,1596280987756,1596280987914,158
aws,aws_s3_reads,false,200,1596280987914,1596280988156,242
aws,aws_s3_reads,false,200,1596280988156,1596280988318,162
aws,aws_s3_reads,false,200,1596280988318,1596280988509,191
aws,aws_s3_reads,false,200,1596280988509,1596280988657,148
aws,aws_s3_reads,false,200,1596280988657,1596280988821,164
aws,aws_s3_reads,false,200,1596280988822,1596280988983,161
aws,aws_s3_reads,false,200,1596280988983,1596280989142,159
aws,aws_s3_reads,false,200,1596280989142,1596280989300,158
aws,aws_s3_reads,false,200,1596280989300,1596280989452,152
aws,aws_s3_reads,false,200,1596280989452,1596280989682,230
aws,aws_s3_reads,false,200,1596280989682,1596280989860,178
aws,aws_s3_reads,false,200,1596280989860,1596280990011,151
aws,aws_s3_reads,false,200,1596280990012,1596280990157,145
aws,aws_s3_reads,false,200,1596280990158,1596280990320,162
aws,aws_s3_reads,false,200,1596280990320,1596280990467,147
aws,aws_s3_reads,false,200,1596280990467,1596280990627,160
aws,aws_s3_reads,false,200,1596280990627,1596280990776,149
aws,aws_s3_reads,false,200,1596280990777,1596280990945,168
aws,aws_s3_reads,false,200,1596280990946,1596280991128,182
aws,aws_s3_reads,false,200,1596280991129,1596280991289,160
aws,aws_s3_reads,false,200,1596280991290,1596280991458,168
aws,aws_s3_reads,false,200,1596280991459,1596280991600,141
aws,aws_s3_reads,false,200,1596280991600,1596280991783,183
aws,aws_s3_reads,false,200,1596280991783,1596280991923,140
aws,aws_s3_reads,false,200,1596280991923,1596280992079,156
aws,aws_s3_reads,false,200,1596280992080,1596280992254,174
aws,aws_s3_reads,false,200,1596280992255,1596280992402,147
aws,aws_s3_reads,false,200,1596280992402,1596280992572,170
aws,aws_s3_reads,false,200,1596280992572,1596280992729,157
aws,aws_s3_reads,false,200,1596280992730,1596280992885,155
aws,aws_s3_reads,false,200,1596280992885,1596280993042,157
aws,aws_s3_reads,false,200,1596280993043,1596280993227,184
aws,aws_s3_reads,false,200,1596280993227,1596280993372,145
aws,aws_s3_reads,false,200,1596280993372,1596280993538,166
aws,aws_s3_reads,false,200,1596280993539,1596280993704,165
aws,aws_s3_reads,false,200,1596280993704,1596280993843,139
aws,aws_s3_reads,false,200,1596280993844,1596280994004,160
aws,aws_s3_reads,false,200,1596280994004,1596280994153,149
aws,aws_s3_reads,false,200,1596280994154,1596280994314,160
aws,aws_s3_reads,false,200,1596280994315,1596280994480,165
aws,aws_s3_reads,false,200,1596280994480,1596280994647,167
aws,aws_s3_reads,false,200,1596280994647,1596280994792,145
aws,aws_s3_reads,false,200,1596280994793,1596280994951,158
aws,aws_s3_reads,false,200,1596280994951,1596280995133,182
aws,aws_s3_reads,false,200,1596280995133,1596280995280,147
aws,aws_s3_reads,false,200,1596280995281,1596280995493,212
aws,aws_s3_reads,false,200,1596280995493,1596280995645,152
aws,aws_s3_reads,false,200,1596280995645,1596280995791,146
aws,aws_s3_reads,false,200,1596280995792,1596280995973,181
aws,aws_s3_reads,false,200,1596280995973,1596280996148,175
aws,aws_s3_reads,false,200,1596280996149,1596280996318,169
aws,aws_s3_reads,false,200,1596280996319,1596280996477,158
aws,aws_s3_reads,false,200,1596280996477,1596280996624,147
aws,aws_s3_reads,false,200,1596280996624,1596280996777,153
aws,aws_s3_reads,false,200,1596280996777,1596280996949,172
aws,aws_s3_reads,false,200,1596280996950,1596280997125,175
aws,aws_s3_reads,false,200,1596280997125,1596280997292,167
aws,aws_s3_reads,false,200,1596280997292,1596280997442,150
aws,aws_s3_reads,false,200,1596280997442,1596280997588,146
aws,aws_s3_reads,false,200,1596280997589,1596280997742,153
aws,aws_s3_reads,false,200,1596280997742,1596280997886,144
aws,aws_s3_reads,false,200,1596280997886,1596280998038,152
aws,aws_s3_reads,false,200,1596280998039,1596280998205,166
aws,aws_s3_reads,false,200,1596280998206,1596280998358,152
aws,aws_s3_reads,false,200,1596280998358,1596280998512,154
aws,aws_s3_reads,false,200,1596280998512,1596280998668,156
aws,aws_s3_reads,false,200,1596280998669,1596280998807,138
aws,aws_s3_reads,false,200,1596280998808,1596280998966,158
aws,aws_s3_reads,false,200,1596280998966,1596280999111,145
aws,aws_s3_reads,false,200,1596280999112,1596280999277,165
aws,aws_s3_reads,false,200,1596280999277,1596280999550,273
aws,aws_s3_reads,false,200,1596280999550,1596280999703,153
aws,aws_s3_reads,false,200,1596280999704,1596280999866,162
aws,aws_s3_reads,false,200,1596280999867,1596281000034,167
aws,aws_s3_reads,false,200,1596281000034,1596281000191,157
aws,aws_s3_reads,false,200,1596281000191,1596281000338,147
aws,aws_s3_reads,false,200,1596281000338,1596281000495,157
aws,aws_s3_reads,false,200,1596281000495,1596281000670,175
aws,aws_s3_reads,false,200,1596281000670,1596281000834,164
aws,aws_s3_reads,false,200,1596281000834,1596281000996,162
aws,aws_s3_reads,false,200,1596281000996,1596281001150,154
aws,aws_s3_reads,false,200,1596281001150,1596281001461,311
aws,aws_s3_reads,false,200,1596281001461,1596281001652,191
aws,aws_s3_reads,false,200,1596281001653,1596281001810,157
aws,aws_s3_reads,false,200,1596281001811,1596281001959,148
aws,aws_s3_reads,false,200,1596281001959,1596281002135,176
aws,aws_s3_reads,false,200,1596281002135,1596281002312,177
aws,aws_s3_reads,false,200,1596281002312,1596281002453,141
aws,aws_s3_reads,false,200,1596281002453,1596281002612,159
aws,aws_s3_reads,false,200,1596281002612,1596281002776,164
aws,aws_s3_reads,false,200,1596281002776,1596281002944,168
aws,aws_s3_reads,false,200,1596281002944,1596281003100,156
aws,aws_s3_reads,false,200,1596281003100,1596281003379,279
aws,aws_s3_reads,false,200,1596281003379,1596281003545,166
aws,aws_s3_reads,false,200,1596281003545,1596281003708,163
aws,aws_s3_reads,false,200,1596281003709,1596281003876,167
aws,aws_s3_reads,false,200,1596281003876,1596281004034,158
aws,aws_s3_reads,false,200,1596281004034,1596281004184,150
aws,aws_s3_reads,false,200,1596281004184,1596281004362,178
aws,aws_s3_reads,false,200,1596281004362,1596281004543,181
aws,aws_s3_reads,false,200,1596281004544,1596281004758,214
aws,aws_s3_reads,false,200,1596281004758,1596281004971,213
aws,aws_s3_reads,false,200,1596281004971,1596281006234,1263
aws,aws_s3_reads,false,200,1596281006234,1596281006395,161
aws,aws_s3_reads,false,200,1596281006395,1596281007425,1030
aws,aws_s3_reads,false,200,1596281007425,1596281007582,157
aws,aws_s3_reads,false,200,1596281007583,1596281007746,163
aws,aws_s3_reads,false,200,1596281007746,1596281007897,151
aws,aws_s3_reads,false,200,1596281007897,1596281008056,159
aws,aws_s3_reads,false,200,1596281008056,1596281008215,159
aws,aws_s3_reads,false,200,1596281008216,1596281008394,178
aws,aws_s3_reads,false,200,1596281008394,1596281008555,161
aws,aws_s3_reads,false,200,1596281008555,1596281008711,156
aws,aws_s3_reads,false,200,1596281008711,1596281008864,153
aws,aws_s3_reads,false,200,1596281008864,1596281009018,154
aws,aws_s3_reads,false,200,1596281009018,1596281009213,195
aws,aws_s3_reads,false,200,1596281009213,1596281009444,231
aws,aws_s3_reads,false,200,1596281009444,1596281009609,165
aws,aws_s3_reads,false,200,1596281009610,1596281009746,136
aws,aws_s3_reads,false,200,1596281009746,1596281009922,176
aws,aws_s3_reads,false,200,1596281009922,1596281011102,1180
aws,aws_s3_reads,false,200,1596281011103,1596281011336,233
aws,aws_s3_reads,false,200,1596281011337,1596281011510,173
aws,aws_s3_reads,false,200,1596281011510,1596281011701,191
aws,aws_s3_reads,false,200,1596281011701,1596281011878,177
aws,aws_s3_reads,false,200,1596281011878,1596281012048,170
aws,aws_s3_reads,false,200,1596281012048,1596281012193,145
aws,aws_s3_reads,false,200,1596281012193,1596281012348,155
aws,aws_s3_reads,false,200,1596281012348,1596281012510,162
aws,aws_s3_reads,false,200,1596281012511,1596281012649,138
aws,aws_s3_reads,false,200,1596281012649,1596281012790,141
aws,aws_s3_reads,false,200,1596281012791,1596281012947,156
aws,aws_s3_reads,false,200,1596281012948,1596281013104,156
aws,aws_s3_reads,false,200,1596281013104,1596281013283,179
aws,aws_s3_reads,false,200,1596281013284,1596281013448,164
aws,aws_s3_reads,false,200,1596281013448,1596281013641,193
aws,aws_s3_reads,false,200,1596281013642,1596281013858,216
aws,aws_s3_reads,false,200,1596281013858,1596281014011,153
aws,aws_s3_reads,false,200,1596281014011,1596281014168,157
aws,aws_s3_reads,false,200,1596281014168,1596281014451,283
aws,aws_s3_reads,false,200,1596281014452,1596281014612,160
aws,aws_s3_reads,false,200,1596281014613,1596281014926,313
aws,aws_s3_reads,false,200,1596281014926,1596281015145,219
aws,aws_s3_reads,false,200,1596281015145,1596281015306,161
aws,aws_s3_reads,false,200,1596281015307,1596281015529,222
aws,aws_s3_reads,false,200,1596281015530,1596281015689,159
aws,aws_s3_reads,false,200,1596281015690,1596281015873,183
aws,aws_s3_reads,false,200,1596281015873,1596281016033,160
aws,aws_s3_reads,false,200,1596281016033,1596281016217,184
aws,aws_s3_reads,false,200,1596281016217,1596281016370,153
aws,aws_s3_reads,false,200,1596281016370,1596281016538,168
aws,aws_s3_reads,false,200,1596281016539,1596281016681,142
aws,aws_s3_reads,false,200,1596281016681,1596281016928,247
aws,aws_s3_reads,false,200,1596281016928,1596281017081,153
aws,aws_s3_reads,false,200,1596281017082,1596281017264,182
aws,aws_s3_reads,false,200,1596281017264,1596281017456,192
aws,aws_s3_reads,false,200,1596281017456,1596281017612,156
aws,aws_s3_reads,false,200,1596281017612,1596281017794,182
aws,aws_s3_reads,false,200,1596281017803,1596281018009,206
aws,aws_s3_reads,false,200,1596281018009,1596281018171,162
aws,aws_s3_reads,false,200,1596281018172,1596281018341,169
aws,aws_s3_reads,false,200,1596281018341,1596281018520,179
aws,aws_s3_reads,false,200,1596281018520,1596281018717,197
aws,aws_s3_reads,false,200,1596281018717,1596281018877,160
aws,aws_s3_reads,false,200,1596281018877,1596281019032,155
aws,aws_s3_reads,false,200,1596281019032,1596281019226,194
aws,aws_s3_reads,false,200,1596281019226,1596281019372,146
aws,aws_s3_reads,false,200,1596281019372,1596281019554,182
aws,aws_s3_reads,false,200,1596281019554,1596281019735,181
aws,aws_s3_reads,false,200,1596281019736,1596281019887,151
aws,aws_s3_reads,false,200,1596281019887,1596281020062,175
aws,aws_s3_reads,false,200,1596281020062,1596281020213,151
aws,aws_s3_reads,false,200,1596281020213,1596281020372,159
aws,aws_s3_reads,false,200,1596281020373,1596281020554,181
aws,aws_s3_reads,false,200,1596281020555,1596281020745,190
aws,aws_s3_reads,false,200,1596281020764,1596281020931,167
aws,aws_s3_reads,false,200,1596281020931,1596281021096,165
aws,aws_s3_reads,false,200,1596281021096,1596281021261,165
aws,aws_s3_reads,false,200,1596281021261,1596281021441,180
aws,aws_s3_reads,false,200,1596281021441,1596281021627,186
aws,aws_s3_reads,false,200,1596281021627,1596281021943,316
aws,aws_s3_reads,false,200,1596281021944,1596281022103,159
aws,aws_s3_reads,false,200,1596281022104,1596281022263,159
aws,aws_s3_reads,false,200,1596281022263,1596281022449,186
aws,aws_s3_reads,false,200,1596281022449,1596281022601,152
aws,aws_s3_reads,false,200,1596281022601,1596281022758,157
aws,aws_s3_reads,false,200,1596281022758,1596281022920,162
aws,aws_s3_reads,false,200,1596281022920,1596281023065,145
aws,aws_s3_reads,false,200,1596281023065,1596281023221,156
aws,aws_s3_reads,false,200,1596281023221,1596281023377,156
aws,aws_s3_reads,false,200,1596281023378,1596281023526,148
aws,aws_s3_reads,false,200,1596281023527,1596281023683,156
aws,aws_s3_reads,false,200,1596281023683,1596281023831,148
aws,aws_s3_reads,false,200,1596281023832,1596281023981,149
aws,aws_s3_reads,false,200,1596281023981,1596281024123,142
aws,aws_s3_reads,false,200,1596281024123,1596281024298,175
aws,aws_s3_reads,false,200,1596281024298,1596281024472,174
aws,aws_s3_reads,false,200,1596281024472,1596281024624,152
aws,aws_s3_reads,false,200,1596281024624,1596281024774,150
aws,aws_s3_reads,false,200,1596281024774,1596281024929,155
aws,aws_s3_reads,false,200,1596281024929,1596281025092,163
aws,aws_s3_reads,false,200,1596281025092,1596281025265,173
aws,aws_s3_reads,false,200,1596281025265,1596281025412,147
aws,aws_s3_reads,false,200,1596281025412,1596281025610,198
aws,aws_s3_reads,false,200,1596281025610,1596281025838,228
aws,aws_s3_reads,false,200,1596281025838,1596281026016,178
aws,aws_s3_reads,false,200,1596281026016,1596281026172,156
aws,aws_s3_reads,false,200,1596281026173,1596281026351,178
aws,aws_s3_reads,false,200,1596281026351,1596281026521,170
aws,aws_s3_reads,false,200,1596281026521,1596281026700,179
aws,aws_s3_reads,false,200,1596281026700,1596281026872,172
aws,aws_s3_reads,false,200,1596281026872,1596281027018,146
aws,aws_s3_reads,false,200,1596281027018,1596281027173,155
aws,aws_s3_reads,false,200,1596281027174,1596281027374,200
aws,aws_s3_reads,false,200,1596281027375,1596281027521,146
aws,aws_s3_reads,false,200,1596281027521,1596281027702,181
aws,aws_s3_reads,false,200,1596281027703,1596281027880,177
aws,aws_s3_reads,false,200,1596281027880,1596281028051,171
aws,aws_s3_reads,false,200,1596281028051,1596281028197,146
aws,aws_s3_reads,false,200,1596281028198,1596281028370,172
aws,aws_s3_reads,false,200,1596281028371,1596281028530,159
aws,aws_s3_reads,false,200,1596281028530,1596281028688,158
aws,aws_s3_reads,false,200,1596281028689,1596281028880,191
aws,aws_s3_reads,false,200,1596281028880,1596281029016,136
aws,aws_s3_reads,false,200,1596281029016,1596281029204,188
aws,aws_s3_reads,false,200,1596281029204,1596281029398,194
aws,aws_s3_reads,false,200,1596281029398,1596281029669,271
aws,aws_s3_reads,false,200,1596281029670,1596281029831,161
aws,aws_s3_reads,false,200,1596281029831,1596281029982,151
aws,aws_s3_reads,false,200,1596281029982,1596281030134,152
aws,aws_s3_reads,false,200,1596281030134,1596281030284,150
aws,aws_s3_reads,false,200,1596281030284,1596281030739,455
aws,aws_s3_reads,false,200,1596281030739,1596281030943,204
aws,aws_s3_reads,false,200,1596281030943,1596281031083,140
aws,aws_s3_reads,false,200,1596281031084,1596281031240,156
aws,aws_s3_reads,false,200,1596281031240,1596281031397,157
aws,aws_s3_reads,false,200,1596281031397,1596281031556,159
aws,aws_s3_reads,false,200,1596281031557,1596281031720,163
aws,aws_s3_reads,false,200,1596281031720,1596281031933,213
aws,aws_s3_reads,false,200,1596281031933,1596281032122,189
aws,aws_s3_reads,false,200,1596281032122,1596281032311,189
aws,aws_s3_reads,false,200,1596281032311,1596281032469,158
aws,aws_s3_reads,false,200,1596281032469,1596281032639,170
aws,aws_s3_reads,false,200,1596281032639,1596281032779,140
aws,aws_s3_reads,false,200,1596281032780,1596281032909,129
aws,aws_s3_reads,false,200,1596281032910,1596281033077,167
aws,aws_s3_reads,false,200,1596281033078,1596281033254,176
aws,aws_s3_reads,false,200,1596281033255,1596281033451,196
aws,aws_s3_reads,false,200,1596281033451,1596281033648,197
aws,aws_s3_reads,false,200,1596281033648,1596281033829,181
aws,aws_s3_reads,false,200,1596281033830,1596281033987,157
aws,aws_s3_reads,false,200,1596281033987,1596281034162,175
aws,aws_s3_reads,false,200,1596281034163,1596281034325,162
aws,aws_s3_reads,false,200,1596281034325,1596281034518,193
aws,aws_s3_reads,false,200,1596281034518,1596281034684,166
aws,aws_s3_reads,false,200,1596281034684,1596281034841,157
aws,aws_s3_reads,false,200,1596281034842,1596281035072,230
aws,aws_s3_reads,false,200,1596281035073,1596281035237,164
aws,aws_s3_reads,false,200,1596281035238,1596281035515,277
aws,aws_s3_reads,false,200,1596281035515,1596281035687,172
aws,aws_s3_reads,false,200,1596281035688,1596281035852,164
aws,aws_s3_reads,false,200,1596281035853,1596281036012,159
aws,aws_s3_reads,false,200,1596281036012,1596281036177,165
aws,aws_s3_reads,false,200,1596281036178,1596281036340,162
aws,aws_s3_reads,false,200,1596281036340,1596281036510,170
aws,aws_s3_reads,false,200,1596281036510,1596281036694,184
aws,aws_s3_reads,false,200,1596281036694,1596281037017,323
aws,aws_s3_reads,false,200,1596281037017,1596281037195,178
aws,aws_s3_reads,false,200,1596281037196,1596281037373,177
aws,aws_s3_reads,false,200,1596281037374,1596281037556,182
aws,aws_s3_reads,false,200,1596281037556,1596281037706,150
aws,aws_s3_reads,false,200,1596281037706,1596281037873,167
aws,aws_s3_reads,false,200,1596281037874,1596281038027,153
aws,aws_s3_reads,false,200,1596281038027,1596281038182,155
aws,aws_s3_reads,false,200,1596281038182,1596281038340,158
aws,aws_s3_reads,false,200,1596281038340,1596281038494,154
aws,aws_s3_reads,false,200,1596281038494,1596281038638,144
aws,aws_s3_reads,false,200,1596281038639,1596281038792,153
aws,aws_s3_reads,false,200,1596281038792,1596281038945,153
aws,aws_s3_reads,false,200,1596281038945,1596281042428,3483
aws,aws_s3_reads,false,200,1596281042429,1596281042783,354
aws,aws_s3_reads,false,200,1596281042783,1596281043114,331
aws,aws_s3_reads,false,200,1596281043114,1596281043471,357
aws,aws_s3_reads,false,200,1596281043471,1596281043831,360
aws,aws_s3_reads,false,200,1596281043831,1596281044092,261
aws,aws_s3_reads,false,200,1596281044092,1596281044269,177
aws,aws_s3_reads,false,200,1596281044269,1596281044454,185
aws,aws_s3_reads,false,200,1596281044454,1596281044607,153
aws,aws_s3_reads,false,200,1596281044607,1596281044758,151
aws,aws_s3_reads,false,200,1596281044758,1596281044909,151
aws,aws_s3_reads,false,200,1596281044910,1596281045065,155
aws,aws_s3_reads,false,200,1596281045065,1596281045212,147
aws,aws_s3_reads,false,200,1596281045212,1596281045362,150
aws,aws_s3_reads,false,200,1596281045362,1596281045541,179
aws,aws_s3_reads,false,200,1596281045541,1596281045701,160
aws,aws_s3_reads,false,200,1596281045701,1596281045870,169
aws,aws_s3_reads,false,200,1596281045870,1596281046021,151
aws,aws_s3_reads,false,200,1596281046022,1596281046180,158
aws,aws_s3_reads,false,200,1596281046180,1596281046337,157
aws,aws_s3_reads,false,200,1596281046338,1596281046476,138
aws,aws_s3_reads,false,200,1596281046476,1596281046652,176
aws,aws_s3_reads,false,200,1596281046652,1596281046798,146
aws,aws_s3_reads,false,200,1596281046798,1596281046954,156
aws,aws_s3_reads,false,200,1596281046954,1596281047189,235
aws,aws_s3_reads,false,200,1596281047189,1596281047358,169
aws,aws_s3_reads,false,200,1596281047358,1596281047524,166
aws,aws_s3_reads,false,200,1596281047524,1596281047698,174
aws,aws_s3_reads,false,200,1596281047698,1596281047857,159
aws,aws_s3_reads,false,200,1596281047858,1596281048021,163
aws,aws_s3_reads,false,200,1596281048021,1596281048176,155
aws,aws_s3_reads,false,200,1596281048176,1596281048344,168
aws,aws_s3_reads,false,200,1596281048344,1596281048511,167
aws,aws_s3_reads,false,200,1596281048512,1596281048708,196
aws,aws_s3_reads,false,200,1596281048709,1596281048904,195
aws,aws_s3_reads,false,200,1596281048904,1596281049107,203
aws,aws_s3_reads,false,200,1596281049107,1596281049272,165
aws,aws_s3_reads,false,200,1596281049272,1596281049420,148
aws,aws_s3_reads,false,200,1596281049421,1596281049579,158
aws,aws_s3_reads,false,200,1596281049580,1596281049730,150
aws,aws_s3_reads,false,200,1596281049730,1596281049888,158
aws,aws_s3_reads,false,200,1596281049889,1596281050034,145
aws,aws_s3_reads,false,200,1596281050035,1596281050257,222
aws,aws_s3_reads,false,200,1596281050258,1596281050417,159
aws,aws_s3_reads,false,200,1596281050417,1596281050575,158
aws,aws_s3_reads,false,200,1596281050575,1596281050752,177
aws,aws_s3_reads,false,200,1596281050752,1596281050921,169
aws,aws_s3_reads,false,200,1596281050921,1596281051211,290
aws,aws_s3_reads,false,200,1596281051211,1596281051374,163
aws,aws_s3_reads,false,200,1596281051375,1596281051544,169
aws,aws_s3_reads,false,200,1596281051545,1596281051710,165
aws,aws_s3_reads,false,200,1596281051710,1596281051913,203
aws,aws_s3_reads,false,200,1596281051914,1596281052080,166
aws,aws_s3_reads,false,200,1596281052080,1596281052246,166
aws,aws_s3_reads,false,200,1596281052246,1596281052433,187
aws,aws_s3_reads,false,200,1596281052434,1596281052589,155
aws,aws_s3_reads,false,200,1596281052589,1596281052755,166
aws,aws_s3_reads,false,200,1596281052755,1596281052893,138
aws,aws_s3_reads,false,200,1596281052893,1596281053041,148
aws,aws_s3_reads,false,200,1596281053042,1596281053182,140
aws,aws_s3_reads,false,200,1596281053183,1596281053340,157
aws,aws_s3_reads,false,200,1596281053340,1596281053517,177
aws,aws_s3_reads,false,200,1596281053518,1596281053649,131
aws,aws_s3_reads,false,200,1596281053650,1596281053792,142
aws,aws_s3_reads,false,200,1596281053793,1596281053994,201
aws,aws_s3_reads,false,200,1596281053994,1596281054156,162
aws,aws_s3_reads,false,200,1596281054156,1596281054316,160
aws,aws_s3_reads,false,200,1596281054317,1596281054563,246
aws,aws_s3_reads,false,200,1596281054563,1596281054721,158
aws,aws_s3_reads,false,200,1596281054721,1596281054871,150
aws,aws_s3_reads,false,200,1596281054872,1596281055025,153
aws,aws_s3_reads,false,200,1596281055025,1596281055202,177
aws,aws_s3_reads,false,200,1596281055203,1596281055392,189
aws,aws_s3_reads,false,200,1596281055392,1596281055529,137
aws,aws_s3_reads,false,200,1596281055529,1596281055670,141
aws,aws_s3_reads,false,200,1596281055671,1596281055813,142
aws,aws_s3_reads,false,200,1596281055813,1596281055982,169
aws,aws_s3_reads,false,200,1596281055983,1596281056136,153
aws,aws_s3_reads,false,200,1596281056136,1596281056283,147
aws,aws_s3_reads,false,200,1596281056283,1596281056436,153
aws,aws_s3_reads,false,200,1596281056436,1596281056623,187
aws,aws_s3_reads,false,200,1596281056624,1596281056780,156
aws,aws_s3_reads,false,200,1596281056780,1596281056953,173
aws,aws_s3_reads,false,200,1596281056953,1596281057106,153
aws,aws_s3_reads,false,200,1596281057107,1596281057256,149
aws,aws_s3_reads,false,200,1596281057256,1596281057441,185
aws,aws_s3_reads,false,200,1596281057441,1596281057612,171
aws,aws_s3_reads,false,200,1596281057612,1596281057780,168
aws,aws_s3_reads,false,200,1596281057780,1596281058047,267
aws,aws_s3_reads,false,200,1596281058048,1596281058195,147
aws,aws_s3_reads,false,200,1596281058195,1596281058338,143
aws,aws_s3_reads,false,200,1596281058338,1596281058506,168
aws,aws_s3_reads,false,200,1596281058507,1596281058671,164
aws,aws_s3_reads,false,200,1596281058671,1596281058880,209
aws,aws_s3_reads,false,200,1596281058881,1596281059020,139
aws,aws_s3_reads,false,200,1596281059021,1596281059202,181
aws,aws_s3_reads,false,200,1596281059202,1596281059354,152
aws,aws_s3_reads,false,200,1596281059354,1596281059553,199
aws,aws_s3_reads,false,200,1596281059553,1596281059698,145
aws,aws_s3_reads,false,200,1596281059698,1596281059849,151
aws,aws_s3_reads,false,200,1596281059849,1596281060022,173
aws,aws_s3_reads,false,200,1596281060022,1596281060173,151
aws,aws_s3_reads,false,200,1596281060174,1596281060354,180
aws,aws_s3_reads,false,200,1596281060355,1596281060504,149
aws,aws_s3_reads,false,200,1596281060505,1596281060652,147
aws,aws_s3_reads,false,200,1596281060652,1596281060799,147
aws,aws_s3_reads,false,200,1596281060799,1596281060957,158
aws,aws_s3_reads,false,200,1596281060958,1596281061216,258
aws,aws_s3_reads,false,200,1596281061216,1596281061367,151
aws,aws_s3_reads,false,200,1596281061367,1596281061516,149
aws,aws_s3_reads,false,200,1596281061516,1596281061673,157
aws,aws_s3_reads,false,200,1596281061674,1596281061902,228
aws,aws_s3_reads,false,200,1596281061903,1596281062072,169
aws,aws_s3_reads,false,200,1596281062072,1596281062243,171
aws,aws_s3_reads,false,200,1596281062243,1596281062392,149
aws,aws_s3_reads,false,200,1596281062392,1596281062562,170
aws,aws_s3_reads,false,200,1596281062562,1596281062734,172
aws,aws_s3_reads,false,200,1596281062734,1596281062893,159
aws,aws_s3_reads,false,200,1596281062893,1596281063074,181
aws,aws_s3_reads,false,200,1596281063075,1596281063275,200
aws,aws_s3_reads,false,200,1596281063275,1596281063426,151
aws,aws_s3_reads,false,200,1596281063426,1596281063621,195
aws,aws_s3_reads,false,200,1596281063621,1596281063831,210
aws,aws_s3_reads,false,200,1596281063832,1596281064006,174
aws,aws_s3_reads,false,200,1596281064006,1596281064176,170
aws,aws_s3_reads,false,200,1596281064177,1596281064344,167
aws,aws_s3_reads,false,200,1596281064345,1596281064504,159
aws,aws_s3_reads,false,200,1596281064504,1596281064659,155
aws,aws_s3_reads,false,200,1596281064659,1596281064862,203
aws,aws_s3_reads,false,200,1596281064862,1596281065024,162
aws,aws_s3_reads,false,200,1596281065025,1596281065181,156
aws,aws_s3_reads,false,200,1596281065182,1596281065318,136
aws,aws_s3_reads,false,200,1596281065319,1596281065483,164
aws,aws_s3_reads,false,200,1596281065484,1596281065632,148
aws,aws_s3_reads,false,200,1596281065632,1596281065783,151
aws,aws_s3_reads,false,200,1596281065783,1596281065927,144
aws,aws_s3_reads,false,200,1596281065927,1596281066066,139
aws,aws_s3_reads,false,200,1596281066066,1596281066265,199
aws,aws_s3_reads,false,200,1596281066265,1596281066447,182
aws,aws_s3_reads,false,200,1596281066447,1596281066604,157
aws,aws_s3_reads,false,200,1596281066604,1596281066746,142
aws,aws_s3_reads,false,200,1596281066746,1596281066890,144
aws,aws_s3_reads,false,200,1596281066891,1596281067066,175
aws,aws_s3_reads,false,200,1596281067066,1596281067213,147
aws,aws_s3_reads,false,200,1596281067214,1596281067395,181
aws,aws_s3_reads,false,200,1596281067396,1596281067550,154
aws,aws_s3_reads,false,200,1596281067550,1596281067709,159
aws,aws_s3_reads,false,200,1596281067710,1596281067869,159
aws,aws_s3_reads,false,200,1596281067869,1596281068051,182
aws,aws_s3_reads,false,200,1596281068051,1596281068206,155
aws,aws_s3_reads,false,200,1596281068206,1596281068376,170
aws,aws_s3_reads,false,200,1596281068377,1596281068543,166
aws,aws_s3_reads,false,200,1596281068543,1596281068693,150
aws,aws_s3_reads,false,200,1596281068693,1596281068902,209
aws,aws_s3_reads,false,200,1596281068903,1596281069066,163
aws,aws_s3_reads,false,200,1596281069066,1596281069220,154
aws,aws_s3_reads,false,200,1596281069220,1596281069390,170
aws,aws_s3_reads,false,200,1596281069390,1596281069614,224
aws,aws_s3_reads,false,200,1596281069614,1596281069798,184
aws,aws_s3_reads,false,200,1596281069798,1596281069981,183
aws,aws_s3_reads,false,200,1596281069982,1596281070136,154
aws,aws_s3_reads,false,200,1596281070136,1596281070342,206
aws,aws_s3_reads,false,200,1596281070347,1596281070531,184
aws,aws_s3_reads,false,200,1596281070533,1596281070712,179
aws,aws_s3_reads,false,200,1596281070712,1596281070879,167
aws,aws_s3_reads,false,200,1596281070879,1596281071037,158
aws,aws_s3_reads,false,200,1596281071038,1596281071204,166
aws,aws_s3_reads,false,200,1596281071204,1596281071358,154
aws,aws_s3_reads,false,200,1596281071358,1596281071640,282
aws,aws_s3_reads,false,200,1596281071640,1596281071805,165
aws,aws_s3_reads,false,200,1596281071805,1596281071972,167
aws,aws_s3_reads,false,200,1596281071972,1596281072128,156
aws,aws_s3_reads,false,200,1596281072128,1596281072277,149
aws,aws_s3_reads,false,200,1596281072278,1596281072449,171
aws,aws_s3_reads,false,200,1596281072449,1596281072602,153
aws,aws_s3_reads,false,200,1596281072602,1596281072741,139
aws,aws_s3_reads,false,200,1596281072741,1596281072886,145
aws,aws_s3_reads,false,200,1596281072887,1596281073028,141
aws,aws_s3_reads,false,200,1596281073028,1596281074170,1142
aws,aws_s3_reads,false,200,1596281074170,1596281074318,148
aws,aws_s3_reads,false,200,1596281074318,1596281074503,185
aws,aws_s3_reads,false,200,1596281074504,1596281074649,145
aws,aws_s3_reads,false,200,1596281074652,1596281074814,162
aws,aws_s3_reads,false,200,1596281074815,1596281074973,158
aws,aws_s3_reads,false,200,1596281074973,1596281075126,153
aws,aws_s3_reads,false,200,1596281075126,1596281075291,165
aws,aws_s3_reads,false,200,1596281075291,1596281075438,147
aws,aws_s3_reads,false,200,1596281075439,1596281075612,173
aws,aws_s3_reads,false,200,1596281075613,1596281075783,170
aws,aws_s3_reads,false,200,1596281075783,1596281075937,154
aws,aws_s3_reads,false,200,1596281075937,1596281076123,186
aws,aws_s3_reads,false,200,1596281076123,1596281076268,145
aws,aws_s3_reads,false,200,1596281076268,1596281076435,167
aws,aws_s3_reads,false,200,1596281076435,1596281076601,166
aws,aws_s3_reads,false,200,1596281076601,1596281076747,146
aws,aws_s3_reads,false,200,1596281076748,1596281076918,170
aws,aws_s3_reads,false,200,1596281076918,1596281077243,325
aws,aws_s3_reads,false,200,1596281077244,1596281077604,360
aws,aws_s3_reads,false,200,1596281077604,1596281077765,161
aws,aws_s3_reads,false,200,1596281077765,1596281077936,171
aws,aws_s3_reads,false,200,1596281077937,1596281078095,158
aws,aws_s3_reads,false,200,1596281078096,1596281078266,170
aws,aws_s3_reads,false,200,1596281078267,1596281078416,149
aws,aws_s3_reads,false,200,1596281078416,1596281078564,148
aws,aws_s3_reads,false,200,1596281078564,1596281078724,160
aws,aws_s3_reads,false,200,1596281078724,1596281078902,178
aws,aws_s3_reads,false,200,1596281078903,1596281079068,165
aws,aws_s3_reads,false,200,1596281079068,1596281079240,172
aws,aws_s3_reads,false,200,1596281079240,1596281079434,194
aws,aws_s3_reads,false,200,1596281079434,1596281079588,154
aws,aws_s3_reads,false,200,1596281079588,1596281079745,157
aws,aws_s3_reads,false,200,1596281079745,1596281079900,155
aws,aws_s3_reads,false,200,1596281079900,1596281080043,143
aws,aws_s3_reads,false,200,1596281080043,1596281080194,151
aws,aws_s3_reads,false,200,1596281080194,1596281080337,143
aws,aws_s3_reads,false,200,1596281080337,1596281080505,168
aws,aws_s3_reads,false,200,1596281080505,1596281080719,214
aws,aws_s3_reads,false,200,1596281080719,1596281080868,149
aws,aws_s3_reads,false,200,1596281080868,1596281081025,157
aws,aws_s3_reads,false,200,1596281081025,1596281081210,185
aws,aws_s3_reads,false,200,1596281081210,1596281081418,208
aws,aws_s3_reads,false,200,1596281081418,1596281081578,160
aws,aws_s3_reads,false,200,1596281081579,1596281081728,149
aws,aws_s3_reads,false,200,1596281081728,1596281081905,177
aws,aws_s3_reads,false,200,1596281081905,1596281082081,176
aws,aws_s3_reads,false,200,1596281082082,1596281082235,153
aws,aws_s3_reads,false,200,1596281082235,1596281082414,179
aws,aws_s3_reads,false,200,1596281082414,1596281082564,150
aws,aws_s3_reads,false,200,1596281082564,1596281082745,181
aws,aws_s3_reads,false,200,1596281082745,1596281082930,185
aws,aws_s3_reads,false,200,1596281082931,1596281083078,147
aws,aws_s3_reads,false,200,1596281083079,1596281083246,167
aws,aws_s3_reads,false,200,1596281083247,1596281083412,165
aws,aws_s3_reads,false,200,1596281083412,1596281083557,145
aws,aws_s3_reads,false,200,1596281083558,1596281083726,168
aws,aws_s3_reads,false,200,1596281083727,1596281083890,163
aws,aws_s3_reads,false,200,1596281083890,1596281084045,155
aws,aws_s3_reads,false,200,1596281084045,1596281084202,157
aws,aws_s3_reads,false,200,1596281084203,1596281084361,158
aws,aws_s3_reads,false,200,1596281084362,1596281084562,200
aws,aws_s3_reads,false,200,1596281084562,1596281084727,165
aws,aws_s3_reads,false,200,1596281084727,1596281084894,167
aws,aws_s3_reads,false,200,1596281084894,1596281085050,156
aws,aws_s3_reads,false,200,1596281085050,1596281085284,234
aws,aws_s3_reads,false,200,1596281085284,1596281085444,160
aws,aws_s3_reads,false,200,1596281085444,1596281085598,154
aws,aws_s3_reads,false,200,1596281085598,1596281085748,150
aws,aws_s3_reads,false,200,1596281085748,1596281085884,136
aws,aws_s3_reads,false,200,1596281085884,1596281086076,192
aws,aws_s3_reads,false,200,1596281086076,1596281086243,167
aws,aws_s3_reads,false,200,1596281086244,1596281086400,156
aws,aws_s3_reads,false,200,1596281086400,1596281086576,176
aws,aws_s3_reads,false,200,1596281086577,1596281086746,169
aws,aws_s3_reads,false,200,1596281086746,1596281086919,173
aws,aws_s3_reads,false,200,1596281086919,1596281087059,140
aws,aws_s3_reads,false,200,1596281087059,1596281087238,179
aws,aws_s3_reads,false,200,1596281087239,1596281087382,143
aws,aws_s3_reads,false,200,1596281087382,1596281087525,143
aws,aws_s3_reads,false,200,1596281087526,1596281087693,167
aws,aws_s3_reads,false,200,1596281087693,1596281087879,186
aws,aws_s3_reads,false,200,1596281087879,1596281088022,143
aws,aws_s3_reads,false,200,1596281088022,1596281088203,181
aws,aws_s3_reads,false,200,1596281088203,1596281088363,160
aws,aws_s3_reads,false,200,1596281088363,1596281088521,158
aws,aws_s3_reads,false,200,1596281088521,1596281088667,146
aws,aws_s3_reads,false,200,1596281088668,1596281088818,150
aws,aws_s3_reads,false,200,1596281088819,1596281089002,183
aws,aws_s3_reads,false,200,1596281089002,1596281089180,178
aws,aws_s3_reads,false,200,1596281089181,1596281089326,145
aws,aws_s3_reads,false,200,1596281089326,1596281089498,172
aws,aws_s3_reads,false,200,1596281089499,1596281089656,157
aws,aws_s3_reads,false,200,1596281089656,1596281089839,183
aws,aws_s3_reads,false,200,1596281089839,1596281090043,204
aws,aws_s3_reads,false,200,1596281090043,1596281090225,182
aws,aws_s3_reads,false,200,1596281090225,1596281090380,155
aws,aws_s3_reads,false,200,1596281090380,1596281090542,162
aws,aws_s3_reads,false,200,1596281090542,1596281090682,140
aws,aws_s3_reads,false,200,1596281090682,1596281090828,146
aws,aws_s3_reads,false,200,1596281090829,1596281090979,150
aws,aws_s3_reads,false,200,1596281090980,1596281091150,170
aws,aws_s3_reads,false,200,1596281091150,1596281091319,169
aws,aws_s3_reads,false,200,1596281091319,1596281091470,151
aws,aws_s3_reads,false,200,1596281091471,1596281091645,174
aws,aws_s3_reads,false,200,1596281091645,1596281091810,165
aws,aws_s3_reads,false,200,1596281091810,1596281092012,202
aws,aws_s3_reads,false,200,1596281092012,1596281092193,181
aws,aws_s3_reads,false,200,1596281092194,1596281092363,169
aws,aws_s3_reads,false,200,1596281092363,1596281092521,158
aws,aws_s3_reads,false,200,1596281092521,1596281092684,163
aws,aws_s3_reads,false,200,1596281092684,1596281092843,159
aws,aws_s3_reads,false,200,1596281092844,1596281093002,158
aws,aws_s3_reads,false,200,1596281093002,1596281093173,171
aws,aws_s3_reads,false,200,1596281093174,1596281093350,176
aws,aws_s3_reads,false,200,1596281093350,1596281093494,144
aws,aws_s3_reads,false,200,1596281093494,1596281093657,163
aws,aws_s3_reads,false,200,1596281093657,1596281093826,169
aws,aws_s3_reads,false,200,1596281093826,1596281094016,190
aws,aws_s3_reads,false,200,1596281094016,1596281094172,156
aws,aws_s3_reads,false,200,1596281094172,1596281094338,166
aws,aws_s3_reads,false,200,1596281094338,1596281094478,140
aws,aws_s3_reads,false,500,1596281095313,1596281095333,20
aws,aws_s3_reads,false,500,1596281095333,1596281095354,21
aws,aws_s3_reads,false,500,1596281095354,1596281095374,20
aws,aws_s3_reads,false,500,1596281095374,1596281095392,18
aws,aws_s3_reads,false,500,1596281095392,1596281095409,17
aws,aws_s3_reads,false,500,1596281095409,1596281095426,17
aws,aws_s3_reads,false,500,1596281095427,1596281095464,37
aws,aws_s3_reads,false,500,1596281095465,1596281095484,19
aws,aws_s3_reads,false,500,1596281095484,1596281095503,19
aws,aws_s3_reads,false,500,1596281095503,1596281095523,20
aws,aws_s3_reads,false,500,1596281095523,1596281095542,19
aws,aws_s3_reads,false,200,1596281217747,1596281218070,323
aws,aws_s3_reads,false,200,1596281218071,1596281218238,167
aws,aws_s3_reads,false,200,1596281218238,1596281218395,157
aws,aws_s3_reads,false,200,1596281218395,1596281218556,161
aws,aws_s3_reads,false,200,1596281218556,1596281218705,149
aws,aws_s3_reads,false,200,1596281218706,1596281218869,163
aws,aws_s3_reads,false,200,1596281218869,1596281219040,171
aws,aws_s3_reads,false,200,1596281219044,1596281221211,2167
aws,aws_s3_reads,false,200,1596281221211,1596281221372,161
aws,aws_s3_reads,false,200,1596281221372,1596281221563,191
aws,aws_s3_reads,false,200,1596281221563,1596281221901,338
aws,aws_s3_reads,false,200,1596281221901,1596281222056,155
aws,aws_s3_reads,false,200,1596281222056,1596281222218,162
aws,aws_s3_reads,false,200,1596281222218,1596281222361,143
aws,aws_s3_reads,false,200,1596281222361,1596281222508,147
aws,aws_s3_reads,false,200,1596281222509,1596281223789,1280
aws,aws_s3_reads,false,200,1596281223789,1596281223966,177
aws,aws_s3_reads,false,200,1596281223966,1596281224133,167
aws,aws_s3_reads,false,200,1596281224133,1596281224292,159
aws,aws_s3_reads,false,200,1596281224292,1596281224436,144
aws,aws_s3_reads,false,200,1596281224436,1596281224588,152
aws,aws_s3_reads,false,200,1596281224588,1596281224770,182
aws,aws_s3_reads,false,200,1596281224770,1596281224917,147
aws,aws_s3_reads,false,200,1596281224917,1596281225089,172
aws,aws_s3_reads,false,200,1596281225089,1596281225258,169
aws,aws_s3_reads,false,200,1596281225258,1596281225416,158
aws,aws_s3_reads,false,200,1596281225416,1596281225563,147
aws,aws_s3_reads,false,200,1596281225564,1596281225729,165
aws,aws_s3_reads,false,200,1596281225729,1596281225896,167
aws,aws_s3_reads,false,200,1596281225896,1596281226041,145
aws,aws_s3_reads,false,200,1596281226041,1596281226234,193
aws,aws_s3_reads,false,200,1596281226234,1596281226432,198
aws,aws_s3_reads,false,200,1596281226432,1596281226623,191
aws,aws_s3_reads,false,200,1596281226623,1596281226779,156
aws,aws_s3_reads,false,200,1596281226779,1596281226918,139
aws,aws_s3_reads,false,200,1596281226918,1596281227069,151
aws,aws_s3_reads,false,200,1596281227069,1596281227221,152
aws,aws_s3_reads,false,200,1596281227222,1596281227376,154
aws,aws_s3_reads,false,200,1596281227376,1596281227529,153
aws,aws_s3_reads,false,200,1596281227529,1596281227676,147
aws,aws_s3_reads,false,200,1596281227676,1596281227831,155
aws,aws_s3_reads,false,200,1596281227831,1596281227984,153
aws,aws_s3_reads,false,200,1596281227984,1596281228171,187
aws,aws_s3_reads,false,200,1596281228171,1596281228318,147