azure,azure_cosmos_writes,true,200,1596394792024,1596394797614,5590
azure,azure_cosmos_writes,true,200,1596394797615,1596394804218,6603
azure,azure_cosmos_writes,true,200,1596394804218,1596394810845,6627
azure,azure_cosmos_writes,true,200,1596394810845,1596394817706,6861
azure,azure_cosmos_writes,true,200,1596394817706,1596394824290,6584
azure,azure_cosmos_writes,true,200,1596394824290,1596394831938,7648
azure,azure_cosmos_writes,true,200,1596394831940,1596394838684,6744
azure,azure_cosmos_writes,true,200,1596394838684,1596394845145,6461
azure,azure_cosmos_writes,true,200,1596394845145,1596394849999,4854
azure,azure_cosmos_writes,true,200,1596394850000,1596394855090,5090
azure,azure_cosmos_writes,true,200,1596394855090,1596394860649,5559
azure,azure_cosmos_writes,true,200,1596394860649,1596394866296,5647
azure,azure_cosmos_writes,true,200,1596394866296,1596394871982,5686
azure,azure_cosmos_writes,true,200,1596394871983,1596394877842,5859
azure,azure_cosmos_writes,true,200,1596394877842,1596394882934,5092
azure,azure_cosmos_writes,true,200,1596394882935,1596394887581,4646
azure,azure_cosmos_writes,true,200,1596394887581,1596394892663,5082
azure,azure_cosmos_writes,true,200,1596394892665,1596394897843,5178
azure,azure_cosmos_writes,true,200,1596394897844,1596394902695,4851
azure,azure_cosmos_writes,true,200,1596394902695,1596394907920,5225
azure,azure_cosmos_writes,true,200,1596394907920,1596394912937,5017
azure,azure_cosmos_writes,true,200,1596394912938,1596394917852,4914
azure,azure_cosmos_writes,true,200,1596394917852,1596394922885,5033
azure,azure_cosmos_writes,true,200,1596394922886,1596394927891,5005
azure,azure_cosmos_writes,true,200,1596394927892,1596394932638,4746
azure,azure_cosmos_writes,true,200,1596394932639,1596394937879,5240
azure,azure_cosmos_writes,true,200,1596394937879,1596394943083,5204
azure,azure_cosmos_writes,true,200,1596394943084,1596394948371,5287
azure,azure_cosmos_writes,true,200,1596394948371,1596394953799,5428
azure,azure_cosmos_writes,true,200,1596394953800,1596394959124,5324
azure,azure_cosmos_writes,true,200,1596394959124,1596394963852,4728
azure,azure_cosmos_writes,true,200,1596394963853,1596394968441,4588
azure,azure_cosmos_writes,true,200,1596394968442,1596394973051,4609
azure,azure_cosmos_writes,true,200,1596394973051,1596394980017,6966
azure,azure_cosmos_writes,true,200,1596394980017,1596394985338,5321
azure,azure_cosmos_writes,true,200,1596394985339,1596394990869,5530
azure,azure_cosmos_writes,true,200,1596394990870,1596394995923,5053
azure,azure_cosmos_writes,true,200,1596394995923,1596395001520,5597
azure,azure_cosmos_writes,true,200,1596395001520,1596395006695,5175
azure,azure_cosmos_writes,true,200,1596395006695,1596395011553,4858
azure,azure_cosmos_writes,true,200,1596395011553,1596395016672,5119
azure,azure_cosmos_writes,true,200,1596395016673,1596395021896,5223
azure,azure_cosmos_writes,true,200,1596395021896,1596395027527,5631
azure,azure_cosmos_writes,true,200,1596395027527,1596395034493,6966
azure,azure_cosmos_writes,true,200,1596395034493,1596395041745,7252
azure,azure_cosmos_writes,true,200,1596395041745,1596395047495,5750
azure,azure_cosmos_writes,true,200,1596395047496,1596395053128,5632
azure,azure_cosmos_writes,true,200,1596395053128,1596395057998,4870
azure,azure_cosmos_writes,true,200,1596395057998,1596395063344,5346
azure,azure_cosmos_writes,true,200,1596395063344,1596395068512,5168
azure,azure_cosmos_writes,true,200,1596395068514,1596395073538,5024
azure,azure_cosmos_writes,true,200,1596395073539,1596395078910,5371
azure,azure_cosmos_writes,true,200,1596395078911,1596395084058,5147
azure,azure_cosmos_writes,true,200,1596395084059,1596395089585,5526
azure,azure_cosmos_writes,true,200,1596395089585,1596395095523,5938
azure,azure_cosmos_writes,true,200,1596395095523,1596395101143,5620
azure,azure_cosmos_writes,true,200,1596395101143,1596395107511,6368
azure,azure_cosmos_writes,true,200,1596395107511,1596395113237,5726
azure,azure_cosmos_writes,true,200,1596395113238,1596395118766,5528
azure,azure_cosmos_writes,true,200,1596395118766,1596395123963,5197
azure,azure_cosmos_writes,true,200,1596395123963,1596395129516,5553
azure,azure_cosmos_writes,true,200,1596395129517,1596395134639,5122
azure,azure_cosmos_writes,true,200,1596395134640,1596395139804,5164
azure,azure_cosmos_writes,true,200,1596395139804,1596395144753,4949
azure,azure_cosmos_writes,true,200,1596395144754,1596395149590,4836
azure,azure_cosmos_writes,true,200,1596395149590,1596395155018,5428
azure,azure_cosmos_writes,true,200,1596395155019,1596395161058,6039
azure,azure_cosmos_writes,true,200,1596395161058,1596395166967,5909
azure,azure_cosmos_writes,true,200,1596395166967,1596395172821,5854
azure,azure_cosmos_writes,true,200,1596395172821,1596395177443,4622
azure,azure_cosmos_writes,true,200,1596395177443,1596395182360,4917
azure,azure_cosmos_writes,true,200,1596395182361,1596395187478,5117
azure,azure_cosmos_writes,true,200,1596395187478,1596395192013,4535
azure,azure_cosmos_writes,true,200,1596395192016,1596395196780,4764
azure,azure_cosmos_writes,true,200,1596395196781,1596395202041,5260
azure,azure_cosmos_writes,true,200,1596395202041,1596395207241,5200
azure,azure_cosmos_writes,true,200,1596395207242,1596395212447,5205
azure,azure_cosmos_writes,true,200,1596395212447,1596395217276,4829
azure,azure_cosmos_writes,true,200,1596395217277,1596395222113,4836
azure,azure_cosmos_writes,true,200,1596395222115,1596395228644,6529
azure,azure_cosmos_writes,true,200,1596395228644,1596395235620,6976
azure,azure_cosmos_writes,true,200,1596395235620,1596395245400,9780
azure,azure_cosmos_writes,true,200,1596395245400,1596395253146,7746
azure,azure_cosmos_writes,true,200,1596395253147,1596395259980,6833
azure,azure_cosmos_writes,true,200,1596395259980,1596395267311,7331
azure,azure_cosmos_writes,true,200,1596395267311,1596395273905,6594
azure,azure_cosmos_writes,true,200,1596395273905,1596395281590,7685
azure,azure_cosmos_writes,true,200,1596395281590,1596395289062,7472
azure,azure_cosmos_writes,true,200,1596395289062,1596395296346,7284
azure,azure_cosmos_writes,true,200,1596395296346,1596395303538,7192
azure,azure_cosmos_writes,true,200,1596395303539,1596395310252,6713
azure,azure_cosmos_writes,true,200,1596395310252,1596395316491,6239
azure,azure_cosmos_writes,true,200,1596395316492,1596395325681,9189
azure,azure_cosmos_writes,true,200,1596395325683,1596395336165,10482
azure,azure_cosmos_writes,true,200,1596395336165,1596395345482,9317
azure,azure_cosmos_writes,true,200,1596395345482,1596395353105,7623
azure,azure_cosmos_writes,true,200,1596395353105,1596395360228,7123
azure,azure_cosmos_writes,true,200,1596395360229,1596395367601,7372
azure,azure_cosmos_writes,true,200,1596395367601,1596395375281,7680
azure,azure_cosmos_writes,true,200,1596395375282,1596395382346,7064
azure,azure_cosmos_writes,true,200,1596395382346,1596395387204,4857
azure,azure_cosmos_writes,true,200,1596395387204,1596395390721,3516
azure,azure_cosmos_writes,true,200,1596395390721,1596395395687,4965
azure,azure_cosmos_writes,true,200,1596395395687,1596395398997,3309
azure,azure_cosmos_writes,true,200,1596395398997,1596395402757,3759
azure,azure_cosmos_writes,true,200,1596395402757,1596395406091,3333
azure,azure_cosmos_writes,true,200,1596395406091,1596395410794,4702
azure,azure_cosmos_writes,true,200,1596395410794,1596395415695,4900
azure,azure_cosmos_writes,true,200,1596395415695,1596395422907,7211
azure,azure_cosmos_writes,true,200,1596395422907,1596395426698,3790
azure,azure_cosmos_writes,true,200,1596395426698,1596395430703,4004
azure,azure_cosmos_writes,true,200,1596395430703,1596395434131,3427
azure,azure_cosmos_writes,true,200,1596395434131,1596395439419,5287
azure,azure_cosmos_writes,true,200,1596395439419,1596395448326,8906
azure,azure_cosmos_writes,true,200,1596395448326,1596395451108,2781
azure,azure_cosmos_writes,true,200,1596395451108,1596395455142,4033
azure,azure_cosmos_writes,true,200,1596395455142,1596395457596,2453
azure,azure_cosmos_writes,true,200,1596395457596,1596395463136,5539
azure,azure_cosmos_writes,true,200,1596395463136,1596395468222,5085
azure,azure_cosmos_writes,true,200,1596395468222,1596395473332,5109
azure,azure_cosmos_writes,true,200,1596395473332,1596395476668,3335
azure,azure_cosmos_writes,true,200,1596395476668,1596395480020,3351
azure,azure_cosmos_writes,true,200,1596395480020,1596395484701,4680
azure,azure_cosmos_writes,true,200,1596395484701,1596395492670,7968
azure,azure_cosmos_writes,true,200,1596395492670,1596395497471,4800
azure,azure_cosmos_writes,true,200,1596395497471,1596395504544,7072
azure,azure_cosmos_writes,true,200,1596395504544,1596395509716,5171
azure,azure_cosmos_writes,true,200,1596395509716,1596395514090,4373
azure,azure_cosmos_writes,true,200,1596395514090,1596395519331,5240
azure,azure_cosmos_writes,true,200,1596395519331,1596395523342,4010
azure,azure_cosmos_writes,true,200,1596395523342,1596395527153,3811
azure,azure_cosmos_writes,true,200,1596395527153,1596395531650,4496
azure,azure_cosmos_writes,true,200,1596395531650,1596395536365,4714
azure,azure_cosmos_writes,true,200,1596395536365,1596395540347,3981
azure,azure_cosmos_writes,true,200,1596395540347,1596395543583,3235
azure,azure_cosmos_writes,true,200,1596395543583,1596395547486,3902
azure,azure_cosmos_writes,true,200,1596395547486,1596395553686,6199
azure,azure_cosmos_writes,true,200,1596395553686,1596395557416,3730
azure,azure_cosmos_writes,true,200,1596395557416,1596395563042,5625
azure,azure_cosmos_writes,true,200,1596395563042,1596395566849,3806
azure,azure_cosmos_writes,true,200,1596395566849,1596395570857,4007
azure,azure_cosmos_writes,true,200,1596395570857,1596395574529,3671
azure,azure_cosmos_writes,true,200,1596395574529,1596395578603,4074
azure,azure_cosmos_writes,true,200,1596395578603,1596395583568,4964
azure,azure_cosmos_writes,true,200,1596395583568,1596395588190,4621
azure,azure_cosmos_writes,true,200,1596395588190,1596395592035,3844
azure,azure_cosmos_writes,true,200,1596395592035,1596395595941,3905
azure,azure_cosmos_writes,true,200,1596395595941,1596395599308,3366
azure,azure_cosmos_writes,true,200,1596395599308,1596395602008,2699
azure,azure_cosmos_writes,true,200,1596395602008,1596395606160,4151
azure,azure_cosmos_writes,true,200,1596395606160,1596395610498,4337
azure,azure_cosmos_writes,true,200,1596395610498,1596395615376,4877
azure,azure_cosmos_writes,true,200,1596395615376,1596395619390,4014
azure,azure_cosmos_writes,true,200,1596395619390,1596395624171,4780
azure,azure_cosmos_writes,true,200,1596395624171,1596395629066,4894
azure,azure_cosmos_writes,true,200,1596395629066,1596395633725,4658
azure,azure_cosmos_writes,true,200,1596395633725,1596395638685,4960
azure,azure_cosmos_writes,true,200,1596395638685,1596395642435,3749
azure,azure_cosmos_writes,true,200,1596395642435,1596395647032,4596
azure,azure_cosmos_writes,true,200,1596395647032,1596395650269,3236
azure,azure_cosmos_writes,true,200,1596395650269,1596395656673,6403
azure,azure_cosmos_writes,true,200,1596395656673,1596395660837,4163
azure,azure_cosmos_writes,true,200,1596395660837,1596395666479,5641
azure,azure_cosmos_writes,true,200,1596395666479,1596395670110,3630
azure,azure_cosmos_writes,true,200,1596395670110,1596395674485,4375
azure,azure_cosmos_writes,true,200,1596395674485,1596395680519,6033
azure,azure_cosmos_writes,true,200,1596395680519,1596395684083,3563
azure,azure_cosmos_writes,true,200,1596395684083,1596395688029,3945
azure,azure_cosmos_writes,true,200,1596395688029,1596395692820,4791
azure,azure_cosmos_writes,true,200,1596395692820,1596395697624,4803
azure,azure_cosmos_writes,true,200,1596395697624,1596395702375,4750
azure,azure_cosmos_writes,true,200,1596395702375,1596395705846,3470
azure,azure_cosmos_writes,true,200,1596395705846,1596395711420,5573
azure,azure_cosmos_writes,true,200,1596395711420,1596395715805,4384
azure,azure_cosmos_writes,true,200,1596395715805,1596395719395,3589
azure,azure_cosmos_writes,true,200,1596395719395,1596395726564,7168
azure,azure_cosmos_writes,true,200,1596395726564,1596395733621,7056
azure,azure_cosmos_writes,true,200,1596395733621,1596395739068,5446
azure,azure_cosmos_writes,true,200,1596395739068,1596395746434,7365
azure,azure_cosmos_writes,true,200,1596395746434,1596395751907,5472
azure,azure_cosmos_writes,true,200,1596395751907,1596395757430,5523
azure,azure_cosmos_writes,true,200,1596395757430,1596395761237,3807
azure,azure_cosmos_writes,true,200,1596395761237,1596395765935,4697
azure,azure_cosmos_writes,true,200,1596395765935,1596395771497,5561
azure,azure_cosmos_writes,true,200,1596395771497,1596395776039,4541
azure,azure_cosmos_writes,true,200,1596395776039,1596395780984,4944
azure,azure_cosmos_writes,true,200,1596395780984,1596395786147,5162
azure,azure_cosmos_writes,true,200,1596395786147,1596395790425,4277
azure,azure_cosmos_writes,true,200,1596395790425,1596395796934,6508
azure,azure_cosmos_writes,true,200,1596395796934,1596395801880,4945
azure,azure_cosmos_writes,true,200,1596395801880,1596395805892,4011
azure,azure_cosmos_writes,true,200,1596395805892,1596395810309,4416
azure,azure_cosmos_writes,true,200,1596395810309,1596395814375,4065
azure,azure_cosmos_writes,true,200,1596395814375,1596395816601,2225
azure,azure_cosmos_writes,true,200,1596395816601,1596395821732,5130
azure,azure_cosmos_writes,true,200,1596395821732,1596395827451,5718
azure,azure_cosmos_writes,true,200,1596395827451,1596395832411,4960
azure,azure_cosmos_writes,true,200,1596395832411,1596395836237,3825
azure,azure_cosmos_writes,true,200,1596395836237,1596395840885,4648
azure,azure_cosmos_writes,true,200,1596395840885,1596395847875,6989
azure,azure_cosmos_writes,true,200,1596395847875,1596395853150,5274
azure,azure_cosmos_writes,true,200,1596395853150,1596395856888,3737
azure,azure_cosmos_writes,true,200,1596395856888,1596395866017,9128
azure,azure_cosmos_writes,true,200,1596395866017,1596395870849,4831
azure,azure_cosmos_writes,true,200,1596395870849,1596395875686,4836
azure,azure_cosmos_writes,true,200,1596395875686,1596395879159,3473
azure,azure_cosmos_writes,true,200,1596395879159,1596395884180,5020
azure,azure_cosmos_writes,true,200,1596395884180,1596395887953,3773
azure,azure_cosmos_writes,true,200,1596395887953,1596395893546,5592
azure,azure_cosmos_writes,true,200,1596395893546,1596395897179,3632
azure,azure_cosmos_writes,true,200,1596395897179,1596395901824,4644
azure,azure_cosmos_writes,true,200,1596395901824,1596395908318,6493
azure,azure_cosmos_writes,true,200,1596395908318,1596395912845,4526
azure,azure_cosmos_writes,true,200,1596395912845,1596395918011,5165
azure,azure_cosmos_writes,true,200,1596395918011,1596395924123,6111
azure,azure_cosmos_writes,true,200,1596395924123,1596395929886,5762
azure,azure_cosmos_writes,true,200,1596395929886,1596395936625,6738
azure,azure_cosmos_writes,true,200,1596395936625,1596395941179,4553
azure,azure_cosmos_writes,true,200,1596395941179,1596395947353,6173
azure,azure_cosmos_writes,true,200,1596395947353,1596395951554,4200
azure,azure_cosmos_writes,true,200,1596395951554,1596395956438,4883
azure,azure_cosmos_writes,true,200,1596395956438,1596395961682,5243
azure,azure_cosmos_writes,true,200,1596395961682,1596395965435,3752
azure,azure_cosmos_writes,true,200,1596395965435,1596395969337,3901
azure,azure_cosmos_writes,true,200,1596395969337,1596395974193,4855
azure,azure_cosmos_writes,true,200,1596395974193,1596395979471,5277
azure,azure_cosmos_writes,true,200,1596395979471,1596395983928,4456
azure,azure_cosmos_writes,true,200,1596395983928,1596395991031,7102
azure,azure_cosmos_writes,true,200,1596395991031,1596395994598,3567
azure,azure_cosmos_writes,true,200,1596395994598,1596395999502,4903
azure,azure_cosmos_writes,true,200,1596395999502,1596396002869,3366
azure,azure_cosmos_writes,true,200,1596396002869,1596396008255,5385
azure,azure_cosmos_writes,true,200,1596396008255,1596396014670,6414
azure,azure_cosmos_writes,true,200,1596396014670,1596396019972,5301
azure,azure_cosmos_writes,true,200,1596396019972,1596396024923,4950
azure,azure_cosmos_writes,true,200,1596396024923,1596396029566,4643
azure,azure_cosmos_writes,true,200,1596396029566,1596396033475,3909
azure,azure_cosmos_writes,true,200,1596396033475,1596396037572,4096
azure,azure_cosmos_writes,true,200,1596396037572,1596396041131,3558
azure,azure_cosmos_writes,true,200,1596396041131,1596396046093,4961
azure,azure_cosmos_writes,true,200,1596396046093,1596396053664,7570
azure,azure_cosmos_writes,true,200,1596396053664,1596396058397,4732
azure,azure_cosmos_writes,true,200,1596396058397,1596396062894,4496
azure,azure_cosmos_writes,true,200,1596396062894,1596396067220,4325
azure,azure_cosmos_writes,true,200,1596396067220,1596396071639,4418
azure,azure_cosmos_writes,true,200,1596396071639,1596396075192,3552
azure,azure_cosmos_writes,true,200,1596396075192,1596396080751,5558
azure,azure_cosmos_writes,true,200,1596396080751,1596396084297,3545
azure,azure_cosmos_writes,true,200,1596396084297,1596396091455,7157
azure,azure_cosmos_writes,true,200,1596396091455,1596396096116,4660
azure,azure_cosmos_writes,true,200,1596396096116,1596396100280,4163
azure,azure_cosmos_writes,true,200,1596396100280,1596396104962,4681
azure,azure_cosmos_writes,true,200,1596396104962,1596396108820,3857
azure,azure_cosmos_writes,true,200,1596396108820,1596396114105,5284
azure,azure_cosmos_writes,true,200,1596396114105,1596396119225,5119
azure,azure_cosmos_writes,true,200,1596396119225,1596396124440,5214
azure,azure_cosmos_writes,true,200,1596396124440,1596396129257,4816
azure,azure_cosmos_writes,true,200,1596396129257,1596396134197,4940
azure,azure_cosmos_writes,true,200,1596396134197,1596396137657,3459
azure,azure_cosmos_writes,true,200,1596396137657,1596396141974,4316
azure,azure_cosmos_writes,true,200,1596396141974,1596396147039,5064
azure,azure_cosmos_writes,true,200,1596396147039,1596396153642,6602
azure,azure_cosmos_writes,true,200,1596396153642,1596396158946,5304
azure,azure_cosmos_writes,true,200,1596396158946,1596396164840,5893
azure,azure_cosmos_writes,true,200,1596396164840,1596396168856,4015
azure,azure_cosmos_writes,true,200,1596396168856,1596396177335,8478
azure,azure_cosmos_writes,true,200,1596396177335,1596396180866,3530
azure,azure_cosmos_writes,true,200,1596396180866,1596396185325,4458
azure,azure_cosmos_writes,true,200,1596396185325,1596396189939,4613
azure,azure_cosmos_writes,true,200,1596396189939,1596396194056,4116
azure,azure_cosmos_writes,true,200,1596396194056,1596396200540,6483
azure,azure_cosmos_writes,true,200,1596396200540,1596396205080,4539
azure,azure_cosmos_writes,true,200,1596396205080,1596396209585,4504
azure,azure_cosmos_writes,true,200,1596396209585,1596396214969,5383
azure,azure_cosmos_writes,true,200,1596396214969,1596396221017,6047
azure,azure_cosmos_writes,true,200,1596396221017,1596396226344,5326
azure,azure_cosmos_writes,true,200,1596396226344,1596396231987,5642
azure,azure_cosmos_writes,true,200,1596396231987,1596396236675,4688
azure,azure_cosmos_writes,true,200,1596396236675,1596396241323,4647
azure,azure_cosmos_writes,true,200,1596396241323,1596396246090,4766
azure,azure_cosmos_writes,true,200,1596396246090,1596396251179,5088
azure,azure_cosmos_writes,true,200,1596396251179,1596396254951,3771
azure,azure_cosmos_writes,true,200,1596396254951,1596396258072,3120
azure,azure_cosmos_writes,true,200,1596396258072,1596396261275,3202
azure,azure_cosmos_writes,true,200,1596396261275,1596396265778,4502
azure,azure_cosmos_writes,true,200,1596396265778,1596396272283,6504
azure,azure_cosmos_writes,true,200,1596396272283,1596396279213,6929
azure,azure_cosmos_writes,true,200,1596396279213,1596396284403,5189
azure,azure_cosmos_writes,true,200,1596396284403,1596396288754,4350
azure,azure_cosmos_writes,true,200,1596396288754,1596396297297,8542
azure,azure_cosmos_writes,true,200,1596396297297,1596396300645,3347
azure,azure_cosmos_writes,true,200,1596396300645,1596396305667,5021
azure,azure_cosmos_writes,true,200,1596396305667,1596396310494,4826
azure,azure_cosmos_writes,true,200,1596396310494,1596396317086,6591
azure,azure_cosmos_writes,true,200,1596396317086,1596396322542,5455
azure,azure_cosmos_writes,true,200,1596396322542,1596396328115,5572
azure,azure_cosmos_writes,true,200,1596396328115,1596396333615,5500
azure,azure_cosmos_writes,true,200,1596396333615,1596396337540,3924
azure,azure_cosmos_writes,true,200,1596396337540,1596396342743,5202
azure,azure_cosmos_writes,true,200,1596396342743,1596396348407,5663
azure,azure_cosmos_writes,true,200,1596396348407,1596396351620,3212
azure,azure_cosmos_writes,true,200,1596396351620,1596396356139,4518
azure,azure_cosmos_writes,true,200,1596396356139,1596396359967,3827
azure,azure_cosmos_writes,true,200,1596396359967,1596396364070,4102
azure,azure_cosmos_writes,true,200,1596396364070,1596396368749,4678
azure,azure_cosmos_writes,true,200,1596396368749,1596396374161,5411
azure,azure_cosmos_writes,true,200,1596396374161,1596396378965,4803
azure,azure_cosmos_writes,true,200,1596396378965,1596396384215,5249
azure,azure_cosmos_writes,true,200,1596396384215,1596396388373,4157
azure,azure_cosmos_writes,true,200,1596396388373,1596396391948,3574
azure,azure_cosmos_writes,true,200,1596396391948,1596396396947,4998
azure,azure_cosmos_writes,true,200,1596396396947,1596396401144,4196
azure,azure_cosmos_writes,true,200,1596396401144,1596396405823,4678
azure,azure_cosmos_writes,true,200,1596396405823,1596396412709,6885
azure,azure_cosmos_writes,true,200,1596396412709,1596396419097,6387
azure,azure_cosmos_writes,true,200,1596396419097,1596396424206,5108
azure,azure_cosmos_writes,true,200,1596396424206,1596396429694,5487
azure,azure_cosmos_writes,true,200,1596396429694,1596396435085,5390
azure,azure_cosmos_writes,true,200,1596396435085,1596396440915,5829
azure,azure_cosmos_writes,true,200,1596396440915,1596396445984,5069
azure,azure_cosmos_writes,true,200,1596396445984,1596396449797,3812
azure,azure_cosmos_writes,true,200,1596396449797,1596396455646,5848
azure,azure_cosmos_writes,true,200,1596396455646,1596396459666,4019
azure,azure_cosmos_writes,true,200,1596396459666,1596396464625,4958
azure,azure_cosmos_writes,true,200,1596396464625,1596396469621,4995
azure,azure_cosmos_writes,true,200,1596396469621,1596396473629,4008
azure,azure_cosmos_writes,true,200,1596396473629,1596396478217,4587
azure,azure_cosmos_writes,true,200,1596396478217,1596396481439,3221
azure,azure_cosmos_writes,true,200,1596396481439,1596396486718,5278
azure,azure_cosmos_writes,true,200,1596396486718,1596396490681,3963
azure,azure_cosmos_writes,true,200,1596396490681,1596396495718,5036
azure,azure_cosmos_writes,true,200,1596396495718,1596396503171,7452
azure,azure_cosmos_writes,true,200,1596396503171,1596396509079,5907
azure,azure_cosmos_writes,true,200,1596396509079,1596396514226,5146
azure,azure_cosmos_writes,true,200,1596396514226,1596396520034,5807
azure,azure_cosmos_writes,true,200,1596396520034,1596396526194,6159
azure,azure_cosmos_writes,true,200,1596396526194,1596396530343,4148
azure,azure_cosmos_writes,true,200,1596396530343,1596396534925,4581
azure,azure_cosmos_writes,true,200,1596396534925,1596396539936,5010
azure,azure_cosmos_writes,true,200,1596396539936,1596396543176,3240
azure,azure_cosmos_writes,true,200,1596396543176,1596396546670,3493
azure,azure_cosmos_writes,true,200,1596396546670,1596396551607,4936
azure,azure_cosmos_writes,true,200,1596396551607,1596396555841,4233
azure,azure_cosmos_writes,true,200,1596396555841,1596396559656,3814
azure,azure_cosmos_writes,true,200,1596396559656,1596396562827,3170
azure,azure_cosmos_writes,true,200,1596396562827,1596396567538,4710
azure,azure_cosmos_writes,true,200,1596396567538,1596396572019,4480
azure,azure_cosmos_writes,true,200,1596396572019,1596396576942,4922
azure,azure_cosmos_writes,true,200,1596396576942,1596396582753,5810
azure,azure_cosmos_writes,true,200,1596396582753,1596396588791,6037
azure,azure_cosmos_writes,true,200,1596396588791,1596396591772,2981
azure,azure_cosmos_writes,true,200,1596396591772,1596396596255,4482
azure,azure_cosmos_writes,true,200,1596396596255,1596396599074,2819
azure,azure_cosmos_writes,true,200,1596396599074,1596396603603,4528
azure,azure_cosmos_writes,true,200,1596396603603,1596396608842,5238
azure,azure_cosmos_writes,true,200,1596396608842,1596396612575,3732
azure,azure_cosmos_writes,true,200,1596396612575,1596396617458,4882
azure,azure_cosmos_writes,true,200,1596396617458,1596396624157,6698
azure,azure_cosmos_writes,true,200,1596396624157,1596396629287,5129
azure,azure_cosmos_writes,true,200,1596396629287,1596396632202,2914
azure,azure_cosmos_writes,true,200,1596396632202,1596396636627,4424
azure,azure_cosmos_writes,true,200,1596396636627,1596396641781,5153
azure,azure_cosmos_writes,true,200,1596396641781,1596396646486,4704
azure,azure_cosmos_writes,true,200,1596396646486,1596396652144,5657
azure,azure_cosmos_writes,true,200,1596396652144,1596396655599,3455
azure,azure_cosmos_writes,true,200,1596396655599,1596396659786,4186
azure,azure_cosmos_writes,true,200,1596396659786,1596396663775,3988
azure,azure_cosmos_writes,true,200,1596396663775,1596396668453,4677
azure,azure_cosmos_writes,true,200,1596396668453,1596396672458,4004
azure,azure_cosmos_writes,true,200,1596396672458,1596396677327,4868
azure,azure_cosmos_writes,true,200,1596396677327,1596396681389,4061
azure,azure_cosmos_writes,true,200,1596396681389,1596396687326,5936
azure,azure_cosmos_writes,true,200,1596396687326,1596396690789,3462
azure,azure_cosmos_writes,true,200,1596396690789,1596396694394,3604
azure,azure_cosmos_writes,true,200,1596396694394,1596396698355,3960
azure,azure_cosmos_writes,true,200,1596396698355,1596396707066,8710
azure,azure_cosmos_writes,true,200,1596396707066,1596396710504,3438
azure,azure_cosmos_writes,true,200,1596396710504,1596396714779,4275
azure,azure_cosmos_writes,true,200,1596396714779,1596396720565,5785
azure,azure_cosmos_writes,true,200,1596396720565,1596396725385,4819
azure,azure_cosmos_writes,true,200,1596396725385,1596396729196,3810
azure,azure_cosmos_writes,true,200,1596396729196,1596396733642,4445
azure,azure_cosmos_writes,true,200,1596396733642,1596396737978,4335
azure,azure_cosmos_writes,true,200,1596396737978,1596396742762,4783
azure,azure_cosmos_writes,true,200,1596396742762,1596396746353,3590
azure,azure_cosmos_writes,true,200,1596396746353,1596396750742,4388
azure,azure_cosmos_writes,true,200,1596396750742,1596396755006,4263
azure,azure_cosmos_writes,true,200,1596396755006,1596396762226,7219
azure,azure_cosmos_writes,true,200,1596396762226,1596396767354,5127
azure,azure_cosmos_writes,true,200,1596396767354,1596396771393,4038
azure,azure_cosmos_writes,true,200,1596396771393,1596396777028,5634
azure,azure_cosmos_writes,true,200,1596396777028,1596396781412,4383
azure,azure_cosmos_writes,true,200,1596396781412,1596396785570,4157
azure,azure_cosmos_writes,true,200,1596396785570,1596396789960,4389
azure,azure_cosmos_writes,true,200,1596396789960,1596396793453,3492
azure,azure_cosmos_writes,true,200,1596396793453,1596396800034,6580
azure,azure_cosmos_writes,true,200,1596396800034,1596396804241,4206
azure,azure_cosmos_writes,true,200,1596396804241,1596396808286,4044
azure,azure_cosmos_writes,true,200,1596396808286,1596396813907,5621
azure,azure_cosmos_writes,true,200,1596396813907,1596396818102,4194
azure,azure_cosmos_writes,true,200,1596396818102,1596396822521,4418
azure,azure_cosmos_writes,true,200,1596396822521,1596396827131,4609
azure,azure_cosmos_writes,true,200,1596396827131,1596396832102,4970
azure,azure_cosmos_writes,true,200,1596396832102,1596396837870,5767
azure,azure_cosmos_writes,true,200,1596396837870,1596396842673,4802
azure,azure_cosmos_writes,true,200,1596396842673,1596396846306,3632
azure,azure_cosmos_writes,true,200,1596396846306,1596396850170,3863
azure,azure_cosmos_writes,true,200,1596396850170,1596396854800,4629
azure,azure_cosmos_writes,true,200,1596396854800,1596396858803,4002
azure,azure_cosmos_writes,true,200,1596396858803,1596396864403,5600
azure,azure_cosmos_writes,true,200,1596396864403,1596396869661,5257
azure,azure_cosmos_writes,true,200,1596396869661,1596396875224,5562
azure,azure_cosmos_writes,true,200,1596396875224,1596396879950,4725
azure,azure_cosmos_writes,true,200,1596396879950,1596396885234,5283
azure,azure_cosmos_writes,true,200,1596396885234,1596396889154,3919
azure,azure_cosmos_writes,true,200,1596396889154,1596396892885,3730
azure,azure_cosmos_writes,true,200,1596396892885,1596396896325,3439
azure,azure_cosmos_writes,true,200,1596396896325,1596396901165,4839
azure,azure_cosmos_writes,true,200,1596396901165,1596396906840,5674
azure,azure_cosmos_writes,true,200,1596396906840,1596396913375,6534
azure,azure_cosmos_writes,true,200,1596396913375,1596396917132,3756
azure,azure_cosmos_writes,true,200,1596396917132,1596396920103,2970
azure,azure_cosmos_writes,true,200,1596396920103,1596396925227,5123
azure,azure_cosmos_writes,true,200,1596396925227,1596396932588,7360
azure,azure_cosmos_writes,true,200,1596396932588,1596396937587,4998
azure,azure_cosmos_writes,true,200,1596396937587,1596396943220,5633
azure,azure_cosmos_writes,true,200,1596396943220,1596396947553,4332
azure,azure_cosmos_writes,true,200,1596396947553,1596396951405,3851
azure,azure_cosmos_writes,true,200,1596396951405,1596396958760,7354
azure,azure_cosmos_writes,true,200,1596396958760,1596396961876,3115
azure,azure_cosmos_writes,true,200,1596396961876,1596396965726,3849
azure,azure_cosmos_writes,true,200,1596396965726,1596396971285,5558
azure,azure_cosmos_writes,true,200,1596396971285,1596396980034,8748
azure,azure_cosmos_writes,true,200,1596396980034,1596396985622,5588
azure,azure_cosmos_writes,true,200,1596396985622,1596396989926,4303
azure,azure_cosmos_writes,true,200,1596396989926,1596396993736,3809
azure,azure_cosmos_writes,true,200,1596396993736,1596396999591,5854
azure,azure_cosmos_writes,true,200,1596396999591,1596397004423,4831
azure,azure_cosmos_writes,true,200,1596397004423,1596397007181,2757
azure,azure_cosmos_writes,true,200,1596397007181,1596397012993,5811
azure,azure_cosmos_writes,true,200,1596397012993,1596397016987,3993
azure,azure_cosmos_writes,true,200,1596397016987,1596397024197,7209
azure,azure_cosmos_writes,true,200,1596397024197,1596397028706,4509
azure,azure_cosmos_writes,true,200,1596397028706,1596397034239,5532
azure,azure_cosmos_writes,true,200,1596397034239,1596397039821,5581
azure,azure_cosmos_writes,true,200,1596397039821,1596397045315,5493
azure,azure_cosmos_writes,true,200,1596397045315,1596397049114,3798
azure,azure_cosmos_writes,true,200,1596397049114,1596397053083,3968
azure,azure_cosmos_writes,true,200,1596397053083,1596397059075,5991
azure,azure_cosmos_writes,true,200,1596397059075,1596397064032,4956
azure,azure_cosmos_writes,true,200,1596397064032,1596397067738,3705
azure,azure_cosmos_writes,true,200,1596397067738,1596397073207,5468
azure,azure_cosmos_writes,true,200,1596397073207,1596397078914,5706
azure,azure_cosmos_writes,true,200,1596397078914,1596397083623,4708
azure,azure_cosmos_writes,true,200,1596397083623,1596397087205,3581
azure,azure_cosmos_writes,true,200,1596397087205,1596397092965,5760
azure,azure_cosmos_writes,true,200,1596397092965,1596397098603,5637
azure,azure_cosmos_writes,true,200,1596397098603,1596397103534,4930
azure,azure_cosmos_writes,true,200,1596397103534,1596397108101,4566
azure,azure_cosmos_writes,true,200,1596397108101,1596397113785,5683
azure,azure_cosmos_writes,true,200,1596397113785,1596397119335,5549
azure,azure_cosmos_writes,true,200,1596397119335,1596397124028,4692
azure,azure_cosmos_writes,true,200,1596397124028,1596397128862,4833
azure,azure_cosmos_writes,true,200,1596397128862,1596397134161,5298
azure,azure_cosmos_writes,true,200,1596397134161,1596397139079,4918
azure,azure_cosmos_writes,true,200,1596397139079,1596397143874,4794
azure,azure_cosmos_writes,true,200,1596397143874,1596397150266,6391
azure,azure_cosmos_writes,true,200,1596397150266,1596397153681,3414
azure,azure_cosmos_writes,true,200,1596397153681,1596397160074,6392
azure,azure_cosmos_writes,true,200,1596397160074,1596397164888,4813
azure,azure_cosmos_writes,true,200,1596397164888,1596397168744,3855
azure,azure_cosmos_writes,true,200,1596397168744,1596397172354,3609
azure,azure_cosmos_writes,true,200,1596397172354,1596397177504,5149
azure,azure_cosmos_writes,true,200,1596397177504,1596397181946,4441
azure,azure_cosmos_writes,true,200,1596397181946,1596397187494,5547
azure,azure_cosmos_writes,true,200,1596397187494,1596397193747,6252
azure,azure_cosmos_writes,true,200,1596397193747,1596397196510,2762
azure,azure_cosmos_writes,true,200,1596397196510,1596397200789,4278
azure,azure_cosmos_writes,true,200,1596397200789,1596397206606,5816
azure,azure_cosmos_writes,true,200,1596397206606,1596397210256,3649
azure,azure_cosmos_writes,true,200,1596397210256,1596397215972,5715
azure,azure_cosmos_writes,true,200,1596397215972,1596397220836,4863
azure,azure_cosmos_writes,true,200,1596397220836,1596397226253,5417
azure,azure_cosmos_writes,true,200,1596397226253,1596397233824,7570
azure,azure_cosmos_writes,true,200,1596397233824,1596397237594,3769
azure,azure_cosmos_writes,true,200,1596397237594,1596397242990,5395
azure,azure_cosmos_writes,true,200,1596397242990,1596397247930,4940
azure,azure_cosmos_writes,true,200,1596397247930,1596397254828,6898
azure,azure_cosmos_writes,true,200,1596397254828,1596397258066,3237
azure,azure_cosmos_writes,true,200,1596397258066,1596397263317,5250
azure,azure_cosmos_writes,true,200,1596397263317,1596397267131,3813
azure,azure_cosmos_writes,true,200,1596397267131,1596397271375,4243
azure,azure_cosmos_writes,true,200,1596397271375,1596397275830,4455
azure,azure_cosmos_writes,true,200,1596397275830,1596397279180,3349
azure,azure_cosmos_writes,true,200,1596397279180,1596397285691,6510
azure,azure_cosmos_writes,true,200,1596397285691,1596397289135,3443
azure,azure_cosmos_writes,true,200,1596397289135,1596397293171,4035
azure,azure_cosmos_writes,true,200,1596397293171,1596397298280,5108
azure,azure_cosmos_writes,true,200,1596397298280,1596397305644,7363
azure,azure_cosmos_writes,true,200,1596397305644,1596397310358,4713
azure,azure_cosmos_writes,true,200,1596397310358,1596397314196,3837
azure,azure_cosmos_writes,true,200,1596397314196,1596397318626,4429
azure,azure_cosmos_writes,true,200,1596397318626,1596397322544,3917
azure,azure_cosmos_writes,true,200,1596397322544,1596397329204,6659
azure,azure_cosmos_writes,true,200,1596397329204,1596397333902,4697
azure,azure_cosmos_writes,true,200,1596397333902,1596397337692,3789
azure,azure_cosmos_writes,true,200,1596397337692,1596397345950,8257
azure,azure_cosmos_writes,true,200,1596397345950,1596397351585,5634
azure,azure_cosmos_writes,true,200,1596397351585,1596397355409,3823
azure,azure_cosmos_writes,true,200,1596397355409,1596397359574,4164
azure,azure_cosmos_writes,true,200,1596397359574,1596397367104,7529
azure,azure_cosmos_writes,true,200,1596397367104,1596397372227,5122
azure,azure_cosmos_writes,true,200,1596397372227,1596397377402,5174
azure,azure_cosmos_writes,true,200,1596397377402,1596397381308,3905
azure,azure_cosmos_writes,true,200,1596397381308,1596397386441,5132
azure,azure_cosmos_writes,true,200,1596397386441,1596397391896,5454
azure,azure_cosmos_writes,true,200,1596397391896,1596397395794,3897
azure,azure_cosmos_writes,true,200,1596397395794,1596397401614,5819
azure,azure_cosmos_writes,true,200,1596397401614,1596397407061,5447
azure,azure_cosmos_writes,true,200,1596397407061,1596397411376,4314
azure,azure_cosmos_writes,true,200,1596397411376,1596397415583,4206
azure,azure_cosmos_writes,true,200,1596397415583,1596397419109,3525
azure,azure_cosmos_writes,true,200,1596397419109,1596397423801,4691
azure,azure_cosmos_writes,true,200,1596397423801,1596397428080,4278
azure,azure_cosmos_writes,true,200,1596397428080,1596397434465,6384
azure,azure_cosmos_writes,true,200,1596397434465,1596397438679,4213
azure,azure_cosmos_writes,true,200,1596397438679,1596397441002,2322
azure,azure_cosmos_writes,true,200,1596397441002,1596397445560,4558
azure,azure_cosmos_writes,true,200,1596397445560,1596397450436,4875
azure,azure_cosmos_writes,true,200,1596397450436,1596397456052,5615
azure,azure_cosmos_writes,true,200,1596397456052,1596397459152,3099
azure,azure_cosmos_writes,true,200,1596397459152,1596397462151,2998
azure,azure_cosmos_writes,true,200,1596397462151,1596397467137,4985
azure,azure_cosmos_writes,true,200,1596397467137,1596397473531,6393
azure,azure_cosmos_writes,true,200,1596397473531,1596397477704,4172
azure,azure_cosmos_writes,true,200,1596397477704,1596397484196,6491
azure,azure_cosmos_writes,true,200,1596397484196,1596397489600,5403
azure,azure_cosmos_writes,true,200,1596397489600,1596397494174,4573
azure,azure_cosmos_writes,true,200,1596397494174,1596397498333,4158
azure,azure_cosmos_writes,true,200,1596397498333,1596397504330,5996
azure,azure_cosmos_writes,true,200,1596397504330,1596397507792,3462
azure,azure_cosmos_writes,true,200,1596397507792,1596397510811,3018
azure,azure_cosmos_writes,true,200,1596397510811,1596397514959,4147
azure,azure_cosmos_writes,true,200,1596397514959,1596397520234,5274
azure,azure_cosmos_writes,true,200,1596397520234,1596397526486,6251
azure,azure_cosmos_writes,true,200,1596397526486,1596397529799,3312
azure,azure_cosmos_writes,true,200,1596397529799,1596397533965,4166
azure,azure_cosmos_writes,true,200,1596397533965,1596397542152,8186
azure,azure_cosmos_writes,true,200,1596397542152,1596397546524,4371
azure,azure_cosmos_writes,true,200,1596397546524,1596397550354,3829
azure,azure_cosmos_writes,true,200,1596397550354,1596397555210,4855
azure,azure_cosmos_writes,true,200,1596397555210,1596397558717,3506
azure,azure_cosmos_writes,true,200,1596397558717,1596397562932,4215
azure,azure_cosmos_writes,true,200,1596397562932,1596397567654,4721
azure,azure_cosmos_writes,true,200,1596397567654,1596397574547,6893
azure,azure_cosmos_writes,true,200,1596397574547,1596397578408,3860
azure,azure_cosmos_writes,true,200,1596397578408,1596397583340,4932
azure,azure_cosmos_writes,true,200,1596397583340,1596397591785,8444
azure,azure_cosmos_writes,true,200,1596397591785,1596397598956,7170
azure,azure_cosmos_writes,true,200,1596397598956,1596397605449,6492
azure,azure_cosmos_writes,true,200,1596397605449,1596397610891,5441
azure,azure_cosmos_writes,true,200,1596397610891,1596397615836,4944
azure,azure_cosmos_writes,true,200,1596397615836,1596397619644,3808
azure,azure_cosmos_writes,true,200,1596397619644,1596397622346,2701
azure,azure_cosmos_writes,true,200,1596397622346,1596397625593,3246
azure,azure_cosmos_writes,true,200,1596397625593,1596397629862,4268
azure,azure_cosmos_writes,true,200,1596397629862,1596397634361,4498
azure,azure_cosmos_writes,true,200,1596397634361,1596397639012,4650
azure,azure_cosmos_writes,true,200,1596397639012,1596397644448,5435
azure,azure_cosmos_writes,true,200,1596397644448,1596397647555,3106
azure,azure_cosmos_writes,true,200,1596397647555,1596397653799,6243
azure,azure_cosmos_writes,true,200,1596397653799,1596397661184,7384
azure,azure_cosmos_writes,true,200,1596397661184,1596397664661,3476
azure,azure_cosmos_writes,true,200,1596397664661,1596397670307,5645
azure,azure_cosmos_writes,true,200,1596397670307,1596397676041,5733
azure,azure_cosmos_writes,true,200,1596397676041,1596397679509,3467
azure,azure_cosmos_writes,true,200,1596397679509,1596397685140,5631
azure,azure_cosmos_writes,true,200,1596397685140,1596397688983,3843
azure,azure_cosmos_writes,true,200,1596397688983,1596397693381,4397
azure,azure_cosmos_writes,true,200,1596397693381,1596397696144,2762
azure,azure_cosmos_writes,true,200,1596397696144,1596397703486,7341
azure,azure_cosmos_writes,true,200,1596397703486,1596397707336,3849
azure,azure_cosmos_writes,true,200,1596397707336,1596397710541,3205
azure,azure_cosmos_writes,true,200,1596397710541,1596397714112,3570
azure,azure_cosmos_writes,true,200,1596397714112,1596397718617,4504
azure,azure_cosmos_writes,true,200,1596397718617,1596397723490,4872
azure,azure_cosmos_writes,true,200,1596397723490,1596397728628,5137
azure,azure_cosmos_writes,true,200,1596397728628,1596397736472,7843
azure,azure_cosmos_writes,true,200,1596397736472,1596397742125,5652
azure,azure_cosmos_writes,true,200,1596397742125,1596397746253,4127
azure,azure_cosmos_writes,true,200,1596397746253,1596397751481,5227
azure,azure_cosmos_writes,true,200,1596397751481,1596397756993,5512
azure,azure_cosmos_writes,true,200,1596397756993,1596397762434,5440
azure,azure_cosmos_writes,true,200,1596397762434,1596397767430,4995
azure,azure_cosmos_writes,true,200,1596397767430,1596397772735,5305
azure,azure_cosmos_writes,true,200,1596397772735,1596397778405,5669
azure,azure_cosmos_writes,true,200,1596397778405,1596397781859,3453
azure,azure_cosmos_writes,true,200,1596397781859,1596397785827,3967
azure,azure_cosmos_writes,true,200,1596397785827,1596397790126,4298
azure,azure_cosmos_writes,true,200,1596397790126,1596397795485,5358
azure,azure_cosmos_writes,true,200,1596397795485,1596397800331,4845
azure,azure_cosmos_writes,true,200,1596397800331,1596397809249,8917
azure,azure_cosmos_writes,true,200,1596397809249,1596397814165,4915
azure,azure_cosmos_writes,true,200,1596397814165,1596397818894,4728
azure,azure_cosmos_writes,true,200,1596397818894,1596397823387,4492
azure,azure_cosmos_writes,true,200,1596397823387,1596397828953,5565
azure,azure_cosmos_writes,true,200,1596397828953,1596397833982,5028
azure,azure_cosmos_writes,true,200,1596397833982,1596397838254,4271
azure,azure_cosmos_writes,true,200,1596397838254,1596397844616,6361
azure,azure_cosmos_writes,true,200,1596397844616,1596397849424,4807
azure,azure_cosmos_writes,true,200,1596397849424,1596397854199,4774
azure,azure_cosmos_writes,true,200,1596397854199,1596397857364,3164
azure,azure_cosmos_writes,true,200,1596397857364,1596397860949,3584
azure,azure_cosmos_writes,true,200,1596397860949,1596397864938,3988
azure,azure_cosmos_writes,true,200,1596397864938,1596397868746,3807
azure,azure_cosmos_writes,true,200,1596397868746,1596397874735,5988
azure,azure_cosmos_writes,true,200,1596397874735,1596397880211,5475
azure,azure_cosmos_writes,true,200,1596397880211,1596397884213,4001
azure,azure_cosmos_writes,true,200,1596397884213,1596397889344,5130
azure,azure_cosmos_writes,true,200,1596397889344,1596397892848,3503
azure,azure_cosmos_writes,true,200,1596397892848,1596397900221,7372
azure,azure_cosmos_writes,true,200,1596397900221,1596397906509,6287
azure,azure_cosmos_writes,true,200,1596397906509,1596397913409,6899
azure,azure_cosmos_writes,true,200,1596397913409,1596397918453,5043
azure,azure_cosmos_writes,true,200,1596397918453,1596397922719,4265
azure,azure_cosmos_writes,true,200,1596397922719,1596397929666,6947
azure,azure_cosmos_writes,true,200,1596397929666,1596397932898,3231
azure,azure_cosmos_writes,true,200,1596397932898,1596397935758,2859
azure,azure_cosmos_writes,true,200,1596397935758,1596397940339,4580
azure,azure_cosmos_writes,true,200,1596397940339,1596397945624,5284
azure,azure_cosmos_writes,true,200,1596397945624,1596397950842,5217
azure,azure_cosmos_writes,true,200,1596397950842,1596397955806,4963
azure,azure_cosmos_writes,true,200,1596397955806,1596397959460,3653
azure,azure_cosmos_writes,true,200,1596397959460,1596397966413,6952
azure,azure_cosmos_writes,true,200,1596397966413,1596397974102,7688
azure,azure_cosmos_writes,true,200,1596397974102,1596397976693,2590
azure,azure_cosmos_writes,true,200,1596397976693,1596397980922,4228
azure,azure_cosmos_writes,true,200,1596397980922,1596397985568,4645
azure,azure_cosmos_writes,true,200,1596397985568,1596397989553,3984
azure,azure_cosmos_writes,true,200,1596397989553,1596397992811,3257
azure,azure_cosmos_writes,true,200,1596397992811,1596398000058,7246
azure,azure_cosmos_writes,true,200,1596398000058,1596398003406,3347
azure,azure_cosmos_writes,true,200,1596398003406,1596398008245,4838
azure,azure_cosmos_writes,true,200,1596398008245,1596398012061,3815
azure,azure_cosmos_writes,true,200,1596398012061,1596398015334,3273
azure,azure_cosmos_writes,true,200,1596398015334,1596398020258,4923
azure,azure_cosmos_writes,true,200,1596398020258,1596398026746,6487
azure,azure_cosmos_writes,true,200,1596398026746,1596398031144,4397
azure,azure_cosmos_writes,true,200,1596398031144,1596398035761,4616
azure,azure_cosmos_writes,true,200,1596398035761,1596398040621,4859
azure,azure_cosmos_writes,true,200,1596398040621,1596398044475,3853
azure,azure_cosmos_writes,true,200,1596398044475,1596398048859,4383
azure,azure_cosmos_writes,true,200,1596398048859,1596398052573,3714
azure,azure_cosmos_writes,true,200,1596398052573,1596398057715,5141
azure,azure_cosmos_writes,true,200,1596398057715,1596398060990,3274
azure,azure_cosmos_writes,true,200,1596398060990,1596398065638,4647
azure,azure_cosmos_writes,true,200,1596398065638,1596398072263,6624
azure,azure_cosmos_writes,true,200,1596398072263,1596398077753,5489
azure,azure_cosmos_writes,true,200,1596398077753,1596398082039,4285
azure,azure_cosmos_writes,true,200,1596398082039,1596398087301,5261
azure,azure_cosmos_writes,true,200,1596398087301,1596398090778,3476
azure,azure_cosmos_writes,true,200,1596398090778,1596398096852,6073
azure,azure_cosmos_writes,true,200,1596398096852,1596398100132,3279
azure,azure_cosmos_writes,true,200,1596398100132,1596398104599,4466
azure,azure_cosmos_writes,true,200,1596398104599,1596398107787,3187
azure,azure_cosmos_writes,true,200,1596398107787,1596398112240,4452
azure,azure_cosmos_writes,true,200,1596398112240,1596398119376,7135
azure,azure_cosmos_writes,true,200,1596398119376,1596398124318,4942
azure,azure_cosmos_writes,true,200,1596398124318,1596398128654,4335
azure,azure_cosmos_writes,true,200,1596398128654,1596398134212,5557
azure,azure_cosmos_writes,true,200,1596398134212,1596398139548,5335
azure,azure_cosmos_writes,true,200,1596398139548,1596398144420,4871
azure,azure_cosmos_writes,true,200,1596398144420,1596398152046,7625
azure,azure_cosmos_writes,true,200,1596398152046,1596398157883,5836
azure,azure_cosmos_writes,true,200,1596398157883,1596398162071,4187
azure,azure_cosmos_writes,true,200,1596398162071,1596398168188,6116
azure,azure_cosmos_writes,true,200,1596398168188,1596398174982,6793
azure,azure_cosmos_writes,true,200,1596398174982,1596398179508,4525
azure,azure_cosmos_writes,true,200,1596398179508,1596398183238,3729
azure,azure_cosmos_writes,true,200,1596398183238,1596398188831,5593
azure,azure_cosmos_writes,true,200,1596398188831,1596398193073,4241
azure,azure_cosmos_writes,true,200,1596398193073,1596398196325,3251
azure,azure_cosmos_writes,true,200,1596398196325,1596398200575,4249
azure,azure_cosmos_writes,true,200,1596398200575,1596398205709,5133
azure,azure_cosmos_writes,true,200,1596398205709,1596398211017,5307
azure,azure_cosmos_writes,true,200,1596398211017,1596398216590,5572
azure,azure_cosmos_writes,true,200,1596398216590,1596398221935,5344
azure,azure_cosmos_writes,true,200,1596398221935,1596398227720,5785
azure,azure_cosmos_writes,true,200,1596398227720,1596398232482,4761
azure,azure_cosmos_writes,true,200,1596398232482,1596398236064,3581
azure,azure_cosmos_writes,true,200,1596398236064,1596398241611,5546
azure,azure_cosmos_writes,true,200,1596398241611,1596398243697,2085
azure,azure_cosmos_writes,true,200,1596398243697,1596398248260,4562
azure,azure_cosmos_writes,true,200,1596398248260,1596398253577,5316
azure,azure_cosmos_writes,true,200,1596398253577,1596398257806,4228
azure,azure_cosmos_writes,true,200,1596398257806,1596398261840,4034
azure,azure_cosmos_writes,true,200,1596398261840,1596398266510,4669
azure,azure_cosmos_writes,true,200,1596398266510,1596398271449,4938
azure,azure_cosmos_writes,true,200,1596398271449,1596398276333,4883
azure,azure_cosmos_writes,true,200,1596398276333,1596398279980,3646
azure,azure_cosmos_writes,true,200,1596398279980,1596398284666,4685
azure,azure_cosmos_writes,true,200,1596398284666,1596398289570,4903
azure,azure_cosmos_writes,true,200,1596398289570,1596398296455,6884
azure,azure_cosmos_writes,true,200,1596398296455,1596398300616,4160
azure,azure_cosmos_writes,true,200,1596398300616,1596398306809,6192
azure,azure_cosmos_writes,true,200,1596398306809,1596398311032,4222
azure,azure_cosmos_writes,true,200,1596398311032,1596398315739,4706
azure,azure_cosmos_writes,true,200,1596398315739,1596398319917,4177
azure,azure_cosmos_writes,true,200,1596398319917,1596398327608,7690
azure,azure_cosmos_writes,true,200,1596398327608,1596398333043,5434
azure,azure_cosmos_writes,true,200,1596398333043,1596398337247,4203
azure,azure_cosmos_writes,true,200,1596398337247,1596398344202,6954
azure,azure_cosmos_writes,true,200,1596398344202,1596398349378,5175
azure,azure_cosmos_writes,true,200,1596398349378,1596398353574,4195
azure,azure_cosmos_writes,true,200,1596398353574,1596398357454,3879
azure,azure_cosmos_writes,true,200,1596398357454,1596398360392,2937
azure,azure_cosmos_writes,true,200,1596398360392,1596398365990,5597
azure,azure_cosmos_writes,true,200,1596398365990,1596398369711,3721
azure,azure_cosmos_writes,true,200,1596398369711,1596398374691,4979
azure,azure_cosmos_writes,true,200,1596398374691,1596398379558,4867
azure,azure_cosmos_writes,true,200,1596398379558,1596398385970,6411
azure,azure_cosmos_writes,true,200,1596398385970,1596398390134,4163
azure,azure_cosmos_writes,true,200,1596398390134,1596398393545,3410
azure,azure_cosmos_writes,true,200,1596398393545,1596398397405,3859
azure,azure_cosmos_writes,true,200,1596398397405,1596398400544,3138
azure,azure_cosmos_writes,true,200,1596398400544,1596398406459,5915
azure,azure_cosmos_writes,true,200,1596398406459,1596398411352,4892
azure,azure_cosmos_writes,true,200,1596398411352,1596398417411,6058
azure,azure_cosmos_writes,true,200,1596398417411,1596398422166,4754
azure,azure_cosmos_writes,true,200,1596398422166,1596398427022,4855
azure,azure_cosmos_writes,true,200,1596398427022,1596398430717,3694
azure,azure_cosmos_writes,true,200,1596398430717,1596398434457,3739
azure,azure_cosmos_writes,true,200,1596398434457,1596398438605,4147
azure,azure_cosmos_writes,true,200,1596398438605,1596398443568,4963
azure,azure_cosmos_writes,true,200,1596398443568,1596398447805,4236
azure,azure_cosmos_writes,true,200,1596398447805,1596398452600,4794
azure,azure_cosmos_writes,true,200,1596398452600,1596398457061,4460
azure,azure_cosmos_writes,true,200,1596398457061,1596398460742,3680
azure,azure_cosmos_writes,true,200,1596398460742,1596398469300,8557
azure,azure_cosmos_writes,true,200,1596398469300,1596398474085,4784
azure,azure_cosmos_writes,true,200,1596398474085,1596398478320,4234
azure,azure_cosmos_writes,true,200,1596398478320,1596398484369,6048
azure,azure_cosmos_writes,true,200,1596398484369,1596398487917,3547
azure,azure_cosmos_writes,true,200,1596398487917,1596398491244,3327
azure,azure_cosmos_writes,true,200,1596398491244,1596398496336,5091
azure,azure_cosmos_writes,true,200,1596398496336,1596398499433,3096
azure,azure_cosmos_writes,true,200,1596398499433,1596398503283,3849
azure,azure_cosmos_writes,true,200,1596398503283,1596398508074,4790
azure,azure_cosmos_writes,true,200,1596398508074,1596398512606,4531
azure,azure_cosmos_writes,true,200,1596398512606,1596398519404,6797
azure,azure_cosmos_writes,true,200,1596398519404,1596398523143,3738
azure,azure_cosmos_writes,true,200,1596398523143,1596398530495,7351
azure,azure_cosmos_writes,true,200,1596398530495,1596398535725,5229
azure,azure_cosmos_writes,true,200,1596398535725,1596398539086,3360
azure,azure_cosmos_writes,true,200,1596398539086,1596398544075,4988
azure,azure_cosmos_writes,true,200,1596398544075,1596398548083,4007
azure,azure_cosmos_writes,true,200,1596398548083,1596398555449,7365
azure,azure_cosmos_writes,true,200,1596398555449,1596398561455,6005
azure,azure_cosmos_writes,true,200,1596398561455,1596398568664,7208
azure,azure_cosmos_writes,true,200,1596398568664,1596398573836,5171
azure,azure_cosmos_writes,true,200,1596398573836,1596398578184,4347
azure,azure_cosmos_writes,true,200,1596398578184,1596398583979,5794
azure,azure_cosmos_writes,true,200,1596398583979,1596398588089,4109
azure,azure_cosmos_writes,true,200,1596398588089,1596398593849,5759
azure,azure_cosmos_writes,true,200,1596398593849,1596398597689,3839
azure,azure_cosmos_writes,true,200,1596398597689,1596398603843,6153
azure,azure_cosmos_writes,true,200,1596398603843,1596398608560,4716
azure,azure_cosmos_writes,true,200,1596398608560,1596398612037,3476
azure,azure_cosmos_writes,true,200,1596398612037,1596398615374,3336
azure,azure_cosmos_writes,true,200,1596398615374,1596398620553,5178
azure,azure_cosmos_writes,true,200,1596398620553,1596398627550,6996
azure,azure_cosmos_writes,true,200,1596398627550,1596398631959,4408
azure,azure_cosmos_writes,true,200,1596398631959,1596398638977,7017
azure,azure_cosmos_writes,true,200,1596398638977,1596398642623,3645
azure,azure_cosmos_writes,true,200,1596398642623,1596398649296,6672
azure,azure_cosmos_writes,true,200,1596398649296,1596398654589,5292
azure,azure_cosmos_writes,true,200,1596398654589,1596398659416,4826
azure,azure_cosmos_writes,true,200,1596398659416,1596398666349,6932
azure,azure_cosmos_writes,true,200,1596398666349,1596398670958,4608
azure,azure_cosmos_writes,true,200,1596398670958,1596398677387,6428
azure,azure_cosmos_writes,true,200,1596398677387,1596398682086,4698
azure,azure_cosmos_writes,true,200,1596398682086,1596398685328,3241
azure,azure_cosmos_writes,true,200,1596398685328,1596398689865,4536
azure,azure_cosmos_writes,true,200,1596398689865,1596398698120,8254
azure,azure_cosmos_writes,true,200,1596398698120,1596398702539,4418
azure,azure_cosmos_writes,true,200,1596398702539,1596398706262,3722
azure,azure_cosmos_writes,true,200,1596398706262,1596398711378,5115
azure,azure_cosmos_writes,true,200,1596398711378,1596398715892,4513
azure,azure_cosmos_writes,true,200,1596398715892,1596398723265,7372
azure,azure_cosmos_writes,true,200,1596398723265,1596398726906,3640
azure,azure_cosmos_writes,true,200,1596398726906,1596398731155,4249
azure,azure_cosmos_writes,true,200,1596398731155,1596398736294,5138
azure,azure_cosmos_writes,true,200,1596398736294,1596398739371,3076
azure,azure_cosmos_writes,true,200,1596398739371,1596398746348,6976
azure,azure_cosmos_writes,true,200,1596398746348,1596398750367,4018
azure,azure_cosmos_writes,true,200,1596398750367,1596398755327,4959
azure,azure_cosmos_writes,true,200,1596398755327,1596398758993,3665
azure,azure_cosmos_writes,true,200,1596398758993,1596398763676,4683
azure,azure_cosmos_writes,true,200,1596398763676,1596398770712,7035
azure,azure_cosmos_writes,true,200,1596398770712,1596398774146,3433