aws,azure_dynamo_reads,false,200,1596393103316,1596393108436,5120
aws,azure_dynamo_reads,false,200,1596393108438,1596393112834,4396
aws,azure_dynamo_reads,false,200,1596393112834,1596393117544,4710
aws,azure_dynamo_reads,false,200,1596393117544,1596393122151,4607
aws,azure_dynamo_reads,false,200,1596393122152,1596393126863,4711
aws,azure_dynamo_reads,false,200,1596393126864,1596393131472,4608
aws,azure_dynamo_reads,false,200,1596393131473,1596393136045,4572
aws,azure_dynamo_reads,false,200,1596393136046,1596393140588,4542
aws,azure_dynamo_reads,false,200,1596393140588,1596393145401,4813
aws,azure_dynamo_reads,false,200,1596393145401,1596393151444,6043
aws,azure_dynamo_reads,false,200,1596393151445,1596393156565,5120
aws,azure_dynamo_reads,false,200,1596393156565,1596393162011,5446
aws,azure_dynamo_reads,false,200,1596393162011,1596393167258,5247
aws,azure_dynamo_reads,false,200,1596393167258,1596393171925,4667
aws,azure_dynamo_reads,false,200,1596393171925,1596393178068,6143
aws,azure_dynamo_reads,false,200,1596393178068,1596393183905,5837
aws,azure_dynamo_reads,false,200,1596393183910,1596393189129,5219
aws,azure_dynamo_reads,false,200,1596393189130,1596393193840,4710
aws,azure_dynamo_reads,false,200,1596393193841,1596393198690,4849
aws,azure_dynamo_reads,false,200,1596393198690,1596393203765,5075
aws,azure_dynamo_reads,false,200,1596393203766,1596393208793,5027
aws,azure_dynamo_reads,false,200,1596393208793,1596393213334,4541
aws,azure_dynamo_reads,false,200,1596393213336,1596393218108,4772
aws,azure_dynamo_reads,false,200,1596393218108,1596393223287,5179
aws,azure_dynamo_reads,false,200,1596393223288,1596393229578,6290
aws,azure_dynamo_reads,false,200,1596393229579,1596393235400,5821
aws,azure_dynamo_reads,false,200,1596393235400,1596393240943,5543
aws,azure_dynamo_reads,false,200,1596393240944,1596393246372,5428
aws,azure_dynamo_reads,false,200,1596393246372,1596393251695,5323
aws,azure_dynamo_reads,false,200,1596393251695,1596393256880,5185
aws,azure_dynamo_reads,false,200,1596393256880,1596393261832,4952
aws,azure_dynamo_reads,false,200,1596393261833,1596393266912,5079
aws,azure_dynamo_reads,false,200,1596393266913,1596393272074,5161
aws,azure_dynamo_reads,false,200,1596393272077,1596393277738,5661
aws,azure_dynamo_reads,false,200,1596393277739,1596393283717,5978
aws,azure_dynamo_reads,false,200,1596393283717,1596393290303,6586
aws,azure_dynamo_reads,false,200,1596393290303,1596393296239,5936
aws,azure_dynamo_reads,false,200,1596393296240,1596393303000,6760
aws,azure_dynamo_reads,false,200,1596393303002,1596393309654,6652
aws,azure_dynamo_reads,false,200,1596393309654,1596393315379,5725
aws,azure_dynamo_reads,false,200,1596393315379,1596393321840,6461
aws,azure_dynamo_reads,false,200,1596393321841,1596393327863,6022
aws,azure_dynamo_reads,false,200,1596393327863,1596393333450,5587
aws,azure_dynamo_reads,false,200,1596393333450,1596393338326,4876
aws,azure_dynamo_reads,false,200,1596393338326,1596393343217,4891
aws,azure_dynamo_reads,false,200,1596393343218,1596393348076,4858
aws,azure_dynamo_reads,false,200,1596393348076,1596393352633,4557
aws,azure_dynamo_reads,false,200,1596393352633,1596393357679,5046
aws,azure_dynamo_reads,false,200,1596393357680,1596393363110,5430
aws,azure_dynamo_reads,false,200,1596393363110,1596393368226,5116
aws,azure_dynamo_reads,false,200,1596393368227,1596393373375,5148
aws,azure_dynamo_reads,false,200,1596393373376,1596393379901,6525
aws,azure_dynamo_reads,false,200,1596393379901,1596393386352,6451
aws,azure_dynamo_reads,false,200,1596393386352,1596393393102,6750
aws,azure_dynamo_reads,false,200,1596393393105,1596393400584,7479
aws,azure_dynamo_reads,false,200,1596393400584,1596393406834,6250
aws,azure_dynamo_reads,false,200,1596393406834,1596393413694,6860
aws,azure_dynamo_reads,false,200,1596393413694,1596393420351,6657
aws,azure_dynamo_reads,false,200,1596393420351,1596393426387,6036
aws,azure_dynamo_reads,false,200,1596393426387,1596393432683,6296
aws,azure_dynamo_reads,false,200,1596393432683,1596393438221,5538
aws,azure_dynamo_reads,false,200,1596393438221,1596393444310,6089
aws,azure_dynamo_reads,false,200,1596393444311,1596393451275,6964
aws,azure_dynamo_reads,false,200,1596393451275,1596393458307,7032
aws,azure_dynamo_reads,false,200,1596393458307,1596393463812,5505
aws,azure_dynamo_reads,false,200,1596393463813,1596393468895,5082
aws,azure_dynamo_reads,false,200,1596393468895,1596393474518,5623
aws,azure_dynamo_reads,false,200,1596393474518,1596393480355,5837
aws,azure_dynamo_reads,false,200,1596393480355,1596393486499,6144
aws,azure_dynamo_reads,false,200,1596393486499,1596393492312,5813
aws,azure_dynamo_reads,false,200,1596393492312,1596393497685,5373
aws,azure_dynamo_reads,false,200,1596393497685,1596393504213,6528
aws,azure_dynamo_reads,false,200,1596393504213,1596393509918,5705
aws,azure_dynamo_reads,false,200,1596393509918,1596393517130,7212
aws,azure_dynamo_reads,false,200,1596393517130,1596393524577,7447
aws,azure_dynamo_reads,false,200,1596393524577,1596393531658,7081
aws,azure_dynamo_reads,false,200,1596393531658,1596393538817,7159
aws,azure_dynamo_reads,false,200,1596393538817,1596393546479,7662
aws,azure_dynamo_reads,false,200,1596393546479,1596393552851,6372
aws,azure_dynamo_reads,false,200,1596393552852,1596393559920,7068
aws,azure_dynamo_reads,false,200,1596393559920,1596393567703,7783
aws,azure_dynamo_reads,false,200,1596393567703,1596393573762,6059
aws,azure_dynamo_reads,false,200,1596393573765,1596393581017,7252
aws,azure_dynamo_reads,false,200,1596393581018,1596393587536,6518
aws,azure_dynamo_reads,false,200,1596393587536,1596393592688,5152
aws,azure_dynamo_reads,false,200,1596393592689,1596393599213,6524
aws,azure_dynamo_reads,false,200,1596393599213,1596393606615,7402
aws,azure_dynamo_reads,false,200,1596393606615,1596393613477,6862
aws,azure_dynamo_reads,false,200,1596393613477,1596393618904,5427
aws,azure_dynamo_reads,false,200,1596393618905,1596393624227,5322
aws,azure_dynamo_reads,false,200,1596393624228,1596393629395,5167
aws,azure_dynamo_reads,false,200,1596393629396,1596393635014,5618
aws,azure_dynamo_reads,false,200,1596393635014,1596393641956,6942
aws,azure_dynamo_reads,false,200,1596393641956,1596393648895,6939
aws,azure_dynamo_reads,false,200,1596393648896,1596393656136,7240
aws,azure_dynamo_reads,false,200,1596393656136,1596393662639,6503
aws,azure_dynamo_reads,false,200,1596393662640,1596393668875,6235
aws,azure_dynamo_reads,false,200,1596393668875,1596393675839,6964
aws,azure_dynamo_reads,false,200,1596393675839,1596393682084,6245
aws,azure_dynamo_reads,false,200,1596393682085,1596393689049,6964
aws,azure_dynamo_reads,false,200,1596393689049,1596393694248,5198
aws,azure_dynamo_reads,false,200,1596393694248,1596393700125,5876
aws,azure_dynamo_reads,false,200,1596393700125,1596393705342,5216
aws,azure_dynamo_reads,false,200,1596393705342,1596393711500,6157
aws,azure_dynamo_reads,false,200,1596393711500,1596393717620,6119
aws,azure_dynamo_reads,false,200,1596393717620,1596393722834,5214
aws,azure_dynamo_reads,false,200,1596393722834,1596393729792,6957
aws,azure_dynamo_reads,false,200,1596393729792,1596393734913,5120
aws,azure_dynamo_reads,false,200,1596393734913,1596393740062,5149
aws,azure_dynamo_reads,false,200,1596393740062,1596393745182,5119
aws,azure_dynamo_reads,false,200,1596393745182,1596393751212,6029
aws,azure_dynamo_reads,false,200,1596393751212,1596393756004,4791
aws,azure_dynamo_reads,false,200,1596393756004,1596393761464,5459
aws,azure_dynamo_reads,false,200,1596393761464,1596393768106,6641
aws,azure_dynamo_reads,false,200,1596393768106,1596393775012,6905
aws,azure_dynamo_reads,false,200,1596393775012,1596393780467,5454
aws,azure_dynamo_reads,false,200,1596393780467,1596393787352,6884
aws,azure_dynamo_reads,false,200,1596393787352,1596393794105,6752
aws,azure_dynamo_reads,false,200,1596393794105,1596393798860,4754
aws,azure_dynamo_reads,false,200,1596393798860,1596393806300,7439
aws,azure_dynamo_reads,false,200,1596393806300,1596393812127,5826
aws,azure_dynamo_reads,false,200,1596393812127,1596393818672,6544
aws,azure_dynamo_reads,false,200,1596393818672,1596393823708,5036
aws,azure_dynamo_reads,false,200,1596393823708,1596393829285,5576
aws,azure_dynamo_reads,false,200,1596393829285,1596393836240,6954
aws,azure_dynamo_reads,false,200,1596393836240,1596393842399,6158
aws,azure_dynamo_reads,false,200,1596393842399,1596393848684,6284
aws,azure_dynamo_reads,false,200,1596393848684,1596393854172,5487
aws,azure_dynamo_reads,false,200,1596393854172,1596393861117,6944
aws,azure_dynamo_reads,false,200,1596393861117,1596393865197,4079
aws,azure_dynamo_reads,false,200,1596393865197,1596393872450,7252
aws,azure_dynamo_reads,false,200,1596393872450,1596393877443,4993
aws,azure_dynamo_reads,false,200,1596393877443,1596393882508,5064
aws,azure_dynamo_reads,false,200,1596393882508,1596393887734,5225
aws,azure_dynamo_reads,false,200,1596393887734,1596393892328,4593
aws,azure_dynamo_reads,false,200,1596393892328,1596393897101,4772
aws,azure_dynamo_reads,false,200,1596393897101,1596393903441,6339
aws,azure_dynamo_reads,false,200,1596393903441,1596393908827,5385
aws,azure_dynamo_reads,false,200,1596393908827,1596393915527,6699
aws,azure_dynamo_reads,false,200,1596393915527,1596393922069,6541
aws,azure_dynamo_reads,false,200,1596393922069,1596393927541,5471
aws,azure_dynamo_reads,false,200,1596393927541,1596393932657,5115
aws,azure_dynamo_reads,false,200,1596393932657,1596393937478,4820
aws,azure_dynamo_reads,false,200,1596393937478,1596393942909,5430
aws,azure_dynamo_reads,false,200,1596393942909,1596393949881,6971
aws,azure_dynamo_reads,false,200,1596393949881,1596393956256,6374
aws,azure_dynamo_reads,false,200,1596393956256,1596393961158,4901
aws,azure_dynamo_reads,false,200,1596393961158,1596393967289,6130
aws,azure_dynamo_reads,false,200,1596393967289,1596393972280,4991
aws,azure_dynamo_reads,false,200,1596393972280,1596393976853,4572
aws,azure_dynamo_reads,false,200,1596393976853,1596393982400,5546
aws,azure_dynamo_reads,false,200,1596393982400,1596393987456,5056
aws,azure_dynamo_reads,false,200,1596393987456,1596393993768,6311
aws,azure_dynamo_reads,false,200,1596393993768,1596393999529,5760
aws,azure_dynamo_reads,false,200,1596393999529,1596394006498,6968
aws,azure_dynamo_reads,false,200,1596394006498,1596394013786,7287
aws,azure_dynamo_reads,false,200,1596394013786,1596394021052,7265
aws,azure_dynamo_reads,false,200,1596394021052,1596394026780,5727
aws,azure_dynamo_reads,false,200,1596394026780,1596394033308,6527
aws,azure_dynamo_reads,false,200,1596394033308,1596394038199,4890
aws,azure_dynamo_reads,false,200,1596394038199,1596394046031,7832
aws,azure_dynamo_reads,false,200,1596394046031,1596394053274,7242
aws,azure_dynamo_reads,false,200,1596394053274,1596394058355,5080
aws,azure_dynamo_reads,false,200,1596394058355,1596394065358,7002
aws,azure_dynamo_reads,false,200,1596394065358,1596394069713,4354
aws,azure_dynamo_reads,false,200,1596394069713,1596394074338,4624
aws,azure_dynamo_reads,false,200,1596394074338,1596394079234,4895
aws,azure_dynamo_reads,false,200,1596394079234,1596394083355,4120
aws,azure_dynamo_reads,false,200,1596394083355,1596394088449,5093
aws,azure_dynamo_reads,false,200,1596394088449,1596394094030,5580
aws,azure_dynamo_reads,false,200,1596394094030,1596394100504,6473
aws,azure_dynamo_reads,false,200,1596394100504,1596394106373,5868
aws,azure_dynamo_reads,false,200,1596394106373,1596394113499,7125
aws,azure_dynamo_reads,false,200,1596394113499,1596394120486,6986
aws,azure_dynamo_reads,false,200,1596394120486,1596394126523,6036
aws,azure_dynamo_reads,false,200,1596394126523,1596394132831,6307
aws,azure_dynamo_reads,false,200,1596394132831,1596394137883,5051
aws,azure_dynamo_reads,false,200,1596394137883,1596394143755,5871
aws,azure_dynamo_reads,false,200,1596394143755,1596394147759,4004
aws,azure_dynamo_reads,false,200,1596394147759,1596394153952,6192
aws,azure_dynamo_reads,false,200,1596394153952,1596394158627,4674
aws,azure_dynamo_reads,false,200,1596394158627,1596394164710,6082
aws,azure_dynamo_reads,false,200,1596394164710,1596394171660,6949
aws,azure_dynamo_reads,false,200,1596394171660,1596394178319,6658
aws,azure_dynamo_reads,false,200,1596394178319,1596394183884,5564
aws,azure_dynamo_reads,false,200,1596394183884,1596394189330,5445
aws,azure_dynamo_reads,false,200,1596394189330,1596394195838,6508
aws,azure_dynamo_reads,false,200,1596394195838,1596394201848,6009
aws,azure_dynamo_reads,false,200,1596394201848,1596394207829,5980
aws,azure_dynamo_reads,false,200,1596394207829,1596394214789,6959
aws,azure_dynamo_reads,false,200,1596394214789,1596394219894,5104
aws,azure_dynamo_reads,false,200,1596394219894,1596394224870,4976
aws,azure_dynamo_reads,false,200,1596394224870,1596394229578,4708
aws,azure_dynamo_reads,false,200,1596394229578,1596394235527,5948
aws,azure_dynamo_reads,false,200,1596394235527,1596394239972,4444
aws,azure_dynamo_reads,false,200,1596394239972,1596394244844,4871
aws,azure_dynamo_reads,false,200,1596394244844,1596394249968,5123
aws,azure_dynamo_reads,false,200,1596394249968,1596394256509,6540
aws,azure_dynamo_reads,false,200,1596394256509,1596394262856,6346
aws,azure_dynamo_reads,false,200,1596394262856,1596394269101,6244
aws,azure_dynamo_reads,false,200,1596394269101,1596394275423,6321
aws,azure_dynamo_reads,false,200,1596394275423,1596394280769,5345
aws,azure_dynamo_reads,false,200,1596394280769,1596394287637,6867
aws,azure_dynamo_reads,false,200,1596394287637,1596394293216,5579
aws,azure_dynamo_reads,false,200,1596394293216,1596394299711,6495
aws,azure_dynamo_reads,false,200,1596394299711,1596394306897,7185
aws,azure_dynamo_reads,false,200,1596394306897,1596394311796,4898
aws,azure_dynamo_reads,false,200,1596394311796,1596394317672,5875
aws,azure_dynamo_reads,false,200,1596394317672,1596394322776,5103
aws,azure_dynamo_reads,false,200,1596394322776,1596394327490,4713
aws,azure_dynamo_reads,false,200,1596394327490,1596394332651,5161
aws,azure_dynamo_reads,false,200,1596394332651,1596394338321,5669
aws,azure_dynamo_reads,false,200,1596394338321,1596394344803,6481
aws,azure_dynamo_reads,false,200,1596394344803,1596394351366,6562
aws,azure_dynamo_reads,false,200,1596394351366,1596394356614,5247
aws,azure_dynamo_reads,false,200,1596394356614,1596394362196,5582
aws,azure_dynamo_reads,false,200,1596394362196,1596394368871,6674
aws,azure_dynamo_reads,false,200,1596394368871,1596394375400,6528
aws,azure_dynamo_reads,false,200,1596394375400,1596394382067,6666
aws,azure_dynamo_reads,false,200,1596394382067,1596394388626,6558
aws,azure_dynamo_reads,false,200,1596394388626,1596394393749,5123
aws,azure_dynamo_reads,false,200,1596394393749,1596394398941,5192
aws,azure_dynamo_reads,false,200,1596394398941,1596394403835,4893
aws,azure_dynamo_reads,false,200,1596394403835,1596394409493,5657
aws,azure_dynamo_reads,false,200,1596394409493,1596394414652,5159
aws,azure_dynamo_reads,false,200,1596394414652,1596394419485,4832
aws,azure_dynamo_reads,false,200,1596394419485,1596394426019,6533
aws,azure_dynamo_reads,false,200,1596394426019,1596394433821,7802
aws,azure_dynamo_reads,false,200,1596394433821,1596394441030,7208
aws,azure_dynamo_reads,false,200,1596394441030,1596394446896,5865
aws,azure_dynamo_reads,false,200,1596394446896,1596394451981,5084
aws,azure_dynamo_reads,false,200,1596394451981,1596394456560,4578
aws,azure_dynamo_reads,false,200,1596394456560,1596394463561,7000
aws,azure_dynamo_reads,false,200,1596394463561,1596394468789,5227
aws,azure_dynamo_reads,false,200,1596394468789,1596394474835,6045
aws,azure_dynamo_reads,false,200,1596394474835,1596394479934,5098
aws,azure_dynamo_reads,false,200,1596394479934,1596394486425,6491
aws,azure_dynamo_reads,false,200,1596394486425,1596394490057,3631
aws,azure_dynamo_reads,false,200,1596394490057,1596394493744,3686
aws,azure_dynamo_reads,false,200,1596394493744,1596394499092,5347
aws,azure_dynamo_reads,false,200,1596394499092,1596394503489,4396
aws,azure_dynamo_reads,false,200,1596394503489,1596394510011,6521
aws,azure_dynamo_reads,false,200,1596394510011,1596394515751,5739
aws,azure_dynamo_reads,false,200,1596394515751,1596394520952,5201
aws,azure_dynamo_reads,false,200,1596394520952,1596394527019,6066
aws,azure_dynamo_reads,false,200,1596394527019,1596394531662,4642
aws,azure_dynamo_reads,false,200,1596394531662,1596394538657,6994
aws,azure_dynamo_reads,false,200,1596394538657,1596394543276,4618
aws,azure_dynamo_reads,false,200,1596394543276,1596394549543,6266
aws,azure_dynamo_reads,false,200,1596394549543,1596394554275,4731
aws,azure_dynamo_reads,false,200,1596394554275,1596394560776,6500
aws,azure_dynamo_reads,false,200,1596394560776,1596394565202,4425
aws,azure_dynamo_reads,false,200,1596394565202,1596394570295,5092
aws,azure_dynamo_reads,false,200,1596394570295,1596394575582,5286
aws,azure_dynamo_reads,false,200,1596394575582,1596394581437,5854
aws,azure_dynamo_reads,false,200,1596394581437,1596394586782,5344
aws,azure_dynamo_reads,false,200,1596394586782,1596394594035,7252
aws,azure_dynamo_reads,false,200,1596394594035,1596394598840,4804
aws,azure_dynamo_reads,false,200,1596394598840,1596394604099,5258
aws,azure_dynamo_reads,false,200,1596394604099,1596394608537,4437
aws,azure_dynamo_reads,false,200,1596394608537,1596394614588,6050
aws,azure_dynamo_reads,false,200,1596394614588,1596394617683,3094
aws,azure_dynamo_reads,false,200,1596394617683,1596394622130,4446
aws,azure_dynamo_reads,false,200,1596394622130,1596394629097,6966
aws,azure_dynamo_reads,false,200,1596394629097,1596394633811,4713
aws,azure_dynamo_reads,false,200,1596394633811,1596394638950,5139
aws,azure_dynamo_reads,false,200,1596394638950,1596394643665,4714
aws,azure_dynamo_reads,false,200,1596394643665,1596394649155,5489
aws,azure_dynamo_reads,false,200,1596394649155,1596394654207,5051
aws,azure_dynamo_reads,false,200,1596394654207,1596394659930,5722
aws,azure_dynamo_reads,false,200,1596394659930,1596394665668,5737
aws,azure_dynamo_reads,false,200,1596394665668,1596394671948,6279
aws,azure_dynamo_reads,false,200,1596394671948,1596394676877,4928
aws,azure_dynamo_reads,false,200,1596394676877,1596394683886,7008
aws,azure_dynamo_reads,false,200,1596394683886,1596394688705,4818
aws,azure_dynamo_reads,false,200,1596394688705,1596394694692,5986
aws,azure_dynamo_reads,false,200,1596394694692,1596394699124,4431
aws,azure_dynamo_reads,false,200,1596394699124,1596394706637,7512
aws,azure_dynamo_reads,false,200,1596394706637,1596394713855,7217
aws,azure_dynamo_reads,false,200,1596394713855,1596394720310,6454
aws,azure_dynamo_reads,false,200,1596394720310,1596394726582,6271
aws,azure_dynamo_reads,false,200,1596394726582,1596394731691,5108
aws,azure_dynamo_reads,false,200,1596394731691,1596394737529,5837
aws,azure_dynamo_reads,false,200,1596394737529,1596394741477,3947
aws,azure_dynamo_reads,false,200,1596394741477,1596394746402,4924
aws,azure_dynamo_reads,false,200,1596394746402,1596394752509,6106
aws,azure_dynamo_reads,false,200,1596394752509,1596394756591,4081
aws,azure_dynamo_reads,false,200,1596394756591,1596394762666,6074
aws,azure_dynamo_reads,false,200,1596394762666,1596394768109,5442
aws,azure_dynamo_reads,false,200,1596394768109,1596394774611,6501
aws,azure_dynamo_reads,false,200,1596394774611,1596394779570,4959
aws,azure_dynamo_reads,false,200,1596394779570,1596394786793,7222
aws,azure_dynamo_reads,false,200,1596394786793,1596394792015,5221
aws,azure_dynamo_reads,false,200,1596394792015,1596394798807,6791
aws,azure_dynamo_reads,false,200,1596394798807,1596394805129,6321
aws,azure_dynamo_reads,false,200,1596394805129,1596394810099,4970
aws,azure_dynamo_reads,false,200,1596394810099,1596394815756,5656
aws,azure_dynamo_reads,false,200,1596394815756,1596394820658,4901
aws,azure_dynamo_reads,false,200,1596394820658,1596394827822,7163
aws,azure_dynamo_reads,false,200,1596394827822,1596394832206,4384
aws,azure_dynamo_reads,false,200,1596394832206,1596394836651,4444
aws,azure_dynamo_reads,false,200,1596394836651,1596394841746,5094
aws,azure_dynamo_reads,false,200,1596394841746,1596394846626,4879
aws,azure_dynamo_reads,false,200,1596394846626,1596394853407,6780
aws,azure_dynamo_reads,false,200,1596394853407,1596394859938,6530
aws,azure_dynamo_reads,false,200,1596394859938,1596394864328,4389
aws,azure_dynamo_reads,false,200,1596394864328,1596394870737,6408
aws,azure_dynamo_reads,false,200,1596394870737,1596394877523,6785
aws,azure_dynamo_reads,false,200,1596394877523,1596394883367,5843
aws,azure_dynamo_reads,false,200,1596394883367,1596394888995,5627
aws,azure_dynamo_reads,false,200,1596394888995,1596394894527,5531
aws,azure_dynamo_reads,false,200,1596394894527,1596394900387,5859
aws,azure_dynamo_reads,false,200,1596394900387,1596394906246,5858
aws,azure_dynamo_reads,false,200,1596394906246,1596394912072,5825
aws,azure_dynamo_reads,false,200,1596394912072,1596394916940,4867
aws,azure_dynamo_reads,false,200,1596394916940,1596394922186,5245
aws,azure_dynamo_reads,false,200,1596394922186,1596394927307,5120
aws,azure_dynamo_reads,false,200,1596394927307,1596394933712,6404
aws,azure_dynamo_reads,false,200,1596394933712,1596394939183,5470
aws,azure_dynamo_reads,false,200,1596394939183,1596394945229,6045
aws,azure_dynamo_reads,false,200,1596394945229,1596394953014,7785
aws,azure_dynamo_reads,false,200,1596394953014,1596394959123,6108
aws,azure_dynamo_reads,false,200,1596394959123,1596394966107,6983
aws,azure_dynamo_reads,false,200,1596394966107,1596394970723,4616
aws,azure_dynamo_reads,false,200,1596394970723,1596394975653,4930
aws,azure_dynamo_reads,false,200,1596394975653,1596394982623,6969
aws,azure_dynamo_reads,false,200,1596394982623,1596394987371,4747
aws,azure_dynamo_reads,false,200,1596394987371,1596394994642,7270
aws,azure_dynamo_reads,false,200,1596394994642,1596395000186,5543
aws,azure_dynamo_reads,false,200,1596395000186,1596395004923,4736
aws,azure_dynamo_reads,false,200,1596395004923,1596395011411,6487
aws,azure_dynamo_reads,false,200,1596395011411,1596395018665,7253
aws,azure_dynamo_reads,false,200,1596395018665,1596395025897,7231
aws,azure_dynamo_reads,false,200,1596395025897,1596395030976,5078
aws,azure_dynamo_reads,false,200,1596395030976,1596395035367,4391
aws,azure_dynamo_reads,false,200,1596395035367,1596395040842,5474
aws,azure_dynamo_reads,false,200,1596395040842,1596395046322,5479
aws,azure_dynamo_reads,false,200,1596395046322,1596395050607,4284
aws,azure_dynamo_reads,false,200,1596395050607,1596395056467,5859
aws,azure_dynamo_reads,false,200,1596395056467,1596395062199,5731
aws,azure_dynamo_reads,false,200,1596395062199,1596395067275,5076
aws,azure_dynamo_reads,false,200,1596395067275,1596395073802,6526
aws,azure_dynamo_reads,false,200,1596395073802,1596395079665,5862
aws,azure_dynamo_reads,false,200,1596395079665,1596395087176,7510
aws,azure_dynamo_reads,false,200,1596395087176,1596395092094,4917
aws,azure_dynamo_reads,false,200,1596395092094,1596395097846,5751
aws,azure_dynamo_reads,false,200,1596395097846,1596395104834,6987
aws,azure_dynamo_reads,false,200,1596395104834,1596395110910,6075
aws,azure_dynamo_reads,false,200,1596395110910,1596395115982,5071
aws,azure_dynamo_reads,false,200,1596395115982,1596395123271,7288
aws,azure_dynamo_reads,false,200,1596395123271,1596395129152,5880
aws,azure_dynamo_reads,false,200,1596395129152,1596395135483,6330
aws,azure_dynamo_reads,false,200,1596395135483,1596395140826,5342
aws,azure_dynamo_reads,false,200,1596395140826,1596395145266,4439
aws,azure_dynamo_reads,false,200,1596395145266,1596395151217,5950
aws,azure_dynamo_reads,false,200,1596395151217,1596395157035,5817
aws,azure_dynamo_reads,false,200,1596395157035,1596395163221,6185
aws,azure_dynamo_reads,false,200,1596395163221,1596395169565,6343
aws,azure_dynamo_reads,false,200,1596395169565,1596395176267,6701
aws,azure_dynamo_reads,false,200,1596395176267,1596395182802,6534
aws,azure_dynamo_reads,false,200,1596395182802,1596395188446,5643
aws,azure_dynamo_reads,false,200,1596395188446,1596395194537,6090
aws,azure_dynamo_reads,false,200,1596395194537,1596395199537,5000
aws,azure_dynamo_reads,false,200,1596395199537,1596395206539,7001
aws,azure_dynamo_reads,false,200,1596395206539,1596395211233,4694
aws,azure_dynamo_reads,false,200,1596395211233,1596395216052,4818
aws,azure_dynamo_reads,false,200,1596395216052,1596395221722,5669
aws,azure_dynamo_reads,false,200,1596395221722,1596395228901,7178
aws,azure_dynamo_reads,false,200,1596395228901,1596395236402,7500
aws,azure_dynamo_reads,false,200,1596395236402,1596395241542,5140
aws,azure_dynamo_reads,false,200,1596395241542,1596395246675,5132
aws,azure_dynamo_reads,false,200,1596395246675,1596395251324,4648
aws,azure_dynamo_reads,false,200,1596395251324,1596395256507,5182
aws,azure_dynamo_reads,false,200,1596395256507,1596395262634,6126
aws,azure_dynamo_reads,false,200,1596395262634,1596395267211,4576
aws,azure_dynamo_reads,false,200,1596395267211,1596395274416,7204
aws,azure_dynamo_reads,false,200,1596395274416,1596395281404,6987
aws,azure_dynamo_reads,false,200,1596395281404,1596395287659,6254
aws,azure_dynamo_reads,false,200,1596395287659,1596395292264,4604
aws,azure_dynamo_reads,false,200,1596395292264,1596395297727,5462
aws,azure_dynamo_reads,false,200,1596395297727,1596395304282,6554
aws,azure_dynamo_reads,false,200,1596395304282,1596395311397,7114
aws,azure_dynamo_reads,false,200,1596395311397,1596395318089,6691
aws,azure_dynamo_reads,false,200,1596395318089,1596395325282,7192
aws,azure_dynamo_reads,false,200,1596395325282,1596395330156,4873
aws,azure_dynamo_reads,false,200,1596395330156,1596395337400,7243
aws,azure_dynamo_reads,false,200,1596395337400,1596395342132,4731
aws,azure_dynamo_reads,false,200,1596395342132,1596395347262,5129
aws,azure_dynamo_reads,false,200,1596395347262,1596395351331,4068
aws,azure_dynamo_reads,false,200,1596395351331,1596395357159,5827
aws,azure_dynamo_reads,false,200,1596395357159,1596395363679,6519
aws,azure_dynamo_reads,false,200,1596395363679,1596395368422,4742
aws,azure_dynamo_reads,false,200,1596395368422,1596395374666,6243
aws,azure_dynamo_reads,false,200,1596395374666,1596395382462,7796
aws,azure_dynamo_reads,false,200,1596395382462,1596395388529,6066
aws,azure_dynamo_reads,false,200,1596395388529,1596395393406,4876
aws,azure_dynamo_reads,false,200,1596395393406,1596395398571,5164
aws,azure_dynamo_reads,false,200,1596395398571,1596395405159,6587
aws,azure_dynamo_reads,false,200,1596395405159,1596395410036,4876
aws,azure_dynamo_reads,false,200,1596395410036,1596395416124,6087
aws,azure_dynamo_reads,false,200,1596395416124,1596395420883,4758
aws,azure_dynamo_reads,false,200,1596395420883,1596395427348,6464
aws,azure_dynamo_reads,false,200,1596395427348,1596395432690,5341
aws,azure_dynamo_reads,false,200,1596395432690,1596395438267,5577
aws,azure_dynamo_reads,false,200,1596395438267,1596395443011,4743
aws,azure_dynamo_reads,false,200,1596395443011,1596395450282,7270
aws,azure_dynamo_reads,false,200,1596395450282,1596395455479,5196
aws,azure_dynamo_reads,false,200,1596395455479,1596395461178,5698
aws,azure_dynamo_reads,false,200,1596395461178,1596395467431,6252
aws,azure_dynamo_reads,false,200,1596395467431,1596395472899,5467
aws,azure_dynamo_reads,false,200,1596395472899,1596395479182,6282
aws,azure_dynamo_reads,false,200,1596395479182,1596395484394,5211
aws,azure_dynamo_reads,false,200,1596395484394,1596395491369,6974
aws,azure_dynamo_reads,false,200,1596395491369,1596395496196,4826
aws,azure_dynamo_reads,false,200,1596395496196,1596395501674,5477
aws,azure_dynamo_reads,false,200,1596395501674,1596395508233,6558
aws,azure_dynamo_reads,false,200,1596395508233,1596395512944,4710
aws,azure_dynamo_reads,false,200,1596395512944,1596395518105,5161
aws,azure_dynamo_reads,false,200,1596395518105,1596395524604,6498
aws,azure_dynamo_reads,false,200,1596395524604,1596395529798,5194
aws,azure_dynamo_reads,false,200,1596395529798,1596395536775,6976
aws,azure_dynamo_reads,false,200,1596395536775,1596395541774,4998
aws,azure_dynamo_reads,false,200,1596395541774,1596395545949,4175
aws,azure_dynamo_reads,false,200,1596395545949,1596395550744,4794
aws,azure_dynamo_reads,false,200,1596395550744,1596395555830,5085
aws,azure_dynamo_reads,false,200,1596395555830,1596395561058,5227
aws,azure_dynamo_reads,false,200,1596395561058,1596395564759,3700
aws,azure_dynamo_reads,false,200,1596395564759,1596395571961,7201
aws,azure_dynamo_reads,false,200,1596395571961,1596395577819,5857
aws,azure_dynamo_reads,false,200,1596395577819,1596395583901,6081
aws,azure_dynamo_reads,false,200,1596395583901,1596395589570,5668
aws,azure_dynamo_reads,false,200,1596395589570,1596395596984,7413
aws,azure_dynamo_reads,false,200,1596395596984,1596395603117,6132
aws,azure_dynamo_reads,false,200,1596395603117,1596395608308,5190
aws,azure_dynamo_reads,false,200,1596395608308,1596395614341,6032
aws,azure_dynamo_reads,false,200,1596395614341,1596395621314,6972
aws,azure_dynamo_reads,false,200,1596395621314,1596395628303,6988
aws,azure_dynamo_reads,false,200,1596395628303,1596395634871,6567
aws,azure_dynamo_reads,false,200,1596395634871,1596395639973,5101
aws,azure_dynamo_reads,false,200,1596395639973,1596395644769,4795
aws,azure_dynamo_reads,false,200,1596395644769,1596395650316,5546
aws,azure_dynamo_reads,false,200,1596395650316,1596395656890,6573
aws,azure_dynamo_reads,false,200,1596395656890,1596395662176,5285
aws,azure_dynamo_reads,false,200,1596395662176,1596395667226,5050
aws,azure_dynamo_reads,false,200,1596395667226,1596395673635,6408
aws,azure_dynamo_reads,false,200,1596395673635,1596395678861,5225
aws,azure_dynamo_reads,false,200,1596395678861,1596395684720,5858
aws,azure_dynamo_reads,false,200,1596395684720,1596395689798,5077
aws,azure_dynamo_reads,false,200,1596395689798,1596395695851,6052
aws,azure_dynamo_reads,false,200,1596395695851,1596395700722,4870
aws,azure_dynamo_reads,false,200,1596395700722,1596395705363,4640
aws,azure_dynamo_reads,false,200,1596395705363,1596395709762,4398
aws,azure_dynamo_reads,false,200,1596395709762,1596395714819,5056
aws,azure_dynamo_reads,false,200,1596395714819,1596395721518,6698
aws,azure_dynamo_reads,false,200,1596395721518,1596395727076,5557
aws,azure_dynamo_reads,false,200,1596395727076,1596395732264,5187
aws,azure_dynamo_reads,false,200,1596395732264,1596395739241,6976
aws,azure_dynamo_reads,false,200,1596395739241,1596395746339,7097
aws,azure_dynamo_reads,false,200,1596395746339,1596395752892,6552
aws,azure_dynamo_reads,false,200,1596395752892,1596395759206,6313
aws,azure_dynamo_reads,false,200,1596395759206,1596395765059,5852
aws,azure_dynamo_reads,false,200,1596395765059,1596395771577,6517
aws,azure_dynamo_reads,false,200,1596395771577,1596395776456,4878
aws,azure_dynamo_reads,false,200,1596395776456,1596395782519,6062
aws,azure_dynamo_reads,false,200,1596395782519,1596395788320,5800
aws,azure_dynamo_reads,false,200,1596395788320,1596395795082,6761
aws,azure_dynamo_reads,false,200,1596395795082,1596395801372,6289
aws,azure_dynamo_reads,false,200,1596395801372,1596395806622,5249
aws,azure_dynamo_reads,false,200,1596395806622,1596395813793,7170
aws,azure_dynamo_reads,false,200,1596395813793,1596395819428,5634
aws,azure_dynamo_reads,false,200,1596395819428,1596395824620,5192
aws,azure_dynamo_reads,false,200,1596395824620,1596395829311,4690
aws,azure_dynamo_reads,false,200,1596395829311,1596395835787,6476
aws,azure_dynamo_reads,false,200,1596395835787,1596395841853,6065
aws,azure_dynamo_reads,false,200,1596395841853,1596395846736,4882
aws,azure_dynamo_reads,false,200,1596395846736,1596395852016,5279
aws,azure_dynamo_reads,false,200,1596395852016,1596395859832,7816
aws,azure_dynamo_reads,false,200,1596395859832,1596395867324,7491
aws,azure_dynamo_reads,false,200,1596395867324,1596395871935,4610
aws,azure_dynamo_reads,false,200,1596395871935,1596395878429,6493
aws,azure_dynamo_reads,false,200,1596395878429,1596395885550,7120
aws,azure_dynamo_reads,false,200,1596395885550,1596395890672,5121
aws,azure_dynamo_reads,false,200,1596395890672,1596395895879,5206
aws,azure_dynamo_reads,false,200,1596395895879,1596395901093,5214
aws,azure_dynamo_reads,false,200,1596395901093,1596395907774,6680
aws,azure_dynamo_reads,false,200,1596395907774,1596395913657,5882
aws,azure_dynamo_reads,false,200,1596395913657,1596395918564,4906
aws,azure_dynamo_reads,false,200,1596395918564,1596395925766,7201
aws,azure_dynamo_reads,false,200,1596395925766,1596395932320,6553
aws,azure_dynamo_reads,false,200,1596395932320,1596395938829,6509
aws,azure_dynamo_reads,false,200,1596395938829,1596395943687,4857
aws,azure_dynamo_reads,false,200,1596395943687,1596395950359,6671
aws,azure_dynamo_reads,false,200,1596395950359,1596395954771,4411
aws,azure_dynamo_reads,false,200,1596395954771,1596395960775,6003
aws,azure_dynamo_reads,false,200,1596395960775,1596395966245,5469
aws,azure_dynamo_reads,false,200,1596395966245,1596395970678,4432
aws,azure_dynamo_reads,false,200,1596395970678,1596395975406,4727
aws,azure_dynamo_reads,false,200,1596395975406,1596395982621,7214
aws,azure_dynamo_reads,false,200,1596395982621,1596395988468,5846
aws,azure_dynamo_reads,false,200,1596395988468,1596395994210,5741
aws,azure_dynamo_reads,false,200,1596395994210,1596395999645,5434
aws,azure_dynamo_reads,false,200,1596395999645,1596396004822,5177
aws,azure_dynamo_reads,false,200,1596396004822,1596396009936,5113
aws,azure_dynamo_reads,false,200,1596396009936,1596396016217,6280
aws,azure_dynamo_reads,false,200,1596396016217,1596396023004,6786
aws,azure_dynamo_reads,false,200,1596396023004,1596396029306,6301
aws,azure_dynamo_reads,false,200,1596396029306,1596396036535,7228
aws,azure_dynamo_reads,false,200,1596396036535,1596396042612,6076
aws,azure_dynamo_reads,false,200,1596396042612,1596396047670,5058
aws,azure_dynamo_reads,false,200,1596396047670,1596396052928,5257
aws,azure_dynamo_reads,false,200,1596396052928,1596396057760,4831
aws,azure_dynamo_reads,false,200,1596396057760,1596396063834,6073
aws,azure_dynamo_reads,false,200,1596396063834,1596396069562,5727
aws,azure_dynamo_reads,false,200,1596396069562,1596396073980,4417
aws,azure_dynamo_reads,false,200,1596396073980,1596396079561,5581
aws,azure_dynamo_reads,false,200,1596396079561,1596396084154,4592
aws,azure_dynamo_reads,false,200,1596396084154,1596396090737,6582
aws,azure_dynamo_reads,false,200,1596396090737,1596396097017,6279
aws,azure_dynamo_reads,false,200,1596396097017,1596396102295,5277
aws,azure_dynamo_reads,false,200,1596396102295,1596396107039,4743
aws,azure_dynamo_reads,false,200,1596396107039,1596396112529,5489
aws,azure_dynamo_reads,false,200,1596396112529,1596396116726,4196
aws,azure_dynamo_reads,false,200,1596396116726,1596396121729,5002
aws,azure_dynamo_reads,false,200,1596396121729,1596396126920,5190
aws,azure_dynamo_reads,false,200,1596396126920,1596396132007,5086
aws,azure_dynamo_reads,false,200,1596396132007,1596396136732,4724
aws,azure_dynamo_reads,false,200,1596396136732,1596396142799,6066
aws,azure_dynamo_reads,false,200,1596396142799,1596396147504,4704
aws,azure_dynamo_reads,false,200,1596396147504,1596396152075,4570
aws,azure_dynamo_reads,false,200,1596396152075,1596396157544,5468
aws,azure_dynamo_reads,false,200,1596396157544,1596396164556,7011
aws,azure_dynamo_reads,false,200,1596396164556,1596396169464,4907
aws,azure_dynamo_reads,false,200,1596396169464,1596396175278,5813
aws,azure_dynamo_reads,false,200,1596396175278,1596396178915,3636
aws,azure_dynamo_reads,false,200,1596396178915,1596396185696,6780
aws,azure_dynamo_reads,false,200,1596396185696,1596396191332,5635
aws,azure_dynamo_reads,false,200,1596396191332,1596396198321,6988
aws,azure_dynamo_reads,false,200,1596396198321,1596396204414,6092
aws,azure_dynamo_reads,false,200,1596396204414,1596396209041,4626
aws,azure_dynamo_reads,false,200,1596396209041,1596396214162,5120
aws,azure_dynamo_reads,false,200,1596396214162,1596396219985,5822
aws,azure_dynamo_reads,false,200,1596396219985,1596396225037,5052
aws,azure_dynamo_reads,false,200,1596396225037,1596396232126,7088
aws,azure_dynamo_reads,false,200,1596396232126,1596396237566,5439
aws,azure_dynamo_reads,false,200,1596396237566,1596396242778,5211
aws,azure_dynamo_reads,false,200,1596396242778,1596396248268,5489
aws,azure_dynamo_reads,false,200,1596396248268,1596396254300,6031
aws,azure_dynamo_reads,false,200,1596396254300,1596396260416,6115
aws,azure_dynamo_reads,false,200,1596396260416,1596396265128,4711
aws,azure_dynamo_reads,false,200,1596396265128,1596396270032,4903
aws,azure_dynamo_reads,false,200,1596396270032,1596396275156,5124
aws,azure_dynamo_reads,false,200,1596396275156,1596396278837,3680
aws,azure_dynamo_reads,false,200,1596396278837,1596396283245,4407
aws,azure_dynamo_reads,false,200,1596396283245,1596396288427,5182
aws,azure_dynamo_reads,false,200,1596396288427,1596396293577,5150
aws,azure_dynamo_reads,false,200,1596396293577,1596396300687,7109
aws,azure_dynamo_reads,false,200,1596396300687,1596396307177,6489
aws,azure_dynamo_reads,false,200,1596396307177,1596396312117,4939
aws,azure_dynamo_reads,false,200,1596396312117,1596396316685,4567
aws,azure_dynamo_reads,false,200,1596396316685,1596396322204,5518
aws,azure_dynamo_reads,false,200,1596396322204,1596396326858,4653
aws,azure_dynamo_reads,false,200,1596396326858,1596396333958,7099
aws,azure_dynamo_reads,false,200,1596396333958,1596396339170,5211
aws,azure_dynamo_reads,false,200,1596396339170,1596396343787,4616
aws,azure_dynamo_reads,false,200,1596396343787,1596396350358,6570
aws,azure_dynamo_reads,false,200,1596396350358,1596396357246,6887
aws,azure_dynamo_reads,false,200,1596396357246,1596396364190,6943
aws,azure_dynamo_reads,false,200,1596396364190,1596396370736,6545
aws,azure_dynamo_reads,false,200,1596396370736,1596396375918,5181
aws,azure_dynamo_reads,false,200,1596396375918,1596396381382,5463
aws,azure_dynamo_reads,false,200,1596396381382,1596396389183,7801
aws,azure_dynamo_reads,false,200,1596396389183,1596396395449,6265
aws,azure_dynamo_reads,false,200,1596396395449,1596396400628,5179
aws,azure_dynamo_reads,false,200,1596396400628,1596396405557,4928
aws,azure_dynamo_reads,false,200,1596396405557,1596396410749,5192
aws,azure_dynamo_reads,false,200,1596396410749,1596396414506,3756
aws,azure_dynamo_reads,false,200,1596396414506,1596396421186,6679
aws,azure_dynamo_reads,false,200,1596396421186,1596396425748,4561
aws,azure_dynamo_reads,false,200,1596396425748,1596396430622,4873
aws,azure_dynamo_reads,false,200,1596396430622,1596396436942,6319
aws,azure_dynamo_reads,false,200,1596396436942,1596396441611,4668
aws,azure_dynamo_reads,false,200,1596396441611,1596396447097,5485
aws,azure_dynamo_reads,false,200,1596396447097,1596396451754,4656
aws,azure_dynamo_reads,false,200,1596396451754,1596396458161,6406
aws,azure_dynamo_reads,false,200,1596396458161,1596396464443,6281
aws,azure_dynamo_reads,false,200,1596396464443,1596396468321,3877
aws,azure_dynamo_reads,false,200,1596396468321,1596396474030,5708
aws,azure_dynamo_reads,false,200,1596396474030,1596396481038,7007
aws,azure_dynamo_reads,false,200,1596396481038,1596396486523,5484
aws,azure_dynamo_reads,false,200,1596396486523,1596396491758,5234
aws,azure_dynamo_reads,false,200,1596396491758,1596396496636,4877
aws,azure_dynamo_reads,false,200,1596396496636,1596396502098,5461
aws,azure_dynamo_reads,false,200,1596396502098,1596396509103,7004
aws,azure_dynamo_reads,false,200,1596396509103,1596396513960,4856
aws,azure_dynamo_reads,false,200,1596396513960,1596396518617,4656
aws,azure_dynamo_reads,false,200,1596396518617,1596396525005,6387
aws,azure_dynamo_reads,false,200,1596396525005,1596396531766,6760
aws,azure_dynamo_reads,false,200,1596396531766,1596396539211,7444
aws,azure_dynamo_reads,false,200,1596396539211,1596396545695,6484
aws,azure_dynamo_reads,false,200,1596396545695,1596396551550,5854
aws,azure_dynamo_reads,false,200,1596396551550,1596396556785,5234
aws,azure_dynamo_reads,false,200,1596396556785,1596396562833,6047
aws,azure_dynamo_reads,false,200,1596396562833,1596396569204,6370
aws,azure_dynamo_reads,false,200,1596396569204,1596396575319,6114
aws,azure_dynamo_reads,false,200,1596396575319,1596396581588,6268
aws,azure_dynamo_reads,false,200,1596396581588,1596396586754,5165
aws,azure_dynamo_reads,false,200,1596396586754,1596396593658,6903
aws,azure_dynamo_reads,false,200,1596396593658,1596396597407,3748
aws,azure_dynamo_reads,false,200,1596396597407,1596396603255,5847
aws,azure_dynamo_reads,false,200,1596396603255,1596396610198,6942
aws,azure_dynamo_reads,false,200,1596396610198,1596396616606,6407
aws,azure_dynamo_reads,false,200,1596396616606,1596396622680,6073
aws,azure_dynamo_reads,false,200,1596396622680,1596396626759,4078
aws,azure_dynamo_reads,false,200,1596396626759,1596396631515,4755
aws,azure_dynamo_reads,false,200,1596396631515,1596396636764,5248
aws,azure_dynamo_reads,false,200,1596396636764,1596396641355,4590
aws,azure_dynamo_reads,false,200,1596396641355,1596396646269,4913
aws,azure_dynamo_reads,false,200,1596396646269,1596396652392,6122
aws,azure_dynamo_reads,false,200,1596396652392,1596396657559,5167
aws,azure_dynamo_reads,false,200,1596396657559,1596396661914,4354
aws,azure_dynamo_reads,false,200,1596396661914,1596396668719,6804
aws,azure_dynamo_reads,false,200,1596396668719,1596396674180,5460
aws,azure_dynamo_reads,false,200,1596396674180,1596396678915,4734
aws,azure_dynamo_reads,false,200,1596396678915,1596396684645,5729
aws,azure_dynamo_reads,false,200,1596396684645,1596396689567,4921
aws,azure_dynamo_reads,false,200,1596396689567,1596396694459,4891
aws,azure_dynamo_reads,false,200,1596396694459,1596396700084,5624
aws,azure_dynamo_reads,false,200,1596396700084,1596396707570,7485
aws,azure_dynamo_reads,false,200,1596396707570,1596396714751,7180
aws,azure_dynamo_reads,false,200,1596396714751,1596396719972,5220
aws,azure_dynamo_reads,false,200,1596396719972,1596396724185,4212
aws,azure_dynamo_reads,false,200,1596396724185,1596396730222,6036
aws,azure_dynamo_reads,false,200,1596396730222,1596396734867,4644
aws,azure_dynamo_reads,false,200,1596396734867,1596396739617,4749
aws,azure_dynamo_reads,false,200,1596396739617,1596396747074,7456
aws,azure_dynamo_reads,false,200,1596396747074,1596396752799,5724
aws,azure_dynamo_reads,false,200,1596396752799,1596396757832,5032
aws,azure_dynamo_reads,false,200,1596396757832,1596396762582,4749
aws,azure_dynamo_reads,false,200,1596396762582,1596396769157,6574
aws,azure_dynamo_reads,false,200,1596396769157,1596396774921,5763
aws,azure_dynamo_reads,false,200,1596396774921,1596396780050,5129
aws,azure_dynamo_reads,false,200,1596396780050,1596396785326,5275
aws,azure_dynamo_reads,false,200,1596396785326,1596396790762,5435
aws,azure_dynamo_reads,false,200,1596396790762,1596396797281,6518
aws,azure_dynamo_reads,false,200,1596396797281,1596396802962,5680
aws,azure_dynamo_reads,false,200,1596396802962,1596396809909,6946
aws,azure_dynamo_reads,false,200,1596396809909,1596396816286,6376
aws,azure_dynamo_reads,false,200,1596396816286,1596396822159,5872
aws,azure_dynamo_reads,false,200,1596396822159,1596396827287,5127
aws,azure_dynamo_reads,false,200,1596396827287,1596396833115,5827
aws,azure_dynamo_reads,false,200,1596396833115,1596396836475,3359
aws,azure_dynamo_reads,false,200,1596396836475,1596396843979,7503
aws,azure_dynamo_reads,false,200,1596396843979,1596396851787,7808
aws,azure_dynamo_reads,false,200,1596396851787,1596396856853,5066
aws,azure_dynamo_reads,false,200,1596396856853,1596396862309,5455
aws,azure_dynamo_reads,false,200,1596396862309,1596396867514,5204
aws,azure_dynamo_reads,false,200,1596396867514,1596396872900,5385
aws,azure_dynamo_reads,false,200,1596396872900,1596396877739,4838
aws,azure_dynamo_reads,false,200,1596396877739,1596396883859,6119
aws,azure_dynamo_reads,false,200,1596396883859,1596396889320,5460
aws,azure_dynamo_reads,false,200,1596396889320,1596396894416,5095
aws,azure_dynamo_reads,false,200,1596396894416,1596396899699,5282
aws,azure_dynamo_reads,false,200,1596396899699,1596396905749,6049
aws,azure_dynamo_reads,false,200,1596396905749,1596396910196,4446
aws,azure_dynamo_reads,false,200,1596396910196,1596396916617,6420
aws,azure_dynamo_reads,false,200,1596396916617,1596396922097,5479
aws,azure_dynamo_reads,false,200,1596396922097,1596396929353,7255
aws,azure_dynamo_reads,false,200,1596396929353,1596396936308,6954
aws,azure_dynamo_reads,false,200,1596396936308,1596396942996,6687
aws,azure_dynamo_reads,false,200,1596396942996,1596396948683,5686
aws,azure_dynamo_reads,false,200,1596396948683,1596396955763,7079
aws,azure_dynamo_reads,false,200,1596396955763,1596396962291,6527
aws,azure_dynamo_reads,false,200,1596396962291,1596396969549,7257
aws,azure_dynamo_reads,false,200,1596396969549,1596396974648,5098
aws,azure_dynamo_reads,false,200,1596396974648,1596396981303,6654
aws,azure_dynamo_reads,false,200,1596396981303,1596396988268,6964
aws,azure_dynamo_reads,false,200,1596396988268,1596396994009,5740
aws,azure_dynamo_reads,false,200,1596396994009,1596397000465,6455
aws,azure_dynamo_reads,false,200,1596397000465,1596397005200,4734
aws,azure_dynamo_reads,false,200,1596397005200,1596397011244,6043
aws,azure_dynamo_reads,false,200,1596397011244,1596397017228,5983
aws,azure_dynamo_reads,false,200,1596397017228,1596397023207,5978
aws,azure_dynamo_reads,false,200,1596397023207,1596397029899,6691
aws,azure_dynamo_reads,false,200,1596397029899,1596397034251,4351
aws,azure_dynamo_reads,false,200,1596397034251,1596397039600,5348
aws,azure_dynamo_reads,false,200,1596397039600,1596397045663,6062
aws,azure_dynamo_reads,false,200,1596397045663,1596397053447,7784
aws,azure_dynamo_reads,false,200,1596397053447,1596397060966,7518
aws,azure_dynamo_reads,false,200,1596397060966,1596397067856,6889
aws,azure_dynamo_reads,false,200,1596397067856,1596397074407,6550
aws,azure_dynamo_reads,false,200,1596397074407,1596397079573,5166
aws,azure_dynamo_reads,false,200,1596397079573,1596397083392,3818
aws,azure_dynamo_reads,false,200,1596397083392,1596397088659,5266
aws,azure_dynamo_reads,false,200,1596397088659,1596397095911,7251
aws,azure_dynamo_reads,false,200,1596397095911,1596397100981,5069
aws,azure_dynamo_reads,false,200,1596397100981,1596397105812,4830
aws,azure_dynamo_reads,false,200,1596397105812,1596397110429,4616
aws,azure_dynamo_reads,false,200,1596397110429,1596397115605,5176
aws,azure_dynamo_reads,false,200,1596397115605,1596397119624,4018
aws,azure_dynamo_reads,false,200,1596397119624,1596397125603,5978
aws,azure_dynamo_reads,false,200,1596397125603,1596397132888,7284
aws,azure_dynamo_reads,false,200,1596397132888,1596397136561,3672
aws,azure_dynamo_reads,false,200,1596397136561,1596397144362,7801
aws,azure_dynamo_reads,false,200,1596397144362,1596397149345,4983
aws,azure_dynamo_reads,false,200,1596397149345,1596397156597,7251
aws,azure_dynamo_reads,false,200,1596397156597,1596397161652,5055
aws,azure_dynamo_reads,false,200,1596397161652,1596397168747,7094
aws,azure_dynamo_reads,false,200,1596397168747,1596397174835,6087
aws,azure_dynamo_reads,false,200,1596397174835,1596397179989,5154
aws,azure_dynamo_reads,false,200,1596397179989,1596397186329,6339
aws,azure_dynamo_reads,false,200,1596397186329,1596397190998,4668
aws,azure_dynamo_reads,false,200,1596397190998,1596397197016,6017
aws,azure_dynamo_reads,false,200,1596397197016,1596397204134,7117
aws,azure_dynamo_reads,false,200,1596397204134,1596397210256,6121
aws,azure_dynamo_reads,false,200,1596397210256,1596397216659,6402
aws,azure_dynamo_reads,false,200,1596397216659,1596397220870,4211
aws,azure_dynamo_reads,false,200,1596397220870,1596397226324,5453
aws,azure_dynamo_reads,false,200,1596397226324,1596397232642,6317
aws,azure_dynamo_reads,false,200,1596397232642,1596397237566,4923
aws,azure_dynamo_reads,false,200,1596397237566,1596397243807,6240
aws,azure_dynamo_reads,false,200,1596397243807,1596397247319,3511
aws,azure_dynamo_reads,false,200,1596397247319,1596397251800,4481
aws,azure_dynamo_reads,false,200,1596397251800,1596397257434,5633
aws,azure_dynamo_reads,false,200,1596397257434,1596397264725,7290
aws,azure_dynamo_reads,false,200,1596397264725,1596397270577,5851
aws,azure_dynamo_reads,false,200,1596397270577,1596397277549,6971
aws,azure_dynamo_reads,false,200,1596397277549,1596397283003,5453
aws,azure_dynamo_reads,false,200,1596397283003,1596397288891,5887
aws,azure_dynamo_reads,false,200,1596397288891,1596397295863,6971
aws,azure_dynamo_reads,false,200,1596397295863,1596397303357,7493
aws,azure_dynamo_reads,false,200,1596397303357,1596397308937,5579
aws,azure_dynamo_reads,false,200,1596397308937,1596397314508,5571
aws,azure_dynamo_reads,false,200,1596397314508,1596397319963,5454
aws,azure_dynamo_reads,false,200,1596397319963,1596397325093,5129
aws,azure_dynamo_reads,false,200,1596397325093,1596397331120,6026
aws,azure_dynamo_reads,false,200,1596397331120,1596397338649,7528
aws,azure_dynamo_reads,false,200,1596397338649,1596397342924,4274
aws,azure_dynamo_reads,false,200,1596397342924,1596397347519,4594
aws,azure_dynamo_reads,false,200,1596397347519,1596397353256,5736
aws,azure_dynamo_reads,false,200,1596397353256,1596397359902,6645
aws,azure_dynamo_reads,false,200,1596397359902,1596397364627,4724
aws,azure_dynamo_reads,false,200,1596397364627,1596397370090,5462
aws,azure_dynamo_reads,false,200,1596397370090,1596397376222,6131
aws,azure_dynamo_reads,false,200,1596397376222,1596397381410,5187
aws,azure_dynamo_reads,false,200,1596397381410,1596397387372,5961
aws,azure_dynamo_reads,false,200,1596397387372,1596397394356,6983
aws,azure_dynamo_reads,false,200,1596397394356,1596397399518,5161
aws,azure_dynamo_reads,false,200,1596397399518,1596397404884,5365
aws,azure_dynamo_reads,false,200,1596397404884,1596397411666,6781
aws,azure_dynamo_reads,false,200,1596397411666,1596397417115,5448
aws,azure_dynamo_reads,false,200,1596397417115,1596397423160,6044
aws,azure_dynamo_reads,false,200,1596397423160,1596397428027,4866
aws,azure_dynamo_reads,false,200,1596397428027,1596397434350,6322
aws,azure_dynamo_reads,false,200,1596397434350,1596397441571,7220
aws,azure_dynamo_reads,false,200,1596397441571,1596397445952,4380
aws,azure_dynamo_reads,false,200,1596397445952,1596397451668,5715
aws,azure_dynamo_reads,false,200,1596397451668,1596397456490,4821
aws,azure_dynamo_reads,false,200,1596397456490,1596397461266,4775
aws,azure_dynamo_reads,false,200,1596397461266,1596397466386,5120
aws,azure_dynamo_reads,false,200,1596397466386,1596397471914,5527
aws,azure_dynamo_reads,false,200,1596397471914,1596397477774,5859
aws,azure_dynamo_reads,false,200,1596397477774,1596397483781,6006
aws,azure_dynamo_reads,false,200,1596397483781,1596397490541,6759
aws,azure_dynamo_reads,false,200,1596397490541,1596397494864,4322
aws,azure_dynamo_reads,false,200,1596397494864,1596397499591,4726
aws,azure_dynamo_reads,false,200,1596397499591,1596397506135,6543
aws,azure_dynamo_reads,false,200,1596397506135,1596397510892,4756
aws,azure_dynamo_reads,false,200,1596397510892,1596397517450,6557
aws,azure_dynamo_reads,false,200,1596397517450,1596397524419,6968
aws,azure_dynamo_reads,false,200,1596397524419,1596397530681,6261
aws,azure_dynamo_reads,false,200,1596397530681,1596397535955,5273
aws,azure_dynamo_reads,false,200,1596397535955,1596397541834,5878
aws,azure_dynamo_reads,false,200,1596397541834,1596397546959,5125
aws,azure_dynamo_reads,false,200,1596397546959,1596397554748,7789
aws,azure_dynamo_reads,false,200,1596397554748,1596397561651,6902
aws,azure_dynamo_reads,false,200,1596397561651,1596397567713,6061
aws,azure_dynamo_reads,false,200,1596397567713,1596397573575,5861
aws,azure_dynamo_reads,false,200,1596397573575,1596397579818,6242
aws,azure_dynamo_reads,false,200,1596397579818,1596397584914,5095
aws,azure_dynamo_reads,false,200,1596397584914,1596397589472,4557
aws,azure_dynamo_reads,false,200,1596397589472,1596397596360,6887
aws,azure_dynamo_reads,false,200,1596397596360,1596397602116,5755
aws,azure_dynamo_reads,false,200,1596397602116,1596397609372,7255
aws,azure_dynamo_reads,false,200,1596397609372,1596397615798,6425
aws,azure_dynamo_reads,false,200,1596397615798,1596397622655,6856
aws,azure_dynamo_reads,false,200,1596397622655,1596397627920,5264
aws,azure_dynamo_reads,false,200,1596397627920,1596397633432,5511
aws,azure_dynamo_reads,false,200,1596397633432,1596397638182,4749
aws,azure_dynamo_reads,false,200,1596397638182,1596397643271,5088
aws,azure_dynamo_reads,false,200,1596397643271,1596397649569,6297
aws,azure_dynamo_reads,false,200,1596397649569,1596397655443,5873
aws,azure_dynamo_reads,false,200,1596397655443,1596397660001,4557
aws,azure_dynamo_reads,false,200,1596397660001,1596397665138,5137
aws,azure_dynamo_reads,false,200,1596397665138,1596397669722,4583
aws,azure_dynamo_reads,false,200,1596397669722,1596397673705,3982
aws,azure_dynamo_reads,false,200,1596397673705,1596397679052,5346
aws,azure_dynamo_reads,false,200,1596397679052,1596397684030,4978
aws,azure_dynamo_reads,false,200,1596397684030,1596397691004,6973
aws,azure_dynamo_reads,false,200,1596397691004,1596397694907,3902
aws,azure_dynamo_reads,false,200,1596397694907,1596397700729,5821