azure,azure_storage_reads,false,200,1596296503859,1596296504021,161
azure,azure_storage_reads,false,200,1596296504021,1596296504184,162
azure,azure_storage_reads,false,200,1596296504184,1596296504357,172
azure,azure_storage_reads,false,200,1596296504357,1596296504547,189
azure,azure_storage_reads,false,200,1596296504547,1596296504745,197
azure,azure_storage_reads,false,200,1596296504745,1596296504949,203
azure,azure_storage_reads,false,200,1596296504949,1596296505313,363
azure,azure_storage_reads,false,200,1596296505313,1596296505485,171
azure,azure_storage_reads,false,200,1596296505485,1596296505676,190
azure,azure_storage_reads,false,200,1596296505676,1596296505945,269
azure,azure_storage_reads,false,200,1596296505945,1596296506181,235
azure,azure_storage_reads,false,200,1596296506181,1596296506351,169
azure,azure_storage_reads,false,200,1596296506351,1596296506519,167
azure,azure_storage_reads,false,200,1596296506519,1596296506734,214
azure,azure_storage_reads,false,200,1596296506734,1596296506911,177
azure,azure_storage_reads,false,200,1596296506911,1596296507183,271
azure,azure_storage_reads,false,200,1596296507183,1596296507357,173
azure,azure_storage_reads,false,200,1596296507357,1596296507536,178
azure,azure_storage_reads,false,200,1596296507536,1596296507694,157
azure,azure_storage_reads,false,200,1596296507694,1596296507885,191
azure,azure_storage_reads,false,200,1596296507885,1596296508096,210
azure,azure_storage_reads,false,200,1596296508096,1596296508280,183
azure,azure_storage_reads,false,200,1596296508280,1596296508484,203
azure,azure_storage_reads,false,200,1596296508484,1596296508656,171
azure,azure_storage_reads,false,200,1596296508656,1596296508845,188
azure,azure_storage_reads,false,200,1596296508845,1596296509023,177
azure,azure_storage_reads,false,200,1596296509023,1596296509170,146
azure,azure_storage_reads,false,200,1596296509170,1596296509397,226
azure,azure_storage_reads,false,200,1596296509397,1596296509578,180
azure,azure_storage_reads,false,200,1596296509578,1596296509764,185
azure,azure_storage_reads,false,200,1596296509764,1596296509936,171
azure,azure_storage_reads,false,200,1596296509936,1596296510114,177
azure,azure_storage_reads,false,200,1596296510114,1596296510336,221
azure,azure_storage_reads,false,200,1596296510336,1596296510528,191
azure,azure_storage_reads,false,200,1596296510528,1596296510737,208
azure,azure_storage_reads,false,200,1596296510737,1596296510908,170
azure,azure_storage_reads,false,200,1596296510908,1596296511062,153
azure,azure_storage_reads,false,200,1596296511062,1596296511279,216
azure,azure_storage_reads,false,200,1596296511279,1596296511482,203
azure,azure_storage_reads,false,200,1596296511482,1596296511679,196
azure,azure_storage_reads,false,200,1596296511679,1596296511838,159
azure,azure_storage_reads,false,200,1596296511838,1596296512033,195
azure,azure_storage_reads,false,200,1596296512033,1596296512204,170
azure,azure_storage_reads,false,200,1596296512204,1596296512580,375
azure,azure_storage_reads,false,200,1596296512580,1596296512751,170
azure,azure_storage_reads,false,200,1596296512751,1596296512940,188
azure,azure_storage_reads,false,200,1596296512940,1596296513100,159
azure,azure_storage_reads,false,200,1596296513100,1596296513303,202
azure,azure_storage_reads,false,200,1596296513303,1596296513492,188
azure,azure_storage_reads,false,200,1596296513492,1596296513676,183
azure,azure_storage_reads,false,200,1596296513676,1596296513909,232
azure,azure_storage_reads,false,200,1596296513909,1596296514088,178
azure,azure_storage_reads,false,200,1596296514088,1596296514308,220
azure,azure_storage_reads,false,200,1596296514308,1596296514510,201
azure,azure_storage_reads,false,200,1596296514510,1596296514696,185
azure,azure_storage_reads,false,200,1596296514696,1596296514931,234
azure,azure_storage_reads,false,200,1596296514931,1596296515147,215
azure,azure_storage_reads,false,200,1596296515147,1596296515328,181
azure,azure_storage_reads,false,200,1596296515328,1596296515552,223
azure,azure_storage_reads,false,200,1596296515552,1596296515729,176
azure,azure_storage_reads,false,200,1596296515729,1596296515918,188
azure,azure_storage_reads,false,200,1596296515918,1596296516093,175
azure,azure_storage_reads,false,200,1596296516093,1596296516300,206
azure,azure_storage_reads,false,200,1596296516300,1596296516468,167
azure,azure_storage_reads,false,200,1596296516468,1596296516674,205
azure,azure_storage_reads,false,200,1596296516674,1596296516909,234
azure,azure_storage_reads,false,200,1596296516909,1596296517092,182
azure,azure_storage_reads,false,200,1596296517092,1596296517293,200
azure,azure_storage_reads,false,200,1596296517293,1596296517511,217
azure,azure_storage_reads,false,200,1596296517511,1596296517705,193
azure,azure_storage_reads,false,200,1596296517705,1596296517869,163
azure,azure_storage_reads,false,200,1596296517869,1596296518035,165
azure,azure_storage_reads,false,200,1596296518035,1596296518233,197
azure,azure_storage_reads,false,200,1596296518233,1596296518469,235
azure,azure_storage_reads,false,200,1596296518469,1596296518626,157
azure,azure_storage_reads,false,200,1596296518626,1596296518811,184
azure,azure_storage_reads,false,200,1596296518811,1596296518990,178
azure,azure_storage_reads,false,200,1596296518990,1596296519165,174
azure,azure_storage_reads,false,200,1596296519165,1596296519349,183
azure,azure_storage_reads,false,200,1596296519349,1596296519559,209
azure,azure_storage_reads,false,200,1596296519559,1596296519754,194
azure,azure_storage_reads,false,200,1596296519754,1596296519934,179
azure,azure_storage_reads,false,200,1596296519934,1596296520125,190
azure,azure_storage_reads,false,200,1596296520125,1596296520516,390
azure,azure_storage_reads,false,200,1596296520516,1596296520710,193
azure,azure_storage_reads,false,200,1596296520710,1596296520885,174
azure,azure_storage_reads,false,200,1596296520885,1596296521085,199
azure,azure_storage_reads,false,200,1596296521085,1596296521257,171
azure,azure_storage_reads,false,200,1596296521257,1596296521400,142
azure,azure_storage_reads,false,200,1596296521400,1596296521592,191
azure,azure_storage_reads,false,200,1596296521592,1596296521827,234
azure,azure_storage_reads,false,200,1596296521827,1596296522137,309
azure,azure_storage_reads,false,200,1596296522137,1596296522332,194
azure,azure_storage_reads,false,200,1596296522332,1596296522526,194
azure,azure_storage_reads,false,200,1596296522526,1596296522705,178
azure,azure_storage_reads,false,200,1596296522705,1596296522884,178
azure,azure_storage_reads,false,200,1596296522884,1596296523076,191
azure,azure_storage_reads,false,200,1596296523076,1596296523364,287
azure,azure_storage_reads,false,200,1596296523364,1596296523548,183
azure,azure_storage_reads,false,200,1596296523548,1596296523765,216
azure,azure_storage_reads,false,200,1596296523765,1596296523936,170
azure,azure_storage_reads,false,200,1596296523936,1596296524094,158
azure,azure_storage_reads,false,200,1596296524094,1596296524293,198
azure,azure_storage_reads,false,200,1596296524293,1596296524480,186
azure,azure_storage_reads,false,200,1596296524480,1596296524670,189
azure,azure_storage_reads,false,200,1596296524670,1596296524826,155
azure,azure_storage_reads,false,200,1596296524826,1596296525012,185
azure,azure_storage_reads,false,200,1596296525012,1596296525193,180
azure,azure_storage_reads,false,200,1596296525193,1596296525355,161
azure,azure_storage_reads,false,200,1596296525355,1596296525536,180
azure,azure_storage_reads,false,200,1596296525536,1596296525727,190
azure,azure_storage_reads,false,200,1596296525727,1596296525901,173
azure,azure_storage_reads,false,200,1596296525901,1596296526082,181
azure,azure_storage_reads,false,200,1596296526082,1596296526262,179
azure,azure_storage_reads,false,200,1596296526262,1596296526439,176
azure,azure_storage_reads,false,200,1596296526439,1596296526620,180
azure,azure_storage_reads,false,200,1596296526620,1596296526808,187
azure,azure_storage_reads,false,200,1596296526808,1596296526966,157
azure,azure_storage_reads,false,200,1596296526966,1596296527210,243
azure,azure_storage_reads,false,200,1596296527210,1596296527392,181
azure,azure_storage_reads,false,200,1596296527392,1596296527573,180
azure,azure_storage_reads,false,200,1596296527573,1596296527910,337
azure,azure_storage_reads,false,200,1596296527910,1596296528124,213
azure,azure_storage_reads,false,200,1596296528124,1596296528323,198
azure,azure_storage_reads,false,200,1596296528323,1596296528511,188
azure,azure_storage_reads,false,200,1596296528511,1596296528703,191
azure,azure_storage_reads,false,200,1596296528703,1596296528904,200
azure,azure_storage_reads,false,200,1596296528904,1596296529056,152
azure,azure_storage_reads,false,200,1596296529056,1596296529218,161
azure,azure_storage_reads,false,200,1596296529218,1596296529430,212
azure,azure_storage_reads,false,200,1596296529430,1596296529619,188
azure,azure_storage_reads,false,200,1596296529619,1596296529816,196
azure,azure_storage_reads,false,200,1596296529816,1596296530014,197
azure,azure_storage_reads,false,200,1596296530014,1596296530187,172
azure,azure_storage_reads,false,200,1596296530187,1596296530350,162
azure,azure_storage_reads,false,200,1596296530350,1596296530518,167
azure,azure_storage_reads,false,200,1596296530518,1596296530696,177
azure,azure_storage_reads,false,200,1596296530696,1596296530851,154
azure,azure_storage_reads,false,200,1596296530851,1596296531055,203
azure,azure_storage_reads,false,200,1596296531055,1596296531227,171
azure,azure_storage_reads,false,200,1596296531227,1596296531433,205
azure,azure_storage_reads,false,200,1596296531433,1596296531579,145
azure,azure_storage_reads,false,200,1596296531579,1596296531735,155
azure,azure_storage_reads,false,200,1596296531735,1596296531934,198
azure,azure_storage_reads,false,200,1596296531934,1596296532159,224
azure,azure_storage_reads,false,200,1596296532159,1596296532371,211
azure,azure_storage_reads,false,200,1596296532371,1596296532557,185
azure,azure_storage_reads,false,200,1596296532557,1596296532733,175
azure,azure_storage_reads,false,200,1596296532733,1596296532917,183
azure,azure_storage_reads,false,200,1596296532917,1596296533130,212
azure,azure_storage_reads,false,200,1596296533130,1596296533342,211
azure,azure_storage_reads,false,200,1596296533342,1596296533524,181
azure,azure_storage_reads,false,200,1596296533524,1596296533673,149
azure,azure_storage_reads,false,200,1596296533673,1596296533816,142
azure,azure_storage_reads,false,200,1596296533816,1596296538373,4556
azure,azure_storage_reads,false,200,1596296538373,1596296538562,188
azure,azure_storage_reads,false,200,1596296538562,1596296538774,212
azure,azure_storage_reads,false,200,1596296538774,1596296538921,146
azure,azure_storage_reads,false,200,1596296538921,1596296539086,164
azure,azure_storage_reads,false,200,1596296539086,1596296539300,213
azure,azure_storage_reads,false,200,1596296539300,1596296539472,171
azure,azure_storage_reads,false,200,1596296539472,1596296539659,186
azure,azure_storage_reads,false,200,1596296539659,1596296539837,178
azure,azure_storage_reads,false,200,1596296539837,1596296540005,167
azure,azure_storage_reads,false,200,1596296540005,1596296540238,232
azure,azure_storage_reads,false,200,1596296540238,1596296540441,203
azure,azure_storage_reads,false,200,1596296540441,1596296540660,218
azure,azure_storage_reads,false,200,1596296540660,1596296540832,171
azure,azure_storage_reads,false,200,1596296540832,1596296541034,201
azure,azure_storage_reads,false,200,1596296541034,1596296541246,211
azure,azure_storage_reads,false,200,1596296541246,1596296541442,195
azure,azure_storage_reads,false,200,1596296541442,1596296541636,193
azure,azure_storage_reads,false,200,1596296541636,1596296541841,204
azure,azure_storage_reads,false,200,1596296541841,1596296541995,153
azure,azure_storage_reads,false,200,1596296541995,1596296542282,286
azure,azure_storage_reads,false,200,1596296542282,1596296542476,193
azure,azure_storage_reads,false,200,1596296542476,1596296542686,209
azure,azure_storage_reads,false,200,1596296542686,1596296542868,181
azure,azure_storage_reads,false,200,1596296542868,1596296543048,180
azure,azure_storage_reads,false,200,1596296543048,1596296543273,224
azure,azure_storage_reads,false,200,1596296543273,1596296543444,170
azure,azure_storage_reads,false,200,1596296543444,1596296543635,190
azure,azure_storage_reads,false,200,1596296543635,1596296543806,170
azure,azure_storage_reads,false,200,1596296543806,1596296543977,170
azure,azure_storage_reads,false,200,1596296543977,1596296544194,216
azure,azure_storage_reads,false,200,1596296544194,1596296544354,159
azure,azure_storage_reads,false,200,1596296544354,1596296544531,176
azure,azure_storage_reads,false,200,1596296544531,1596296544783,251
azure,azure_storage_reads,false,200,1596296544783,1596296544972,188
azure,azure_storage_reads,false,200,1596296544972,1596296545143,171
azure,azure_storage_reads,false,200,1596296545143,1596296545447,304
azure,azure_storage_reads,false,200,1596296545447,1596296545609,161
azure,azure_storage_reads,false,200,1596296545609,1596296545776,166
azure,azure_storage_reads,false,200,1596296545776,1596296545951,175
azure,azure_storage_reads,false,200,1596296545951,1596296546144,192
azure,azure_storage_reads,false,200,1596296546144,1596296546327,182
azure,azure_storage_reads,false,200,1596296546327,1596296546583,255
azure,azure_storage_reads,false,200,1596296546583,1596296546840,256
azure,azure_storage_reads,false,200,1596296546840,1596296547000,159
azure,azure_storage_reads,false,200,1596296547000,1596296547183,182
azure,azure_storage_reads,false,200,1596296547183,1596296547420,236
azure,azure_storage_reads,false,200,1596296547420,1596296547624,203
azure,azure_storage_reads,false,200,1596296547624,1596296547791,166
azure,azure_storage_reads,false,200,1596296547791,1596296547944,152
azure,azure_storage_reads,false,200,1596296547944,1596296548171,226
azure,azure_storage_reads,false,200,1596296548171,1596296548339,167
azure,azure_storage_reads,false,200,1596296548339,1596296548538,198
azure,azure_storage_reads,false,200,1596296548538,1596296548736,197
azure,azure_storage_reads,false,200,1596296548736,1596296548947,210
azure,azure_storage_reads,false,200,1596296548947,1596296549132,184
azure,azure_storage_reads,false,200,1596296549132,1596296549279,146
azure,azure_storage_reads,false,200,1596296549279,1596296549452,173
azure,azure_storage_reads,false,200,1596296549452,1596296549660,208
azure,azure_storage_reads,false,200,1596296549660,1596296549869,208
azure,azure_storage_reads,false,200,1596296549869,1596296550054,184
azure,azure_storage_reads,false,200,1596296550054,1596296550213,158
azure,azure_storage_reads,false,200,1596296550213,1596296550394,180
azure,azure_storage_reads,false,200,1596296550394,1596296550668,273
azure,azure_storage_reads,false,200,1596296550668,1596296550832,163
azure,azure_storage_reads,false,200,1596296550832,1596296551023,190
azure,azure_storage_reads,false,200,1596296551023,1596296551424,400
azure,azure_storage_reads,false,200,1596296551424,1596296551622,198
azure,azure_storage_reads,false,200,1596296551622,1596296551811,188
azure,azure_storage_reads,false,200,1596296551811,1596296551987,175
azure,azure_storage_reads,false,200,1596296551987,1596296552195,207
azure,azure_storage_reads,false,200,1596296552195,1596296552410,214
azure,azure_storage_reads,false,200,1596296552410,1596296552581,170
azure,azure_storage_reads,false,200,1596296552581,1596296553142,560
azure,azure_storage_reads,false,200,1596296553142,1596296553317,174
azure,azure_storage_reads,false,200,1596296553317,1596296553479,161
azure,azure_storage_reads,false,200,1596296553479,1596296553667,187
azure,azure_storage_reads,false,200,1596296553667,1596296553912,245
azure,azure_storage_reads,false,200,1596296553912,1596296554058,145
azure,azure_storage_reads,false,200,1596296554058,1596296554251,192
azure,azure_storage_reads,false,200,1596296554251,1596296554441,190
azure,azure_storage_reads,false,200,1596296554441,1596296554747,305
azure,azure_storage_reads,false,200,1596296554747,1596296554993,245
azure,azure_storage_reads,false,200,1596296554993,1596296555180,186
azure,azure_storage_reads,false,200,1596296555180,1596296555351,170
azure,azure_storage_reads,false,200,1596296555351,1596296555568,216
azure,azure_storage_reads,false,200,1596296555568,1596296555752,183
azure,azure_storage_reads,false,200,1596296555752,1596296555933,180
azure,azure_storage_reads,false,200,1596296555933,1596296556119,185
azure,azure_storage_reads,false,200,1596296556119,1596296556298,178
azure,azure_storage_reads,false,200,1596296556298,1596296556482,183
azure,azure_storage_reads,false,200,1596296556482,1596296556641,158
azure,azure_storage_reads,false,200,1596296556641,1596296556842,200
azure,azure_storage_reads,false,200,1596296556842,1596296557026,183
azure,azure_storage_reads,false,200,1596296557026,1596296557250,223
azure,azure_storage_reads,false,200,1596296557250,1596296557399,148
azure,azure_storage_reads,false,200,1596296557399,1596296557580,180
azure,azure_storage_reads,false,200,1596296557580,1596296557796,215
azure,azure_storage_reads,false,200,1596296557796,1596296557994,197
azure,azure_storage_reads,false,200,1596296557994,1596296558162,167
azure,azure_storage_reads,false,200,1596296558162,1596296558335,172
azure,azure_storage_reads,false,200,1596296558335,1596296558553,217
azure,azure_storage_reads,false,200,1596296558553,1596296558746,192
azure,azure_storage_reads,false,200,1596296558746,1596296558962,215
azure,azure_storage_reads,false,200,1596296558962,1596296559131,168
azure,azure_storage_reads,false,200,1596296559131,1596296559331,199
azure,azure_storage_reads,false,200,1596296559331,1596296559520,188
azure,azure_storage_reads,false,200,1596296559520,1596296559685,164
azure,azure_storage_reads,false,200,1596296559685,1596296559872,186
azure,azure_storage_reads,false,200,1596296559872,1596296560035,162
azure,azure_storage_reads,false,200,1596296560035,1596296560202,166
azure,azure_storage_reads,false,200,1596296560202,1596296560364,161
azure,azure_storage_reads,false,200,1596296560364,1596296560549,184
azure,azure_storage_reads,false,200,1596296560549,1596296560755,205
azure,azure_storage_reads,false,200,1596296560755,1596296560948,192
azure,azure_storage_reads,false,200,1596296560948,1596296561223,274
azure,azure_storage_reads,false,200,1596296561223,1596296561383,159
azure,azure_storage_reads,false,200,1596296561383,1596296561534,150
azure,azure_storage_reads,false,200,1596296561534,1596296561739,204
azure,azure_storage_reads,false,200,1596296561739,1596296561940,200
azure,azure_storage_reads,false,200,1596296561940,1596296562188,247
azure,azure_storage_reads,false,200,1596296562188,1596296562385,196
azure,azure_storage_reads,false,200,1596296562385,1596296562536,150
azure,azure_storage_reads,false,200,1596296562536,1596296562703,166
azure,azure_storage_reads,false,200,1596296562703,1596296562963,259
azure,azure_storage_reads,false,200,1596296562963,1596296563222,258
azure,azure_storage_reads,false,200,1596296563222,1596296563440,217
azure,azure_storage_reads,false,200,1596296563440,1596296563669,228
azure,azure_storage_reads,false,200,1596296563669,1596296563818,148
azure,azure_storage_reads,false,200,1596296563818,1596296563979,160
azure,azure_storage_reads,false,200,1596296563979,1596296564203,223
azure,azure_storage_reads,false,200,1596296564203,1596296564388,184
azure,azure_storage_reads,false,200,1596296564388,1596296564630,241
azure,azure_storage_reads,false,200,1596296564630,1596296564800,169
azure,azure_storage_reads,false,200,1596296564800,1596296564987,186
azure,azure_storage_reads,false,200,1596296564987,1596296565153,165
azure,azure_storage_reads,false,200,1596296565153,1596296565326,172
azure,azure_storage_reads,false,200,1596296565326,1596296565503,176
azure,azure_storage_reads,false,200,1596296565503,1596296565655,151
azure,azure_storage_reads,false,200,1596296565655,1596296565800,144
azure,azure_storage_reads,false,200,1596296565800,1596296565990,189
azure,azure_storage_reads,false,200,1596296565990,1596296566183,192
azure,azure_storage_reads,false,200,1596296566183,1596296566394,211
azure,azure_storage_reads,false,200,1596296566394,1596296566689,294
azure,azure_storage_reads,false,200,1596296566689,1596296566848,158
azure,azure_storage_reads,false,200,1596296566848,1596296567009,160
azure,azure_storage_reads,false,200,1596296567009,1596296567211,201
azure,azure_storage_reads,false,200,1596296567211,1596296567365,153
azure,azure_storage_reads,false,200,1596296567365,1596296567575,209
azure,azure_storage_reads,false,200,1596296567575,1596296567754,178
azure,azure_storage_reads,false,200,1596296567754,1596296567931,176
azure,azure_storage_reads,false,200,1596296567931,1596296568131,199
azure,azure_storage_reads,false,200,1596296568131,1596296568322,190
azure,azure_storage_reads,false,200,1596296568322,1596296569012,689
azure,azure_storage_reads,false,200,1596296569012,1596296569248,235
azure,azure_storage_reads,false,200,1596296569248,1596296569418,169
azure,azure_storage_reads,false,200,1596296569418,1596296569585,166
azure,azure_storage_reads,false,200,1596296569585,1596296569739,153
azure,azure_storage_reads,false,200,1596296569739,1596296569929,189
azure,azure_storage_reads,false,200,1596296569929,1596296570120,191
azure,azure_storage_reads,false,200,1596296570120,1596296570295,174
azure,azure_storage_reads,false,200,1596296570295,1596296570451,155
azure,azure_storage_reads,false,200,1596296570451,1596296570653,201
azure,azure_storage_reads,false,200,1596296570653,1596296570842,188
azure,azure_storage_reads,false,200,1596296570842,1596296571042,199
azure,azure_storage_reads,false,200,1596296571042,1596296571211,168
azure,azure_storage_reads,false,200,1596296571211,1596296571399,187
azure,azure_storage_reads,false,200,1596296571399,1596296571596,196
azure,azure_storage_reads,false,200,1596296571596,1596296571758,161
azure,azure_storage_reads,false,200,1596296571758,1596296571950,191
azure,azure_storage_reads,false,200,1596296571950,1596296572142,191
azure,azure_storage_reads,false,200,1596296572142,1596296572326,183
azure,azure_storage_reads,false,200,1596296572326,1596296572511,184
azure,azure_storage_reads,false,200,1596296572511,1596296572720,209
azure,azure_storage_reads,false,200,1596296572720,1596296572958,237
azure,azure_storage_reads,false,200,1596296572958,1596296573116,157
azure,azure_storage_reads,false,200,1596296573116,1596296573279,162
azure,azure_storage_reads,false,200,1596296573279,1596296573456,177
azure,azure_storage_reads,false,200,1596296573456,1596296573608,151
azure,azure_storage_reads,false,200,1596296573608,1596296573759,150
azure,azure_storage_reads,false,200,1596296573759,1596296573979,219
azure,azure_storage_reads,false,200,1596296573979,1596296574126,146
azure,azure_storage_reads,false,200,1596296574126,1596296574299,172
azure,azure_storage_reads,false,200,1596296574299,1596296574473,173
azure,azure_storage_reads,false,200,1596296574473,1596296574682,208
azure,azure_storage_reads,false,200,1596296574682,1596296574885,202
azure,azure_storage_reads,false,200,1596296574885,1596296575060,174
azure,azure_storage_reads,false,200,1596296575060,1596296575259,198
azure,azure_storage_reads,false,200,1596296575259,1596296575437,177
azure,azure_storage_reads,false,200,1596296575437,1596296575649,211
azure,azure_storage_reads,false,200,1596296575649,1596296575837,187
azure,azure_storage_reads,false,200,1596296575837,1596296576041,204
azure,azure_storage_reads,false,200,1596296576041,1596296576234,192
azure,azure_storage_reads,false,200,1596296576234,1596296576395,160
azure,azure_storage_reads,false,200,1596296576395,1596296576552,156
azure,azure_storage_reads,false,200,1596296576552,1596296576793,240
azure,azure_storage_reads,false,200,1596296576793,1596296576961,167
azure,azure_storage_reads,false,200,1596296576961,1596296577242,280
azure,azure_storage_reads,false,200,1596296577242,1596296577420,177
azure,azure_storage_reads,false,200,1596296577420,1596296577594,173
azure,azure_storage_reads,false,200,1596296577594,1596296577789,195
azure,azure_storage_reads,false,200,1596296577789,1596296577962,172
azure,azure_storage_reads,false,200,1596296577962,1596296578147,184
azure,azure_storage_reads,false,200,1596296578147,1596296578331,183
azure,azure_storage_reads,false,200,1596296578331,1596296578522,191
azure,azure_storage_reads,false,200,1596296578522,1596296578683,160
azure,azure_storage_reads,false,200,1596296578683,1596296578895,211
azure,azure_storage_reads,false,200,1596296578895,1596296579096,200
azure,azure_storage_reads,false,200,1596296579096,1596296579297,200
azure,azure_storage_reads,false,200,1596296579297,1596296579495,197
azure,azure_storage_reads,false,200,1596296579495,1596296579691,195
azure,azure_storage_reads,false,200,1596296579691,1596296579883,191
azure,azure_storage_reads,false,200,1596296579883,1596296580053,169
azure,azure_storage_reads,false,200,1596296580053,1596296580251,197
azure,azure_storage_reads,false,200,1596296580251,1596296580438,186
azure,azure_storage_reads,false,200,1596296580438,1596296580640,201
azure,azure_storage_reads,false,200,1596296580640,1596296580848,208
azure,azure_storage_reads,false,200,1596296580848,1596296581023,174
azure,azure_storage_reads,false,200,1596296581023,1596296581241,217
azure,azure_storage_reads,false,200,1596296581241,1596296581430,188
azure,azure_storage_reads,false,200,1596296581430,1596296581808,377
azure,azure_storage_reads,false,200,1596296581808,1596296581988,179
azure,azure_storage_reads,false,200,1596296581988,1596296582205,216
azure,azure_storage_reads,false,200,1596296582205,1596296582421,215
azure,azure_storage_reads,false,200,1596296582421,1596296582606,184
azure,azure_storage_reads,false,200,1596296582606,1596296582791,185
azure,azure_storage_reads,false,200,1596296582791,1596296583008,216
azure,azure_storage_reads,false,200,1596296583008,1596296583173,164
azure,azure_storage_reads,false,200,1596296583173,1596296583734,560
azure,azure_storage_reads,false,200,1596296583734,1596296583933,199
azure,azure_storage_reads,false,200,1596296583933,1596296584091,157
azure,azure_storage_reads,false,200,1596296584091,1596296584243,151
azure,azure_storage_reads,false,200,1596296584243,1596296584415,171
azure,azure_storage_reads,false,200,1596296584415,1596296584606,190
azure,azure_storage_reads,false,200,1596296584606,1596296584793,186
azure,azure_storage_reads,false,200,1596296584793,1596296584986,192
azure,azure_storage_reads,false,200,1596296584986,1596296585146,159
azure,azure_storage_reads,false,200,1596296585146,1596296585501,355
azure,azure_storage_reads,false,200,1596296585501,1596296585693,191
azure,azure_storage_reads,false,200,1596296585693,1596296585893,199
azure,azure_storage_reads,false,200,1596296585893,1596296586079,185
azure,azure_storage_reads,false,200,1596296586079,1596296586282,202
azure,azure_storage_reads,false,200,1596296586282,1596296586465,182
azure,azure_storage_reads,false,200,1596296586465,1596296586655,189
azure,azure_storage_reads,false,200,1596296586655,1596296586804,148
azure,azure_storage_reads,false,200,1596296586804,1596296587064,259
azure,azure_storage_reads,false,200,1596296587064,1596296587262,198
azure,azure_storage_reads,false,200,1596296587262,1596296587458,195
azure,azure_storage_reads,false,200,1596296587458,1596296587599,140
azure,azure_storage_reads,false,200,1596296587599,1596296587786,187
azure,azure_storage_reads,false,200,1596296587786,1596296587957,170
azure,azure_storage_reads,false,200,1596296587957,1596296588266,309
azure,azure_storage_reads,false,200,1596296588266,1596296588437,170
azure,azure_storage_reads,false,200,1596296588437,1596296588621,183
azure,azure_storage_reads,false,200,1596296588621,1596296588944,322
azure,azure_storage_reads,false,200,1596296588944,1596296589136,191
azure,azure_storage_reads,false,200,1596296589136,1596296589297,160
azure,azure_storage_reads,false,200,1596296589297,1596296589525,227
azure,azure_storage_reads,false,200,1596296589525,1596296589713,187
azure,azure_storage_reads,false,200,1596296589713,1596296589888,174
azure,azure_storage_reads,false,200,1596296589888,1596296590091,202
azure,azure_storage_reads,false,200,1596296590091,1596296590257,165
azure,azure_storage_reads,false,200,1596296590257,1596296590411,153
azure,azure_storage_reads,false,200,1596296590411,1596296590576,164
azure,azure_storage_reads,false,200,1596296590576,1596296590742,165
azure,azure_storage_reads,false,200,1596296590742,1596296590922,179
azure,azure_storage_reads,false,200,1596296590922,1596296591121,198
azure,azure_storage_reads,false,200,1596296591121,1596296591327,205
azure,azure_storage_reads,false,200,1596296591327,1596296591510,182
azure,azure_storage_reads,false,200,1596296591510,1596296591720,209
azure,azure_storage_reads,false,200,1596296591720,1596296591873,153
azure,azure_storage_reads,false,200,1596296591873,1596296592065,191
azure,azure_storage_reads,false,200,1596296592065,1596296592272,206
azure,azure_storage_reads,false,200,1596296592272,1596296592439,166
azure,azure_storage_reads,false,200,1596296592439,1596296592642,202
azure,azure_storage_reads,false,200,1596296592642,1596296592818,175
azure,azure_storage_reads,false,200,1596296592818,1596296593006,187
azure,azure_storage_reads,false,200,1596296593006,1596296593190,183
azure,azure_storage_reads,false,200,1596296593190,1596296593393,202
azure,azure_storage_reads,false,200,1596296593393,1596296593569,175
azure,azure_storage_reads,false,200,1596296593569,1596296593737,167
azure,azure_storage_reads,false,200,1596296593737,1596296593970,232
azure,azure_storage_reads,false,200,1596296593970,1596296594153,182
azure,azure_storage_reads,false,200,1596296594153,1596296594359,205
azure,azure_storage_reads,false,200,1596296594359,1596296594518,158
azure,azure_storage_reads,false,200,1596296594518,1596296594730,212
azure,azure_storage_reads,false,200,1596296594730,1596296594910,179
azure,azure_storage_reads,false,200,1596296594910,1596296595082,171
azure,azure_storage_reads,false,200,1596296595082,1596296595271,188
azure,azure_storage_reads,false,200,1596296595271,1596296595459,187
azure,azure_storage_reads,false,200,1596296595459,1596296595657,198
azure,azure_storage_reads,false,200,1596296595657,1596296595876,218
azure,azure_storage_reads,false,200,1596296595876,1596296596087,210
azure,azure_storage_reads,false,200,1596296596087,1596296596241,154
azure,azure_storage_reads,false,200,1596296596241,1596296596426,184
azure,azure_storage_reads,false,200,1596296596426,1596296596617,190
azure,azure_storage_reads,false,200,1596296596617,1596296596785,167
azure,azure_storage_reads,false,200,1596296596785,1596296596953,167
azure,azure_storage_reads,false,200,1596296596953,1596296597125,171
azure,azure_storage_reads,false,200,1596296597125,1596296597316,190
azure,azure_storage_reads,false,200,1596296597316,1596296597522,205
azure,azure_storage_reads,false,200,1596296597522,1596296597667,144
azure,azure_storage_reads,false,200,1596296597667,1596296597846,178
azure,azure_storage_reads,false,200,1596296597846,1596296598181,334
azure,azure_storage_reads,false,200,1596296598181,1596296598384,202
azure,azure_storage_reads,false,200,1596296598384,1596296598613,228
azure,azure_storage_reads,false,200,1596296598613,1596296598775,161
azure,azure_storage_reads,false,200,1596296598775,1596296598929,153
azure,azure_storage_reads,false,200,1596296598929,1596296599114,184
azure,azure_storage_reads,false,200,1596296599114,1596296599302,187
azure,azure_storage_reads,false,200,1596296599302,1596296599459,156
azure,azure_storage_reads,false,200,1596296599459,1596296599640,180
azure,azure_storage_reads,false,200,1596296599640,1596296599830,189
azure,azure_storage_reads,false,200,1596296599830,1596296600007,176
azure,azure_storage_reads,false,200,1596296600007,1596296600196,188
azure,azure_storage_reads,false,200,1596296600196,1596296600402,205
azure,azure_storage_reads,false,200,1596296600402,1596296600625,222
azure,azure_storage_reads,false,200,1596296600625,1596296600866,241
azure,azure_storage_reads,false,200,1596296600866,1596296601043,176
azure,azure_storage_reads,false,200,1596296601043,1596296601237,193
azure,azure_storage_reads,false,200,1596296601237,1596296601429,191
azure,azure_storage_reads,false,200,1596296601429,1596296601608,178
azure,azure_storage_reads,false,200,1596296601608,1596296601815,206
azure,azure_storage_reads,false,200,1596296601815,1596296602010,194
azure,azure_storage_reads,false,200,1596296602010,1596296602168,157
azure,azure_storage_reads,false,200,1596296602168,1596296602363,194
azure,azure_storage_reads,false,200,1596296602363,1596296602566,202
azure,azure_storage_reads,false,200,1596296602566,1596296602794,227
azure,azure_storage_reads,false,200,1596296602794,1596296603009,214
azure,azure_storage_reads,false,200,1596296603009,1596296603215,205
azure,azure_storage_reads,false,200,1596296603215,1596296603410,194
azure,azure_storage_reads,false,200,1596296603410,1596296603601,190
azure,azure_storage_reads,false,200,1596296603601,1596296603842,240
azure,azure_storage_reads,false,200,1596296603842,1596296604018,175
azure,azure_storage_reads,false,200,1596296604018,1596296604214,195
azure,azure_storage_reads,false,200,1596296604214,1596296604389,174
azure,azure_storage_reads,false,200,1596296604389,1596296604573,183
azure,azure_storage_reads,false,200,1596296604573,1596296604762,188
azure,azure_storage_reads,false,200,1596296604762,1596296604925,163
azure,azure_storage_reads,false,200,1596296604925,1596296605126,200
azure,azure_storage_reads,false,200,1596296605126,1596296605296,169
azure,azure_storage_reads,false,200,1596296605296,1596296605468,171
azure,azure_storage_reads,false,200,1596296605468,1596296605669,201
azure,azure_storage_reads,false,200,1596296605669,1596296605884,214
azure,azure_storage_reads,false,200,1596296605884,1596296606086,201
azure,azure_storage_reads,false,200,1596296606086,1596296606281,194
azure,azure_storage_reads,false,200,1596296606281,1596296606460,178
azure,azure_storage_reads,false,200,1596296606460,1596296606639,178
azure,azure_storage_reads,false,200,1596296606639,1596296607001,361
azure,azure_storage_reads,false,200,1596296607001,1596296607176,174
azure,azure_storage_reads,false,200,1596296607176,1596296607321,144
azure,azure_storage_reads,false,200,1596296607321,1596296607517,195
azure,azure_storage_reads,false,200,1596296607517,1596296607708,190
azure,azure_storage_reads,false,200,1596296607708,1596296607926,217
azure,azure_storage_reads,false,200,1596296607926,1596296608153,226
azure,azure_storage_reads,false,200,1596296608153,1596296608344,190
azure,azure_storage_reads,false,200,1596296608344,1596296608535,190
azure,azure_storage_reads,false,200,1596296608535,1596296608749,213
azure,azure_storage_reads,false,200,1596296608749,1596296608921,171
azure,azure_storage_reads,false,200,1596296608921,1596296609096,174
azure,azure_storage_reads,false,200,1596296609096,1596296609288,191
azure,azure_storage_reads,false,200,1596296609288,1596296609479,190
azure,azure_storage_reads,false,200,1596296609479,1596296609678,198
azure,azure_storage_reads,false,200,1596296609678,1596296609901,222
azure,azure_storage_reads,false,200,1596296609901,1596296610052,150
azure,azure_storage_reads,false,200,1596296610052,1596296610255,202
azure,azure_storage_reads,false,200,1596296610255,1596296610462,207
azure,azure_storage_reads,false,200,1596296610462,1596296610634,172
azure,azure_storage_reads,false,200,1596296610634,1596296610835,200
azure,azure_storage_reads,false,200,1596296610835,1596296611085,249
azure,azure_storage_reads,false,200,1596296611085,1596296611259,173
azure,azure_storage_reads,false,200,1596296611259,1596296611459,200
azure,azure_storage_reads,false,200,1596296611459,1596296611642,182
azure,azure_storage_reads,false,200,1596296611642,1596296611832,189
azure,azure_storage_reads,false,200,1596296611832,1596296612071,238
azure,azure_storage_reads,false,200,1596296612071,1596296612263,192
azure,azure_storage_reads,false,200,1596296612263,1596296612458,194
azure,azure_storage_reads,false,200,1596296612458,1596296612610,151
azure,azure_storage_reads,false,200,1596296612610,1596296612823,212
azure,azure_storage_reads,false,200,1596296612823,1596296613026,202
azure,azure_storage_reads,false,200,1596296613026,1596296613273,246
azure,azure_storage_reads,false,200,1596296613273,1596296613427,153
azure,azure_storage_reads,false,200,1596296613427,1596296613623,195
azure,azure_storage_reads,false,200,1596296613623,1596296613815,191
azure,azure_storage_reads,false,200,1596296613815,1596296614013,197
azure,azure_storage_reads,false,200,1596296614013,1596296614212,198
azure,azure_storage_reads,false,200,1596296614212,1596296614384,171
azure,azure_storage_reads,false,200,1596296614384,1596296614580,195
azure,azure_storage_reads,false,200,1596296614580,1596296614786,205
azure,azure_storage_reads,false,200,1596296614786,1596296614981,194
azure,azure_storage_reads,false,200,1596296614981,1596296615196,214
azure,azure_storage_reads,false,200,1596296615196,1596296615378,181
azure,azure_storage_reads,false,200,1596296615378,1596296615535,156
azure,azure_storage_reads,false,200,1596296615535,1596296615692,156
azure,azure_storage_reads,false,200,1596296615692,1596296615880,187
azure,azure_storage_reads,false,200,1596296615880,1596296616084,203
azure,azure_storage_reads,false,200,1596296616084,1596296616253,168
azure,azure_storage_reads,false,200,1596296616253,1596296616429,175
azure,azure_storage_reads,false,200,1596296616429,1596296616621,191
azure,azure_storage_reads,false,200,1596296616621,1596296616811,189
azure,azure_storage_reads,false,200,1596296616811,1596296617008,196
azure,azure_storage_reads,false,200,1596296617008,1596296617187,178
azure,azure_storage_reads,false,200,1596296617187,1596296617366,178
azure,azure_storage_reads,false,200,1596296617366,1596296617533,167
azure,azure_storage_reads,false,200,1596296617533,1596296617733,200
azure,azure_storage_reads,false,200,1596296617733,1596296618070,336
azure,azure_storage_reads,false,200,1596296618070,1596296618257,187
azure,azure_storage_reads,false,200,1596296618257,1596296618440,182
azure,azure_storage_reads,false,200,1596296618440,1596296618648,207
azure,azure_storage_reads,false,200,1596296618648,1596296618848,199
azure,azure_storage_reads,false,200,1596296618848,1596296619052,203
azure,azure_storage_reads,false,200,1596296619052,1596296619246,193
azure,azure_storage_reads,false,200,1596296619246,1596296619431,184
azure,azure_storage_reads,false,200,1596296619431,1596296619625,193
azure,azure_storage_reads,false,200,1596296619625,1596296619809,183
azure,azure_storage_reads,false,200,1596296619809,1596296620003,193
azure,azure_storage_reads,false,200,1596296620003,1596296620174,170
azure,azure_storage_reads,false,200,1596296620174,1596296620360,185
azure,azure_storage_reads,false,200,1596296620360,1596296620595,234
azure,azure_storage_reads,false,200,1596296620595,1596296620783,187
azure,azure_storage_reads,false,200,1596296620783,1596296620980,196
azure,azure_storage_reads,false,200,1596296620980,1596296621167,186
azure,azure_storage_reads,false,200,1596296621167,1596296621486,318
azure,azure_storage_reads,false,200,1596296621486,1596296621689,202
azure,azure_storage_reads,false,200,1596296621689,1596296622233,543
azure,azure_storage_reads,false,200,1596296622233,1596296622448,214
azure,azure_storage_reads,false,200,1596296622448,1596296622620,171
azure,azure_storage_reads,false,200,1596296622620,1596296622821,200
azure,azure_storage_reads,false,200,1596296622821,1596296622984,162
azure,azure_storage_reads,false,200,1596296622984,1596296623211,226
azure,azure_storage_reads,false,200,1596296623211,1596296623391,179
azure,azure_storage_reads,false,200,1596296623391,1596296623557,165
azure,azure_storage_reads,false,200,1596296623557,1596296623746,188
azure,azure_storage_reads,false,200,1596296623746,1596296623934,187
azure,azure_storage_reads,false,200,1596296623934,1596296624266,332
azure,azure_storage_reads,false,200,1596296624266,1596296624473,206
azure,azure_storage_reads,false,200,1596296624473,1596296624680,206
azure,azure_storage_reads,false,200,1596296624680,1596296624866,185
azure,azure_storage_reads,false,200,1596296624866,1596296625060,193
azure,azure_storage_reads,false,200,1596296625060,1596296625220,159
azure,azure_storage_reads,false,200,1596296625220,1596296625508,287
azure,azure_storage_reads,false,200,1596296625508,1596296625848,339
azure,azure_storage_reads,false,200,1596296625848,1596296626055,206
azure,azure_storage_reads,false,200,1596296626055,1596296626197,141
azure,azure_storage_reads,false,200,1596296626197,1596296626388,191
azure,azure_storage_reads,false,200,1596296626388,1596296626583,194
azure,azure_storage_reads,false,200,1596296626583,1596296626738,154
azure,azure_storage_reads,false,200,1596296626738,1596296626987,249
azure,azure_storage_reads,false,200,1596296626987,1596296627181,193
azure,azure_storage_reads,false,200,1596296627181,1596296627692,510
azure,azure_storage_reads,false,200,1596296627692,1596296627970,277
azure,azure_storage_reads,false,200,1596296627970,1596296628169,198
azure,azure_storage_reads,false,200,1596296628169,1596296628356,186
azure,azure_storage_reads,false,200,1596296628356,1596296628535,178
azure,azure_storage_reads,false,200,1596296628535,1596296628790,254
azure,azure_storage_reads,false,200,1596296628790,1596296628971,180
azure,azure_storage_reads,false,200,1596296628971,1596296629249,277
azure,azure_storage_reads,false,200,1596296629249,1596296629450,200
azure,azure_storage_reads,false,200,1596296629450,1596296629612,161
azure,azure_storage_reads,false,200,1596296629612,1596296629793,180
azure,azure_storage_reads,false,200,1596296629793,1596296629979,185
azure,azure_storage_reads,false,200,1596296629979,1596296630165,185
azure,azure_storage_reads,false,200,1596296630165,1596296630362,197
azure,azure_storage_reads,false,200,1596296630362,1596296630571,208
azure,azure_storage_reads,false,200,1596296630571,1596296630794,222
azure,azure_storage_reads,false,200,1596296630794,1596296630982,187
azure,azure_storage_reads,false,200,1596296630982,1596296631167,184
azure,azure_storage_reads,false,200,1596296631167,1596296631365,197
azure,azure_storage_reads,false,200,1596296631365,1596296631521,155
azure,azure_storage_reads,false,200,1596296631521,1596296631676,154
azure,azure_storage_reads,false,200,1596296631676,1596296631929,252
azure,azure_storage_reads,false,200,1596296631929,1596296632128,198
azure,azure_storage_reads,false,200,1596296632128,1596296632321,192
azure,azure_storage_reads,false,200,1596296632321,1596296632611,289
azure,azure_storage_reads,false,200,1596296632611,1596296632809,197
azure,azure_storage_reads,false,200,1596296632809,1596296632972,162
azure,azure_storage_reads,false,200,1596296632972,1596296633138,165
azure,azure_storage_reads,false,200,1596296633138,1596296633300,161
azure,azure_storage_reads,false,200,1596296633300,1596296633476,175
azure,azure_storage_reads,false,200,1596296633476,1596296633647,170
azure,azure_storage_reads,false,200,1596296633647,1596296633791,143
azure,azure_storage_reads,false,200,1596296633791,1596296633987,195
azure,azure_storage_reads,false,200,1596296633987,1596296634148,160
azure,azure_storage_reads,false,200,1596296634148,1596296634339,190
azure,azure_storage_reads,false,200,1596296634339,1596296634546,206
azure,azure_storage_reads,false,200,1596296634546,1596296634703,156
azure,azure_storage_reads,false,200,1596296634703,1596296634893,189
azure,azure_storage_reads,false,200,1596296634893,1596296635176,282
azure,azure_storage_reads,false,200,1596296635176,1596296635380,203
azure,azure_storage_reads,false,200,1596296635380,1596296635569,188
azure,azure_storage_reads,false,200,1596296635569,1596296635721,151
azure,azure_storage_reads,false,200,1596296635721,1596296635908,186
azure,azure_storage_reads,false,200,1596296635908,1596296636059,150
azure,azure_storage_reads,false,200,1596296636059,1596296636240,180
azure,azure_storage_reads,false,200,1596296636240,1596296636441,200
azure,azure_storage_reads,false,200,1596296636441,1596296636634,192
azure,azure_storage_reads,false,200,1596296636634,1596296636790,155
azure,azure_storage_reads,false,200,1596296636790,1596296636960,169
azure,azure_storage_reads,false,200,1596296636960,1596296637186,225
azure,azure_storage_reads,false,200,1596296637186,1596296637349,162
azure,azure_storage_reads,false,200,1596296637349,1596296637530,180
azure,azure_storage_reads,false,200,1596296637530,1596296637692,161
azure,azure_storage_reads,false,200,1596296637692,1596296637912,219
azure,azure_storage_reads,false,200,1596296637912,1596296638092,179
azure,azure_storage_reads,false,200,1596296638092,1596296638241,148
azure,azure_storage_reads,false,200,1596296638241,1596296638423,181
azure,azure_storage_reads,false,200,1596296638423,1596296638609,185
azure,azure_storage_reads,false,200,1596296638609,1596296638793,183
azure,azure_storage_reads,false,200,1596296638793,1596296638940,147
azure,azure_storage_reads,false,200,1596296638940,1596296639095,154
azure,azure_storage_reads,false,200,1596296639095,1596296639298,202
azure,azure_storage_reads,false,200,1596296639298,1596296639469,171
azure,azure_storage_reads,false,200,1596296639469,1596296639658,188
azure,azure_storage_reads,false,200,1596296639658,1596296639852,193
azure,azure_storage_reads,false,200,1596296639852,1596296640068,216
azure,azure_storage_reads,false,200,1596296640068,1596296640270,201
azure,azure_storage_reads,false,200,1596296640270,1596296640462,191
azure,azure_storage_reads,false,200,1596296640462,1596296640632,169
azure,azure_storage_reads,false,200,1596296640632,1596296640832,199
azure,azure_storage_reads,false,200,1596296640832,1596296641016,183
azure,azure_storage_reads,false,200,1596296641016,1596296641183,166
azure,azure_storage_reads,false,200,1596296641183,1596296641370,186
azure,azure_storage_reads,false,200,1596296641370,1596296641544,173
azure,azure_storage_reads,false,200,1596296641544,1596296641696,151
azure,azure_storage_reads,false,200,1596296641696,1596296641929,232
azure,azure_storage_reads,false,200,1596296641929,1596296642191,261
azure,azure_storage_reads,false,200,1596296642191,1596296642351,159
azure,azure_storage_reads,false,200,1596296642351,1596296642568,217
azure,azure_storage_reads,false,200,1596296642568,1596296642777,208
azure,azure_storage_reads,false,200,1596296642777,1596296642978,200
azure,azure_storage_reads,false,200,1596296642978,1596296643156,178
azure,azure_storage_reads,false,200,1596296643156,1596296643321,164
azure,azure_storage_reads,false,200,1596296643321,1596296643527,205
azure,azure_storage_reads,false,200,1596296643527,1596296643710,182
azure,azure_storage_reads,false,200,1596296643710,1596296643906,195
azure,azure_storage_reads,false,200,1596296643906,1596296644058,151
azure,azure_storage_reads,false,200,1596296644058,1596296644278,219
azure,azure_storage_reads,false,200,1596296644278,1596296644436,157
azure,azure_storage_reads,false,200,1596296644436,1596296644625,188
azure,azure_storage_reads,false,200,1596296644625,1596296644792,166
azure,azure_storage_reads,false,200,1596296644792,1596296644980,187
azure,azure_storage_reads,false,200,1596296644980,1596296645210,229
azure,azure_storage_reads,false,200,1596296645210,1596296645418,207
azure,azure_storage_reads,false,200,1596296645418,1596296645615,196
azure,azure_storage_reads,false,200,1596296645615,1596296645826,210
azure,azure_storage_reads,false,200,1596296645826,1596296645974,147
azure,azure_storage_reads,false,200,1596296645974,1596296646180,205
azure,azure_storage_reads,false,200,1596296646180,1596296646359,178
azure,azure_storage_reads,false,200,1596296646359,1596296646520,161
azure,azure_storage_reads,false,200,1596296646520,1596296646707,186
azure,azure_storage_reads,false,200,1596296646707,1596296646945,237
azure,azure_storage_reads,false,200,1596296646945,1596296647099,153
azure,azure_storage_reads,false,200,1596296647099,1596296647308,208
azure,azure_storage_reads,false,200,1596296647308,1596296647517,208
azure,azure_storage_reads,false,200,1596296647517,1596296647851,333
azure,azure_storage_reads,false,200,1596296647851,1596296647997,145
azure,azure_storage_reads,false,200,1596296647997,1596296648138,140
azure,azure_storage_reads,false,200,1596296648138,1596296648315,176
azure,azure_storage_reads,false,200,1596296648315,1596296648497,181
azure,azure_storage_reads,false,200,1596296648497,1596296648675,177
azure,azure_storage_reads,false,200,1596296648675,1596296648858,182
azure,azure_storage_reads,false,200,1596296648858,1596296649102,243
azure,azure_storage_reads,false,200,1596296649102,1596296649255,153
azure,azure_storage_reads,false,200,1596296649255,1596296649465,209
azure,azure_storage_reads,false,200,1596296649465,1596296649634,168
azure,azure_storage_reads,false,200,1596296649634,1596296649837,202
azure,azure_storage_reads,false,200,1596296649837,1596296650022,184
azure,azure_storage_reads,false,200,1596296650022,1596296650213,190
azure,azure_storage_reads,false,200,1596296650213,1596296650365,152
azure,azure_storage_reads,false,200,1596296650365,1596296650554,189
azure,azure_storage_reads,false,200,1596296650554,1596296650753,198
azure,azure_storage_reads,false,200,1596296650753,1596296650955,201
azure,azure_storage_reads,false,200,1596296650955,1596296651156,200
azure,azure_storage_reads,false,200,1596296651156,1596296651344,187
azure,azure_storage_reads,false,200,1596296651344,1596296651534,189
azure,azure_storage_reads,false,200,1596296651534,1596296651741,206
azure,azure_storage_reads,false,200,1596296651741,1596296651892,150
azure,azure_storage_reads,false,200,1596296651892,1596296652058,165
azure,azure_storage_reads,false,200,1596296652058,1596296652229,170
azure,azure_storage_reads,false,200,1596296652229,1596296652418,188
azure,azure_storage_reads,false,200,1596296652418,1596296652598,179
azure,azure_storage_reads,false,200,1596296652598,1596296652768,169
azure,azure_storage_reads,false,200,1596296652768,1596296653114,345
azure,azure_storage_reads,false,200,1596296653114,1596296653283,168
azure,azure_storage_reads,false,200,1596296653283,1596296653463,179
azure,azure_storage_reads,false,200,1596296653463,1596296653653,189
azure,azure_storage_reads,false,200,1596296653653,1596296653840,186
azure,azure_storage_reads,false,200,1596296653840,1596296654033,192
azure,azure_storage_reads,false,200,1596296654033,1596296654229,195
azure,azure_storage_reads,false,200,1596296654229,1596296654378,148
azure,azure_storage_reads,false,200,1596296654378,1596296654560,181
azure,azure_storage_reads,false,200,1596296654560,1596296654770,209
azure,azure_storage_reads,false,200,1596296654770,1596296654990,220
azure,azure_storage_reads,false,200,1596296654990,1596296655153,162
azure,azure_storage_reads,false,200,1596296655153,1596296655375,221
azure,azure_storage_reads,false,200,1596296655375,1596296655524,148
azure,azure_storage_reads,false,200,1596296655524,1596296655670,145
azure,azure_storage_reads,false,200,1596296655670,1596296655823,153
azure,azure_storage_reads,false,200,1596296655823,1596296656030,206
azure,azure_storage_reads,false,200,1596296656030,1596296656199,168
azure,azure_storage_reads,false,200,1596296656199,1596296656366,166
azure,azure_storage_reads,false,200,1596296656366,1596296656563,196
azure,azure_storage_reads,false,200,1596296656563,1596296656761,197
azure,azure_storage_reads,false,200,1596296656761,1596296657008,246
azure,azure_storage_reads,false,200,1596296657008,1596296657213,204
azure,azure_storage_reads,false,200,1596296657213,1596296657396,182
azure,azure_storage_reads,false,200,1596296657396,1596296657578,181
azure,azure_storage_reads,false,200,1596296657578,1596296657769,190
azure,azure_storage_reads,false,200,1596296657769,1596296658116,347
azure,azure_storage_reads,false,200,1596296658116,1596296658289,172
azure,azure_storage_reads,false,200,1596296658289,1596296658477,187
azure,azure_storage_reads,false,200,1596296658477,1596296658620,142
azure,azure_storage_reads,false,200,1596296658620,1596296658876,255
azure,azure_storage_reads,false,200,1596296658876,1596296659087,210
azure,azure_storage_reads,false,200,1596296659087,1596296659299,211
azure,azure_storage_reads,false,200,1596296659299,1596296659668,368
azure,azure_storage_reads,false,200,1596296659668,1596296659840,172
azure,azure_storage_reads,false,200,1596296659840,1596296660034,193
azure,azure_storage_reads,false,200,1596296660034,1596296660223,188
azure,azure_storage_reads,false,200,1596296660223,1596296660402,178
azure,azure_storage_reads,false,200,1596296660402,1596296660612,209
azure,azure_storage_reads,false,200,1596296660612,1596296660822,209
azure,azure_storage_reads,false,200,1596296660822,1596296661020,197
azure,azure_storage_reads,false,200,1596296661020,1596296661421,400
azure,azure_storage_reads,false,200,1596296661421,1596296661934,512
azure,azure_storage_reads,false,200,1596296661934,1596296662108,173
azure,azure_storage_reads,false,200,1596296662108,1596296662301,192
azure,azure_storage_reads,false,200,1596296662301,1596296662488,186
azure,azure_storage_reads,false,200,1596296662488,1596296662664,175
azure,azure_storage_reads,false,200,1596296662664,1596296662852,187
azure,azure_storage_reads,false,200,1596296662852,1596296663049,196
azure,azure_storage_reads,false,200,1596296663049,1596296663195,145
azure,azure_storage_reads,false,200,1596296663195,1596296663379,183
azure,azure_storage_reads,false,200,1596296663379,1596296663549,169
azure,azure_storage_reads,false,200,1596296663549,1596296663750,200
azure,azure_storage_reads,false,200,1596296663750,1596296663925,174
azure,azure_storage_reads,false,200,1596296663925,1596296664086,160
azure,azure_storage_reads,false,200,1596296664086,1596296664297,210
azure,azure_storage_reads,false,200,1596296664297,1596296664479,181
azure,azure_storage_reads,false,200,1596296664479,1596296664660,180
azure,azure_storage_reads,false,200,1596296664660,1596296664859,198
azure,azure_storage_reads,false,200,1596296664859,1596296665018,158
azure,azure_storage_reads,false,200,1596296665018,1596296665173,154
azure,azure_storage_reads,false,200,1596296665173,1596296665348,174
azure,azure_storage_reads,false,200,1596296665348,1596296665557,208
azure,azure_storage_reads,false,200,1596296665557,1596296665831,273